CommentID,PostID,UserID,ParentCommentID,Content,CreatedAt,UpdatedAt
429,42,74634cae-680b-4d85-bab8-9a9062fc4ee0,173,"Bạn @giang.ho49 có thể chia sẻ thêm về chi phí được không?,2025-09-14 03:20:26,2025-09-24 09:44:12
584,12,a47cdb13-8db0-4494-bf08-a08f41f97b02,245,"Mình cũng từng đến đó, cảnh đẹp thực sự nhưng dịch vụ chưa tốt lắm.",2023-05-20 09:33:57,2025-02-02 03:42:50
1480,45,a8255759-7882-4aef-8a4d-72c2db336798,1144,"Cảm ơn gợi ý của @tuan.vo26, mình sẽ cân nhắc địa điểm này.",2025-08-04 20:56:38,
540,2,72d7d5d0-90ce-45d6-aff6-594b45892680,449,"Mình vừa cập nhật xong, có vẻ mượt hơn nhưng hơi nóng máy.",2025-10-12 14:16:10,
1159,7,903d2e0b-4282-4864-bf5a-f93fbcb0548d,39,"Cảm ơn chia sẻ của @giang.vu12, rất hữu ích cho người mới như mình.",2025-09-23 02:33:38,2025-10-09 22:58:46
1041,9,3a9f9977-8f1f-4051-8b13-6a3ce848d0fa,733,"Tôi đồng ý với @huy.dang91, giai đoạn này nên cẩn trọng.",2025-08-03 11:52:05,2025-09-27 20:09:10
588,12,a47cdb13-8db0-4494-bf08-a08f41f97b02,,Mọi người nghĩ sao về thị trường chứng khoán tuần tới?,2023-12-18 07:31:21,2024-10-18 00:41:14
1016,9,f7917acf-8898-48f9-9230-807efbf161dd,243,"Mình không nghĩ vậy, @quan.ly98. Phong độ của họ khá thất thường.",2023-11-14 05:42:01,2024-12-09 09:38:46
1271,48,67110453-c058-44ab-9f08-5c921b596755,,Cầu thủ yêu thích của mọi người là ai?,2021-06-26 16:13:22,2022-02-18 12:30:35
1342,44,74c820c9-1b60-47da-ae3d-c78c21166412,335,"@viet.huynh65 nói có lý, đa dạng hóa danh mục là chiến lược an toàn nhất.",2025-09-07 06:13:03,2025-09-25 02:44:11
1731,33,a1b3e507-127b-4966-931e-49e72a9fd248,781,"@quan.tran70 nói có lý, đa dạng hóa danh mục là chiến lược an toàn nhất.",2024-10-22 20:11:42,
1413,39,ae60094a-ce56-42f6-8a10-a68c0b3858bc,,Ai có kinh nghiệm du lịch một mình không?,2022-05-16 03:08:38,2025-03-31 21:12:15
1954,29,32946ab7-b119-433b-82b1-d0b14ea7b46e,1121,"@trung.duong7, siêu phẩm của cầu thủ đó đúng là không thể tin được!",2025-10-06 10:23:23,2025-10-12 10:16:29
1583,41,f1c8d0c6-0d8a-4442-87f3-76a3350c696f,232,Bạn @nga.bui96 có thể chia sẻ thêm về chi phí được không?,2025-10-09 10:39:04,
1142,17,cbfb55b3-3380-4ef8-951b-8cb61c37e9d6,990,"Pin của máy này đúng là một điểm trừ lớn, @trung.phan13 ạ.",2025-01-29 20:53:30,2025-06-22 11:26:54
571,25,4f196b62-051a-4252-8f90-3f551a46764a,,Lãi suất tiết kiệm dạo này có vẻ không hấp dẫn lắm.,2025-02-22 16:17:12,2025-09-05 12:19:56
526,41,6f3311a2-30ea-47fc-816b-00a60a5793c2,477,"Mình nghĩ ngược lại, đây là cơ hội tốt để bắt đáy một số mã tiềm năng.",2025-07-20 22:19:38,2025-10-08 16:28:41
1024,4,6c2b17dc-1858-4419-8276-6599c7b6ed41,177,"Tôi đồng ý với @giang.ho49, giai đoạn này nên cẩn trọng.",2024-02-08 06:04:09,2024-06-27 19:57:06
476,41,068eab4c-e244-4067-a25b-5c39c4243335,193,"Tôi đồng ý với @trang.ho69, giai đoạn này nên cẩn trọng.",2024-11-21 17:16:57,2025-01-03 08:42:33
1396,5,e82426f4-ca2c-44a2-9725-ed860ac12326,1120,"@trung.duong7, siêu phẩm của cầu thủ đó đúng là không thể tin được!",2025-10-08 23:05:01,2025-10-11 08:17:00
1444,27,9d4cf3d6-6e24-4b32-a470-d1c9d7ee29a5,,Hè này nên đi biển nào đẹp mà vắng người nhỉ?,2023-05-31 01:49:38,2024-08-17 05:02:41
236,3,45d67185-7732-46ce-b99c-93197a66fb41,,Mẫu điện thoại mới ra mắt có đáng tiền không?,2025-03-03 23:00:13,
1781,1,c3b6ca30-981d-4d63-b9e6-bebe433bb0c1,36,"Mình không nghĩ vậy, @khanh.tran16. Phong độ của họ khá thất thường.",2024-05-03 08:19:57,2025-06-24 03:49:26
1756,27,c22e109c-a0b9-4658-9be1-5cb534b5abdd,1310,"Cảm ơn chia sẻ của @ngoc.ho30, rất hữu ích cho người mới như mình.",2025-04-17 09:53:29,2025-05-19 21:50:05
213,34,da97631f-a81c-4c05-b568-75b060d3146c,87,"@quan.ly33 nói có lý, đa dạng hóa danh mục là chiến lược an toàn nhất.",2024-10-03 00:55:02,2024-12-08 06:03:23
534,28,72d7d5d0-90ce-45d6-aff6-594b45892680,,Trận đấu tối qua mãn nhãn thật sự!,2022-11-17 11:11:57,2025-03-20 11:36:20
1231,11,97f9eaea-801b-44c2-99d2-119882ed170a,606,"Mình vừa cập nhật xong, có vẻ mượt hơn nhưng hơi nóng máy.",2025-09-30 09:58:50,2025-10-05 11:15:33
990,17,090e12ce-980c-4f11-8812-340313f78ed0,336,"Mình vừa cập nhật xong, có vẻ mượt hơn nhưng hơi nóng máy.",2024-11-22 14:31:45,2025-04-29 00:32:46
305,18,345fa40b-a3ba-4e25-9f11-e2887cfbfacb,,AI đang thay đổi thế giới nhanh hơn chúng ta tưởng.,2025-01-23 21:09:57,2025-08-25 18:54:31
69,5,6fa3fa03-a468-4ae0-8789-2f0d52493a6a,47,"Pin của máy này đúng là một điểm trừ lớn, @cuong.do38 ạ.",2025-09-19 12:43:46,2025-10-03 19:09:16
1616,36,0b5b8c26-f5e6-4918-94b6-97cb81144a1e,1405,"Mình cũng từng đến đó, cảnh đẹp thực sự nhưng dịch vụ chưa tốt lắm.",2025-09-10 06:47:34,2025-09-24 15:09:16
570,50,4f196b62-051a-4252-8f90-3f551a46764a,,Hệ điều hành mới cập nhật có lỗi gì không mọi người?,2024-05-15 00:53:03,2024-08-19 01:30:06
1804,4,4468bf7b-945c-46a2-a3dc-a29b8c8a0171,1286,"Pin của máy này đúng là một điểm trừ lớn, @giang.ho44 ạ.",2025-06-07 19:03:18,
1112,25,be74f3ec-3189-4022-b23f-1e59efe4bf85,,Hệ điều hành mới cập nhật có lỗi gì không mọi người?,2023-11-02 14:48:01,
1548,36,d0ae899a-a47e-40e7-a1d6-d1535cd14050,,"Có ai có kinh nghiệm đầu tư vàng không, chia sẻ cho mình với!",2021-12-28 16:52:41,2025-03-04 17:00:33
815,14,cb00707d-f5d5-4eda-883a-0e9c5fc13d05,,Hè này nên đi biển nào đẹp mà vắng người nhỉ?,2021-07-29 10:26:13,2023-11-09 13:46:48
1367,5,981e5ea6-b2ae-4aad-a217-f3999a1eca3b,,"Có ai có kinh nghiệm đầu tư vàng không, chia sẻ cho mình với!",2024-12-21 12:52:35,2025-02-12 10:58:11
432,14,74634cae-680b-4d85-bab8-9a9062fc4ee0,220,"Cảm ơn chia sẻ của @phong.bui21, rất hữu ích cho người mới như mình.",2025-10-12 11:13:00,
1712,45,470e881c-26f1-4872-8ce1-f347784a6267,,Mẫu điện thoại mới ra mắt có đáng tiền không?,2021-04-04 02:20:21,2023-01-29 13:17:35
812,24,cb00707d-f5d5-4eda-883a-0e9c5fc13d05,574,"@an.nguyen54, siêu phẩm của cầu thủ đó đúng là không thể tin được!",2025-08-23 18:53:14,2025-09-23 19:47:08
331,48,2d377520-e359-48c2-b2d6-cf0de98f9cce,,Mình đang tìm review chi tiết về chuyến đi Hà Giang.,2023-07-12 03:51:22,2025-05-26 20:42:12
767,41,71559a06-dc20-4bd6-a856-b7d3dfc7342c,,Hệ điều hành mới cập nhật có lỗi gì không mọi người?,2025-06-22 00:23:40,2025-09-28 19:15:11
311,23,a2d5e807-e029-498a-b712-cff822988c18,134,Hoàn toàn đồng ý với @uyen.hoang77. Tiềm năng của AI là vô hạn.,2022-05-20 16:32:37,2025-07-29 23:32:05
549,32,1ebf4471-9f75-4659-9a9d-92b65442f2cf,439,"@ngoc.hoang46 nói có lý, đa dạng hóa danh mục là chiến lược an toàn nhất.",2024-10-26 11:39:20,2025-04-04 08:15:58
1577,50,dcc6fec8-9b34-4630-b0c0-58473b4b05d3,,Mình đang tìm review chi tiết về chuyến đi Hà Giang.,2022-09-13 12:16:38,
62,44,6eed39c9-83b8-43e6-95ab-83c9625e1bf8,,Mình đang tìm review chi tiết về chuyến đi Hà Giang.,2021-03-20 21:04:21,2023-06-25 14:24:24
348,12,2ce01aad-5a0e-481d-b48c-382fe9a44381,94,Hoàn toàn đồng ý với @linh.nguyen73. Tiềm năng của AI là vô hạn.,2025-10-12 05:12:02,
1697,17,9fd87b6b-e1d6-4866-80a8-81acf6f4f257,1,"@thao.tran50 nói có lý, đa dạng hóa danh mục là chiến lược an toàn nhất.",2025-10-05 07:50:55,2025-10-10 20:55:30
1530,18,b76402a1-b85b-40a3-b858-c954f5f0c5a6,915,"Mình vừa cập nhật xong, có vẻ mượt hơn nhưng hơi nóng máy.",2024-05-06 06:08:56,
1663,3,665e29a7-8bc4-4988-b103-40afcf4bde3a,,Ai có kinh nghiệm du lịch một mình không?,2024-10-03 21:46:39,2025-02-09 18:46:59
1947,39,9f477750-6d9d-45b4-86d3-cd04ac98795e,1413,"Cảm ơn chia sẻ của @anh.vu42, rất hữu ích cho người mới như mình.",2025-03-19 22:15:31,2025-07-25 18:46:49
823,9,b2b47876-8099-4ce4-b666-44e60cfc9229,322,"Pin của máy này đúng là một điểm trừ lớn, @giang.pham59 ạ.",2025-07-06 11:57:32,2025-10-10 02:31:58
1836,46,adece442-cc7e-40b7-9e85-f0c1817b849e,1761,"Cảm ơn chia sẻ của @lan.ngo57, rất hữu ích cho người mới như mình.",2025-06-25 11:51:37,2025-09-05 17:54:25
955,13,46d3ff51-b202-4f17-8491-52deeea23be1,650,"Pin của máy này đúng là một điểm trừ lớn, @phuc.ngo62 ạ.",2025-10-11 20:24:01,
751,18,181e93bd-2cf4-4783-b681-9742ec263146,469,"Mình vừa cập nhật xong, có vẻ mượt hơn nhưng hơi nóng máy.",2025-09-27 11:28:12,2025-10-10 05:27:48
1842,7,199e9964-4bd3-4256-9712-80cbec5f60e5,664,Bạn @thang.duong74 có thể chia sẻ thêm về chi phí được không?,2025-09-29 13:25:16,2025-10-05 07:49:35
837,35,9337146c-7a85-4297-93f9-527dae26627c,,Trận đấu tối qua mãn nhãn thật sự!,2024-01-10 13:24:01,2025-10-06 23:21:23
1131,28,461f4df7-ebed-4c69-8f17-2db9e68af074,1048,"Tôi đồng ý với @yen.pham41, giai đoạn này nên cẩn trọng.",2024-08-25 18:26:04,2025-06-29 05:02:16
1790,34,7afacbe8-4df4-46b9-a1f3-945294431bb0,596,Hoàn toàn đồng ý với @son.ly57. Tiềm năng của AI là vô hạn.,2025-09-27 23:20:59,2025-09-28 10:06:21
1272,35,67110453-c058-44ab-9f08-5c921b596755,105,"Mình nghĩ ngược lại, đây là cơ hội tốt để bắt đáy một số mã tiềm năng.",2024-11-22 10:26:04,2025-01-05 00:05:12
525,43,43447286-19ba-4680-a442-17e7e6baaed6,6,"@thao.tran50, siêu phẩm của cầu thủ đó đúng là không thể tin được!",2025-05-17 13:56:15,
1068,49,7c920e25-1bed-4916-9eb7-ec3877f257d3,337,"Cảm ơn chia sẻ của @viet.huynh65, rất hữu ích cho người mới như mình.",2025-10-04 13:51:49,2025-10-09 03:57:42
744,38,4a94fc33-9f2a-4411-946b-36e55744c86a,498,"@nga.nguyen17, siêu phẩm của cầu thủ đó đúng là không thể tin được!",2025-03-22 14:46:57,2025-09-28 20:50:03
1669,19,665e29a7-8bc4-4988-b103-40afcf4bde3a,528,"Pin của máy này đúng là một điểm trừ lớn, @an.huynh79 ạ.",2025-08-20 23:49:41,2025-09-06 11:07:56
1282,22,fa374107-8ef3-4371-94d5-29decd2b8e52,,Mọi người nghĩ sao về thị trường chứng khoán tuần tới?,2024-03-02 13:54:59,
975,25,c1788a35-25d3-489c-a121-2a0c0cea43aa,,Trận đấu tối qua mãn nhãn thật sự!,2024-09-17 23:55:14,2025-04-06 17:01:04
1431,32,dd030d04-62d8-4be3-b442-614741d98e47,1114,Chính xác! Lối chơi của đội bóng này quá thuyết phục.,2025-04-01 03:12:41,2025-06-01 10:48:34
1182,2,c989f043-1fda-49c3-80df-f91cbb2c9778,964,"Pin của máy này đúng là một điểm trừ lớn, @thanh.dang25 ạ.",2025-09-27 15:20:42,2025-10-05 03:15:07
452,36,3d597ea0-7f18-489a-8855-e09c59ba9241,,AI đang thay đổi thế giới nhanh hơn chúng ta tưởng.,2022-02-23 09:12:25,
498,38,7ec5de65-3d71-4efc-a56e-49ddf8096a1a,82,"Mình cũng từng đến đó, cảnh đẹp thực sự nhưng dịch vụ chưa tốt lắm.",2024-12-21 03:17:03,2025-06-19 20:53:01
413,20,6d0aaf6e-3dfe-4890-aefb-8bb73af2c068,,Cổ phiếu ngành công nghệ đang dẫn dắt thị trường.,2024-09-01 05:20:08,2025-03-21 18:30:34
881,45,65ff0f55-d26e-426f-99da-abe81fc884b6,104,"Mình nghĩ ngược lại, đây là cơ hội tốt để bắt đáy một số mã tiềm năng.",2025-05-31 23:45:46,
141,26,730bb91f-fe34-432c-b167-8db8a48c8e7d,80,"@quan.ly33 nói có lý, đa dạng hóa danh mục là chiến lược an toàn nhất.",2023-03-21 17:22:09,2023-12-01 16:26:45
798,37,ad430d70-4140-4b24-a017-69775e91dccb,788,"Pin của máy này đúng là một điểm trừ lớn, @quan.tran70 ạ.",2025-01-11 23:02:58,
118,26,9fce07f6-a324-4ca3-ba5b-34b8cdf5e772,,Trận đấu tối qua mãn nhãn thật sự!,2023-07-18 18:27:56,2025-03-17 15:32:51
1425,11,f69db992-2925-4862-9f3d-b866bdc7f173,56,"Mình không nghĩ vậy, @nga.phan87. Phong độ của họ khá thất thường.",2025-03-19 02:47:12,
1844,8,199e9964-4bd3-4256-9712-80cbec5f60e5,44,"Pin của máy này đúng là một điểm trừ lớn, @giang.vu12 ạ.",2024-04-05 03:03:01,2024-04-07 15:10:52
346,48,84e33ae0-3e05-49c9-8493-a57f9083ea0f,,Hệ điều hành mới cập nhật có lỗi gì không mọi người?,2023-11-01 01:54:17,2024-06-18 13:54:58
1831,6,adece442-cc7e-40b7-9e85-f0c1817b849e,,AI đang thay đổi thế giới nhanh hơn chúng ta tưởng.,2023-05-31 15:44:48,2023-10-31 17:07:20
1328,13,4b55fb02-6e30-4507-8188-323d0418e549,191,"Cảm ơn chia sẻ của @trang.ho69, rất hữu ích cho người mới như mình.",2025-10-12 08:37:21,
667,49,b056bf4f-5fca-41ed-a4d6-4e80beeb7d9b,235,Bạn @nga.bui96 có thể chia sẻ thêm về chi phí được không?,2025-09-06 06:14:58,2025-09-15 09:46:06
734,10,6d0ff78f-d123-4e4d-8ad9-f561b7c2bfa1,125,"Tôi đồng ý với @long.pham43, giai đoạn này nên cẩn trọng.",2023-02-21 22:55:15,2023-11-14 12:44:48
458,44,3d597ea0-7f18-489a-8855-e09c59ba9241,335,Bạn @viet.huynh65 có thể chia sẻ thêm về chi phí được không?,2025-04-03 20:42:55,2025-09-23 17:20:57
541,14,72d7d5d0-90ce-45d6-aff6-594b45892680,432,"@tuan.le89 nói có lý, đa dạng hóa danh mục là chiến lược an toàn nhất.",2025-10-12 14:01:48,
1157,32,903d2e0b-4282-4864-bf5a-f93fbcb0548d,,Mẫu điện thoại mới ra mắt có đáng tiền không?,2021-03-11 17:57:21,2025-10-07 07:26:34
729,32,6d0ff78f-d123-4e4d-8ad9-f561b7c2bfa1,692,"Pin của máy này đúng là một điểm trừ lớn, @dung.ngo80 ạ.",2025-05-26 07:24:02,2025-10-04 01:44:04
175,24,1d837871-8735-4141-83d9-592d9aef042a,,Ai có kinh nghiệm du lịch một mình không?,2021-03-07 01:01:24,2021-12-21 02:34:06
1517,23,d253c5c7-9841-4c5a-b9b8-e48ccdef41c6,,Hệ điều hành mới cập nhật có lỗi gì không mọi người?,2023-04-24 08:01:37,2023-11-23 19:17:09
1886,49,5bce3b43-5474-4d71-ac81-8d186e5a2903,235,"@nga.bui96, siêu phẩm của cầu thủ đó đúng là không thể tin được!",2025-09-01 15:00:07,2025-09-14 13:37:10
564,5,4f196b62-051a-4252-8f90-3f551a46764a,229,"Mình vừa cập nhật xong, có vẻ mượt hơn nhưng hơi nóng máy.",2025-10-11 16:47:21,2025-10-12 09:19:32
1254,8,6f0a44cd-03bc-4d05-89e8-677b1a1c9629,,Cổ phiếu ngành công nghệ đang dẫn dắt thị trường.,2021-01-03 11:17:54,2024-04-11 21:33:45
1828,42,adece442-cc7e-40b7-9e85-f0c1817b849e,1065,Chính xác! Lối chơi của đội bóng này quá thuyết phục.,2025-10-09 07:59:43,2025-10-12 12:54:10
225,39,84f7e735-21d6-4080-a3f7-91c4b1e57446,31,"Pin của máy này đúng là một điểm trừ lớn, @khanh.tran16 ạ.",2025-04-19 22:34:20,
1238,45,97f9eaea-801b-44c2-99d2-119882ed170a,1175,"Cảm ơn chia sẻ của @ngoc.hoang71, rất hữu ích cho người mới như mình.",2025-08-20 10:03:42,2025-09-28 13:19:24
365,8,fc164408-145d-450e-84f6-df51ec926eca,329,"@giang.pham59, siêu phẩm của cầu thủ đó đúng là không thể tin được!",2025-09-01 08:10:25,2025-10-06 16:16:11
1165,46,a475ef2c-d5c9-48a4-83ef-d04d1595b97e,85,"Pin của máy này đúng là một điểm trừ lớn, @quan.ly33 ạ.",2025-07-27 02:46:13,2025-09-11 22:30:18
1028,27,6c2b17dc-1858-4419-8276-6599c7b6ed41,902,"Cảm ơn chia sẻ của @phuc.ho97, rất hữu ích cho người mới như mình.",2025-07-29 16:22:42,2025-09-25 01:22:54
1532,36,b76402a1-b85b-40a3-b858-c954f5f0c5a6,473,"Cảm ơn chia sẻ của @son.huynh36, rất hữu ích cho người mới như mình.",2025-07-23 14:59:15,2025-09-06 01:14:20
1434,6,baf3ea12-992f-4397-8b59-b2fd97ab99e6,587,"Mình nghĩ ngược lại, đây là cơ hội tốt để bắt đáy một số mã tiềm năng.",2022-07-06 18:40:36,2023-05-12 14:19:32
1904,15,d965c94d-c07e-41e0-bebc-ef03e65ba249,,Ai có kinh nghiệm du lịch một mình không?,2022-10-04 02:41:36,2023-02-13 11:24:22
1636,50,8dc985de-9394-4139-9ad1-37987eaf5e6a,,Lãi suất tiết kiệm dạo này có vẻ không hấp dẫn lắm.,2023-05-11 00:20:51,
1140,50,cbfb55b3-3380-4ef8-951b-8cb61c37e9d6,,Hè này nên đi biển nào đẹp mà vắng người nhỉ?,2022-02-10 03:20:20,2023-08-28 06:45:18
1953,35,9f477750-6d9d-45b4-86d3-cd04ac98795e,189,"Mình không nghĩ vậy, @trang.ho69. Phong độ của họ khá thất thường.",2025-06-27 21:55:49,
905,9,5d95432f-fd4f-4afe-a9b4-c848100d686f,350,Bạn @cuong.nguyen2 có thể chia sẻ thêm về chi phí được không?,2024-10-25 05:24:43,2025-02-17 22:43:48
16,13,b633242c-be5a-4e15-ac8d-989253896723,,Mẫu điện thoại mới ra mắt có đáng tiền không?,2025-05-10 11:32:08,
1341,41,74c820c9-1b60-47da-ae3d-c78c21166412,767,"@huong.huynh38, siêu phẩm của cầu thủ đó đúng là không thể tin được!",2025-06-23 10:31:27,2025-08-20 02:50:32
1256,24,6f0a44cd-03bc-4d05-89e8-677b1a1c9629,632,Hoàn toàn đồng ý với @giang.dang12. Tiềm năng của AI là vô hạn.,2025-10-10 01:10:16,2025-10-11 11:37:21
1619,25,0b5b8c26-f5e6-4918-94b6-97cb81144a1e,1006,"Mình không nghĩ vậy, @dung.ho75. Phong độ của họ khá thất thường.",2025-10-07 00:32:34,2025-10-12 10:50:22
316,18,03023a08-98b0-4a9c-9562-584d7c7624c1,28,"Mình không nghĩ vậy, @khanh.tran16. Phong độ của họ khá thất thường.",2025-05-05 01:31:48,2025-06-07 01:32:10
1723,3,052ebf6c-7419-48de-b86d-f5d2ea1b5069,1418,"Tôi đồng ý với @phuong.ly57, giai đoạn này nên cẩn trọng.",2025-02-21 07:59:18,2025-06-29 01:29:54
1093,2,8b62d81c-10ea-4575-8b2e-5f56f3a99119,577,"Cảm ơn gợi ý của @an.huynh62, mình sẽ cân nhắc địa điểm này.",2025-10-12 13:47:25,
157,7,c2b7fb43-1a1f-43be-bb58-459a6035034c,,Trận đấu tối qua mãn nhãn thật sự!,2023-04-21 02:29:51,2025-02-02 09:07:48
1488,4,07f8cbfc-da67-4091-8c29-807a6e51702d,694,"@thang.duong88 nói có lý, đa dạng hóa danh mục là chiến lược an toàn nhất.",2025-04-18 09:46:15,2025-10-05 10:05:27
644,36,b8aeaea7-fc15-49e6-9716-0e7a3e47e485,,Hệ điều hành mới cập nhật có lỗi gì không mọi người?,2025-09-21 01:15:11,2025-10-06 23:48:16
1531,46,b76402a1-b85b-40a3-b858-c954f5f0c5a6,621,"Cảm ơn gợi ý của @minh.hoang39, mình sẽ cân nhắc địa điểm này.",2025-06-06 17:13:59,2025-08-23 12:56:11
1725,14,052ebf6c-7419-48de-b86d-f5d2ea1b5069,755,"Mình không nghĩ vậy, @an.bui13. Phong độ của họ khá thất thường.",2024-08-20 12:43:41,
795,23,ad430d70-4140-4b24-a017-69775e91dccb,489,"Mình nghĩ ngược lại, đây là cơ hội tốt để bắt đáy một số mã tiềm năng.",2025-06-08 13:50:13,
202,5,f71236dc-e977-45d8-96b4-d2b25a04b364,55,"Tôi đồng ý với @nga.phan87, giai đoạn này nên cẩn trọng.",2025-09-19 15:30:20,2025-10-09 07:09:51
583,22,a47cdb13-8db0-4494-bf08-a08f41f97b02,250,"Cảm ơn gợi ý của @thanh.dang32, mình sẽ cân nhắc địa điểm này.",2025-04-26 17:42:42,2025-08-12 13:36:45
878,49,63ae476b-8130-4f9f-a3b1-94840053357c,,Hệ điều hành mới cập nhật có lỗi gì không mọi người?,2024-02-13 00:51:43,2025-03-28 11:50:07
1661,50,665e29a7-8bc4-4988-b103-40afcf4bde3a,1236,"Pin của máy này đúng là một điểm trừ lớn, @dung.ho58 ạ.",2025-05-30 06:37:28,2025-06-14 18:32:51
930,38,d237f7a5-889b-4d82-ba71-5a182faddcfb,186,"Mình vừa cập nhật xong, có vẻ mượt hơn nhưng hơi nóng máy.",2025-09-30 21:54:16,2025-10-07 06:32:07
1719,20,470e881c-26f1-4872-8ce1-f347784a6267,1317,"Mình nghĩ ngược lại, đây là cơ hội tốt để bắt đáy một số mã tiềm năng.",2024-11-15 16:38:31,2025-08-17 21:56:10
899,16,5d95432f-fd4f-4afe-a9b4-c848100d686f,,Cầu thủ yêu thích của mọi người là ai?,2024-06-15 21:18:46,2025-08-08 00:30:28
860,44,8243517e-bd6d-4c37-85ca-7ab9e2cbf7f3,544,"Mình không nghĩ vậy, @chi.vu70. Phong độ của họ khá thất thường.",2023-08-08 16:10:31,2024-02-26 03:21:40
1782,14,c3b6ca30-981d-4d63-b9e6-bebe433bb0c1,1468,"@cuong.nguyen87 nói có lý, đa dạng hóa danh mục là chiến lược an toàn nhất.",2025-10-09 21:21:06,2025-10-11 18:56:53
974,9,c1788a35-25d3-489c-a121-2a0c0cea43aa,299,"@an.pham92, siêu phẩm của cầu thủ đó đúng là không thể tin được!",2025-09-25 09:48:08,2025-09-30 06:01:18
431,41,74634cae-680b-4d85-bab8-9a9062fc4ee0,,Hè này nên đi biển nào đẹp mà vắng người nhỉ?,2022-03-09 08:49:04,2024-01-03 15:31:38
355,1,2ce01aad-5a0e-481d-b48c-382fe9a44381,92,Hoàn toàn đồng ý với @linh.nguyen73. Tiềm năng của AI là vô hạn.,2025-07-03 01:56:07,2025-07-14 09:48:08
1200,42,54f99967-b1e7-4381-a84b-b371f4dca18b,286,"Mình vừa cập nhật xong, có vẻ mượt hơn nhưng hơi nóng máy.",2025-08-01 17:23:59,
1878,45,5faa0c5e-ef10-4b57-9a7d-9e2d69316dd5,1081,"Mình nghĩ ngược lại, đây là cơ hội tốt để bắt đáy một số mã tiềm năng.",2025-05-16 03:15:06,2025-10-02 13:27:16
364,3,fc164408-145d-450e-84f6-df51ec926eca,,"Có ai có kinh nghiệm đầu tư vàng không, chia sẻ cho mình với!",2025-04-10 00:47:05,2025-05-29 05:34:32
1643,38,8dc985de-9394-4139-9ad1-37987eaf5e6a,,Lãi suất tiết kiệm dạo này có vẻ không hấp dẫn lắm.,2022-12-11 23:10:32,
1414,37,84b8c629-f1f2-412f-8c6f-a868ac314122,,Mẫu điện thoại mới ra mắt có đáng tiền không?,2021-06-13 16:21:12,2024-03-03 14:23:14
1686,32,9fd87b6b-e1d6-4866-80a8-81acf6f4f257,1245,"Tôi đồng ý với @ngoc.dang72, giai đoạn này nên cẩn trọng.",2025-09-25 14:10:34,2025-10-08 20:58:39
136,24,730bb91f-fe34-432c-b167-8db8a48c8e7d,,Mọi người nghĩ sao về thị trường chứng khoán tuần tới?,2022-01-26 15:00:40,2024-08-24 16:54:45
976,2,c1788a35-25d3-489c-a121-2a0c0cea43aa,808,"@minh.vu25 nói có lý, đa dạng hóa danh mục là chiến lược an toàn nhất.",2025-06-20 13:06:05,2025-09-08 17:58:06
794,5,ad430d70-4140-4b24-a017-69775e91dccb,590,"@quan.ho94 nói có lý, đa dạng hóa danh mục là chiến lược an toàn nhất.",2022-11-26 17:20:08,2023-10-29 21:51:01
1761,46,2a134a47-bcc3-42af-bb1a-3b35b483bcaa,668,"Mình không nghĩ vậy, @thang.duong74. Phong độ của họ khá thất thường.",2025-04-29 10:25:13,2025-07-01 20:17:06
426,47,010eff4b-ca48-4e8f-9eac-1145aae6b35a,,AI đang thay đổi thế giới nhanh hơn chúng ta tưởng.,2023-11-21 09:19:29,2024-08-14 23:39:12
732,31,6d0ff78f-d123-4e4d-8ad9-f561b7c2bfa1,693,"Mình cũng từng đến đó, cảnh đẹp thực sự nhưng dịch vụ chưa tốt lắm.",2024-06-18 20:09:07,2024-11-20 11:52:31
1736,6,a1b3e507-127b-4966-931e-49e72a9fd248,840,"Cảm ơn gợi ý của @hieu.dang14, mình sẽ cân nhắc địa điểm này.",2025-09-28 20:31:29,2025-10-08 01:24:28
1821,16,0fbb0e48-77cc-40c0-8a7f-3bc6dcebd879,806,"Mình cũng từng đến đó, cảnh đẹp thực sự nhưng dịch vụ chưa tốt lắm.",2025-09-30 19:03:48,
1262,36,67110453-c058-44ab-9f08-5c921b596755,967,Bạn @thanh.dang25 có thể chia sẻ thêm về chi phí được không?,2025-10-08 07:01:19,
447,10,9ea02c82-0222-47b0-b7e8-1685eaf1a7d7,289,"@an.huynh11, siêu phẩm của cầu thủ đó đúng là không thể tin được!",2025-10-08 08:17:53,2025-10-12 12:29:55
1183,47,c989f043-1fda-49c3-80df-f91cbb2c9778,,AI đang thay đổi thế giới nhanh hơn chúng ta tưởng.,2023-01-30 08:39:26,2024-02-05 05:51:25
1930,21,4932a133-4308-4b70-94a3-42ffe287bb72,605,Chính xác! Lối chơi của đội bóng này quá thuyết phục.,2025-08-22 04:17:00,
1232,49,97f9eaea-801b-44c2-99d2-119882ed170a,450,"@thao.tran88 nói có lý, đa dạng hóa danh mục là chiến lược an toàn nhất.",2025-01-22 01:53:20,2025-05-07 02:27:53
1279,29,fa374107-8ef3-4371-94d5-29decd2b8e52,,Cổ phiếu ngành công nghệ đang dẫn dắt thị trường.,2025-04-26 06:19:40,2025-06-09 22:16:45
747,3,4a94fc33-9f2a-4411-946b-36e55744c86a,,Hệ điều hành mới cập nhật có lỗi gì không mọi người?,2021-04-17 23:11:43,
1249,35,6f0a44cd-03bc-4d05-89e8-677b1a1c9629,580,"Cảm ơn gợi ý của @an.huynh62, mình sẽ cân nhắc địa điểm này.",2025-10-10 10:19:47,
336,17,ce2f2663-09fe-4373-a44e-3286b4b599cc,35,"Mình vừa cập nhật xong, có vẻ mượt hơn nhưng hơi nóng máy.",2024-06-01 16:40:33,2024-07-21 13:01:48
135,48,e8d237e0-6434-4187-b557-9ec1b593b219,,Trận đấu tối qua mãn nhãn thật sự!,2024-10-11 01:50:22,2024-11-11 19:08:36
268,15,3659ba56-1673-4e28-a06e-494184f2b2f1,,Hệ điều hành mới cập nhật có lỗi gì không mọi người?,2025-08-20 22:39:14,2025-10-10 05:53:45
1795,2,7afacbe8-4df4-46b9-a1f3-945294431bb0,1689,"Mình không nghĩ vậy, @lan.vu27. Phong độ của họ khá thất thường.",2025-10-08 10:15:59,2025-10-12 03:36:06
679,29,efc806fe-553d-41b2-9be3-0c55e6416007,208,"@huy.phan78, siêu phẩm của cầu thủ đó đúng là không thể tin được!",2025-10-05 15:36:15,
1216,31,7343136b-2e88-4971-b8fa-5c716baf69c5,,Hè này nên đi biển nào đẹp mà vắng người nhỉ?,2025-03-16 06:52:05,2025-05-30 11:33:42
1604,38,b18beb4a-d0e9-405a-84d6-c77559c4dfd0,930,"Mình nghĩ ngược lại, đây là cơ hội tốt để bắt đáy một số mã tiềm năng.",2025-10-08 14:24:47,
1039,21,3a9f9977-8f1f-4051-8b13-6a3ce848d0fa,203,"Tôi đồng ý với @huy.phan78, giai đoạn này nên cẩn trọng.",2024-02-03 03:49:44,
839,2,4dd170a4-98d7-4fff-bfa0-2bf249a5e9b9,96,"Tôi đồng ý với @linh.nguyen73, giai đoạn này nên cẩn trọng.",2025-07-13 00:31:00,
412,29,6d0aaf6e-3dfe-4890-aefb-8bb73af2c068,75,"@dung.bui21, siêu phẩm của cầu thủ đó đúng là không thể tin được!",2023-11-22 15:49:46,2024-06-05 18:24:57
353,46,2ce01aad-5a0e-481d-b48c-382fe9a44381,,Ai có kinh nghiệm du lịch một mình không?,2023-06-26 18:09:28,2024-06-09 04:48:41
1609,18,b18beb4a-d0e9-405a-84d6-c77559c4dfd0,,Cầu thủ yêu thích của mọi người là ai?,2024-12-14 08:05:04,2025-08-18 07:49:48
1021,37,f7917acf-8898-48f9-9230-807efbf161dd,861,"@quynh.phan70 nói có lý, đa dạng hóa danh mục là chiến lược an toàn nhất.",2025-04-25 09:17:32,2025-05-27 13:04:45
1462,3,bf46abbb-42e1-4a7b-a932-a518c66f6f1b,364,"Mình không nghĩ vậy, @uyen.nguyen28. Phong độ của họ khá thất thường.",2025-07-19 19:47:43,2025-08-07 14:58:10
1681,41,44c69e12-ec0a-4b17-a693-1f046beb4922,476,"@son.huynh36, siêu phẩm của cầu thủ đó đúng là không thể tin được!",2025-01-31 22:53:20,2025-06-19 21:08:24
596,34,4ededee4-76ee-4d43-9438-b527547a026a,294,"Mình không nghĩ vậy, @dung.do40. Phong độ của họ khá thất thường.",2025-07-28 15:55:41,2025-09-22 21:13:46
753,28,181e93bd-2cf4-4783-b681-9742ec263146,670,"Mình không nghĩ vậy, @thang.duong74. Phong độ của họ khá thất thường.",2025-02-17 20:15:03,2025-07-08 16:10:39
106,14,48bc63e9-543c-41fa-a4f3-452366917166,,Lãi suất tiết kiệm dạo này có vẻ không hấp dẫn lắm.,2024-10-20 00:51:53,2025-08-31 07:04:55
1077,19,5e53bdd5-f2c2-4f9b-b4a3-2b6f75fb71a0,655,"Cảm ơn gợi ý của @viet.ngo12, mình sẽ cân nhắc địa điểm này.",2025-10-12 10:37:47,
987,19,090e12ce-980c-4f11-8812-340313f78ed0,761,"Mình nghĩ ngược lại, đây là cơ hội tốt để bắt đáy một số mã tiềm năng.",2024-12-06 14:44:38,2025-08-30 00:34:14
579,8,0476ace2-36fe-49be-b038-85d603426a3b,329,Bạn @giang.pham59 có thể chia sẻ thêm về chi phí được không?,2025-10-09 12:21:22,2025-10-11 06:21:34
600,40,4ededee4-76ee-4d43-9438-b527547a026a,409,Hoàn toàn đồng ý với @an.bui66. Tiềm năng của AI là vô hạn.,2025-08-27 13:01:52,2025-09-27 12:47:58
826,48,b2b47876-8099-4ce4-b666-44e60cfc9229,440,"Mình cũng từng đến đó, cảnh đẹp thực sự nhưng dịch vụ chưa tốt lắm.",2025-09-20 12:12:02,2025-10-05 01:24:05
177,4,1d837871-8735-4141-83d9-592d9aef042a,,Ai có kinh nghiệm du lịch một mình không?,2023-02-26 20:01:19,2023-12-25 07:38:39
560,17,1ebf4471-9f75-4659-9a9d-92b65442f2cf,423,"Pin của máy này đúng là một điểm trừ lớn, @lan.nguyen31 ạ.",2025-10-03 16:36:42,
56,11,6eed39c9-83b8-43e6-95ab-83c9625e1bf8,25,"Mình vừa cập nhật xong, có vẻ mượt hơn nhưng hơi nóng máy.",2024-02-13 17:25:09,
1076,21,5e53bdd5-f2c2-4f9b-b4a3-2b6f75fb71a0,,Cầu thủ yêu thích của mọi người là ai?,2025-01-19 20:44:24,2025-08-21 00:41:33
927,12,d237f7a5-889b-4d82-ba71-5a182faddcfb,588,"Mình không nghĩ vậy, @quan.ho94. Phong độ của họ khá thất thường.",2025-10-01 20:08:10,2025-10-09 20:18:40
1520,28,d253c5c7-9841-4c5a-b9b8-e48ccdef41c6,1218,"@trang.le42, siêu phẩm của cầu thủ đó đúng là không thể tin được!",2025-09-26 02:57:57,2025-10-08 07:23:29
288,2,29feb88b-ca36-446f-97e6-d6a3c959d61f,,Mọi người nghĩ sao về thị trường chứng khoán tuần tới?,2024-07-28 18:42:10,2025-07-21 21:18:07
563,29,4f196b62-051a-4252-8f90-3f551a46764a,,Hệ điều hành mới cập nhật có lỗi gì không mọi người?,2025-05-08 07:14:05,2025-06-17 05:20:57
882,34,65ff0f55-d26e-426f-99da-abe81fc884b6,224,"Cảm ơn gợi ý của @minh.ngo82, mình sẽ cân nhắc địa điểm này.",2025-06-02 15:38:25,2025-08-20 13:19:02
367,47,fc164408-145d-450e-84f6-df51ec926eca,176,"Tôi đồng ý với @giang.ho49, giai đoạn này nên cẩn trọng.",2025-10-10 20:06:26,
494,12,7ec5de65-3d71-4efc-a56e-49ddf8096a1a,187,Bạn @trang.ho69 có thể chia sẻ thêm về chi phí được không?,2025-01-27 08:35:00,
88,7,23b59c80-4a91-47ee-b051-7eacf6f2ca41,39,"Pin của máy này đúng là một điểm trừ lớn, @giang.vu12 ạ.",2025-07-22 21:06:36,2025-08-10 13:10:10
527,35,6f3311a2-30ea-47fc-816b-00a60a5793c2,297,"Mình cũng từng đến đó, cảnh đẹp thực sự nhưng dịch vụ chưa tốt lắm.",2024-12-16 14:41:41,
322,9,2d377520-e359-48c2-b2d6-cf0de98f9cce,,Cổ phiếu ngành công nghệ đang dẫn dắt thị trường.,2025-01-15 03:35:46,
224,34,84f7e735-21d6-4080-a3f7-91c4b1e57446,213,"Pin của máy này đúng là một điểm trừ lớn, @phong.bui21 ạ.",2025-01-25 18:07:25,2025-01-28 08:55:09
1301,31,3ce44e1a-9a8b-4da5-8152-2970fafb2922,759,"@dung.ho16, siêu phẩm của cầu thủ đó đúng là không thể tin được!",2025-10-02 01:22:27,2025-10-02 16:43:22
1339,41,74c820c9-1b60-47da-ae3d-c78c21166412,,Mình đang tìm review chi tiết về chuyến đi Hà Giang.,2022-09-02 02:33:06,2023-09-13 22:08:49
1809,47,4468bf7b-945c-46a2-a3dc-a29b8c8a0171,763,"@huong.huynh38, siêu phẩm của cầu thủ đó đúng là không thể tin được!",2025-10-10 16:16:19,
1394,32,ea410176-f32c-4a93-b7bb-88f45b627720,1245,Hoàn toàn đồng ý với @ngoc.dang72. Tiềm năng của AI là vô hạn.,2025-09-23 07:31:36,2025-10-09 13:34:38
769,22,71559a06-dc20-4bd6-a856-b7d3dfc7342c,250,"Mình vừa cập nhật xong, có vẻ mượt hơn nhưng hơi nóng máy.",2025-08-13 13:19:11,2025-09-26 20:43:14
1454,45,369d43ef-b7dc-4d07-a5e9-a5fd0103d13b,,Hè này nên đi biển nào đẹp mà vắng người nhỉ?,2021-07-03 01:06:47,2025-05-14 10:29:08
32,24,0163cf9b-fe10-4ac9-a33e-d76fcadb87ba,,"Có ai có kinh nghiệm đầu tư vàng không, chia sẻ cho mình với!",2023-11-10 00:22:03,2024-04-23 20:54:05
578,8,0476ace2-36fe-49be-b038-85d603426a3b,195,"Cảm ơn gợi ý của @trang.ho69, mình sẽ cân nhắc địa điểm này.",2024-02-16 13:10:21,2024-07-30 11:53:49
189,35,31ed8aee-fc75-4c82-b2fd-79886f7f2975,126,Hoàn toàn đồng ý với @long.pham43. Tiềm năng của AI là vô hạn.,2025-06-04 14:26:49,
1699,36,e34bce11-986f-4fd2-827a-a1cbad17a758,,AI đang thay đổi thế giới nhanh hơn chúng ta tưởng.,2021-04-26 14:25:05,
1624,8,4615fdae-422e-4cf2-bf1e-46b8c3c3d7de,195,"@trang.ho69 nói có lý, đa dạng hóa danh mục là chiến lược an toàn nhất.",2024-11-16 05:18:07,2025-05-31 04:59:56
1188,31,80a5f18d-bdd2-40f9-80db-38bbba7c030f,739,"Mình vừa cập nhật xong, có vẻ mượt hơn nhưng hơi nóng máy.",2022-12-13 11:27:38,2024-02-11 10:42:27
1787,49,c3b6ca30-981d-4d63-b9e6-bebe433bb0c1,,Trận đấu tối qua mãn nhãn thật sự!,2021-03-23 03:54:17,2024-06-28 20:43:34
1234,3,97f9eaea-801b-44c2-99d2-119882ed170a,387,Hoàn toàn đồng ý với @long.do30. Tiềm năng của AI là vô hạn.,2025-09-26 02:46:07,2025-09-29 00:50:09
920,36,d237f7a5-889b-4d82-ba71-5a182faddcfb,,Hệ điều hành mới cập nhật có lỗi gì không mọi người?,2024-09-02 12:01:26,2024-10-05 11:04:17
1017,18,f7917acf-8898-48f9-9230-807efbf161dd,499,"Cảm ơn chia sẻ của @nga.nguyen17, rất hữu ích cho người mới như mình.",2023-11-19 01:30:59,2024-11-06 23:37:44
919,11,d237f7a5-889b-4d82-ba71-5a182faddcfb,,Trận đấu tối qua mãn nhãn thật sự!,2021-02-21 20:58:42,
629,19,b90b4730-cfb7-453d-8f46-364d39e9693c,528,Hoàn toàn đồng ý với @an.huynh79. Tiềm năng của AI là vô hạn.,2025-08-26 17:53:19,
275,30,e31c97ef-6df9-4973-830e-296b7767e786,,Hè này nên đi biển nào đẹp mà vắng người nhỉ?,2025-09-12 18:21:59,2025-09-25 15:14:21
107,12,48bc63e9-543c-41fa-a4f3-452366917166,94,"Mình nghĩ ngược lại, đây là cơ hội tốt để bắt đáy một số mã tiềm năng.",2025-10-12 05:23:15,
1497,27,f4e8c5e8-1322-4d81-8395-e0d785d687f5,154,"Mình nghĩ ngược lại, đây là cơ hội tốt để bắt đáy một số mã tiềm năng.",2024-09-29 09:47:02,
247,24,ef26d43b-4f10-4163-8174-6210edb0dceb,99,"Mình nghĩ ngược lại, đây là cơ hội tốt để bắt đáy một số mã tiềm năng.",2024-01-22 13:40:27,2025-08-06 04:25:11
481,23,f80007f3-1699-4187-a951-9485f726f93a,192,"Mình cũng từng đến đó, cảnh đẹp thực sự nhưng dịch vụ chưa tốt lắm.",2024-11-05 05:31:21,2025-08-12 13:04:58
60,20,6eed39c9-83b8-43e6-95ab-83c9625e1bf8,,Trận đấu tối qua mãn nhãn thật sự!,2021-02-06 21:35:40,2023-01-21 04:34:39
1733,33,a1b3e507-127b-4966-931e-49e72a9fd248,805,"@minh.vu25, siêu phẩm của cầu thủ đó đúng là không thể tin được!",2025-08-02 14:16:49,2025-10-06 07:06:40
738,27,6d0ff78f-d123-4e4d-8ad9-f561b7c2bfa1,,Mình đang tìm review chi tiết về chuyến đi Hà Giang.,2024-03-12 12:45:53,
1067,35,7c920e25-1bed-4916-9eb7-ec3877f257d3,126,"Mình vừa cập nhật xong, có vẻ mượt hơn nhưng hơi nóng máy.",2025-06-02 16:32:38,2025-07-18 17:04:05
1595,18,de2a2b2d-ecf8-4c2c-894b-ddf63680f99a,922,Chính xác! Lối chơi của đội bóng này quá thuyết phục.,2025-09-30 06:22:53,2025-10-08 02:38:54
1884,18,5faa0c5e-ef10-4b57-9a7d-9e2d69316dd5,970,Bạn @thanh.dang25 có thể chia sẻ thêm về chi phí được không?,2024-09-20 02:13:44,2025-06-25 22:57:22
1562,18,890c97b5-b1df-41c1-a192-4f6a6b86c165,933,Chính xác! Lối chơi của đội bóng này quá thuyết phục.,2025-09-19 19:09:48,2025-10-03 18:32:36
2,42,b1c13a86-f3f3-4296-9ba5-03cce3a8b118,,Bạn nghĩ ai sẽ vô địch giải năm nay?,2021-11-25 22:03:53,2024-10-04 12:26:54
1370,39,981e5ea6-b2ae-4aad-a217-f3999a1eca3b,293,"Mình nghĩ ngược lại, đây là cơ hội tốt để bắt đáy một số mã tiềm năng.",2025-09-21 22:45:48,2025-10-08 14:35:44
728,8,03131c47-3d3b-4c55-9335-ba7174b609bb,,Mẫu điện thoại mới ra mắt có đáng tiền không?,2022-07-28 02:52:41,
1861,12,1a064d11-5236-4b8a-a25c-ac002772b2ad,,Cổ phiếu ngành công nghệ đang dẫn dắt thị trường.,2023-07-27 00:44:52,2025-04-10 04:59:18
320,26,2d377520-e359-48c2-b2d6-cf0de98f9cce,,Mọi người nghĩ sao về thị trường chứng khoán tuần tới?,2024-07-11 19:42:07,2024-12-10 16:00:45
439,32,4fec1d3b-ecb4-4afd-bc73-90260504daae,,Hệ điều hành mới cập nhật có lỗi gì không mọi người?,2023-08-09 13:32:29,
1483,49,a8255759-7882-4aef-8a4d-72c2db336798,,Mình đang tìm review chi tiết về chuyến đi Hà Giang.,2023-12-18 15:17:05,2024-06-06 13:31:06
556,27,1ebf4471-9f75-4659-9a9d-92b65442f2cf,,Hè này nên đi biển nào đẹp mà vắng người nhỉ?,2021-08-06 04:28:23,2024-04-26 23:35:42
1635,17,8dc985de-9394-4139-9ad1-37987eaf5e6a,,Cầu thủ yêu thích của mọi người là ai?,2021-04-07 22:19:50,2022-04-25 17:19:50
1333,16,74c820c9-1b60-47da-ae3d-c78c21166412,546,"@chi.vu70, siêu phẩm của cầu thủ đó đúng là không thể tin được!",2025-07-23 08:06:45,2025-09-12 00:29:45
1568,48,16136f3a-0c6c-42ed-8d77-265734a470f9,,Trận đấu tối qua mãn nhãn thật sự!,2022-09-20 14:55:39,2023-08-19 04:55:02
100,49,068b8c0a-8f78-423d-b293-1ad31d4ada34,41,Hoàn toàn đồng ý với @giang.vu12. Tiềm năng của AI là vô hạn.,2025-04-17 02:36:15,2025-09-03 08:42:27
1233,17,97f9eaea-801b-44c2-99d2-119882ed170a,,AI đang thay đổi thế giới nhanh hơn chúng ta tưởng.,2022-05-20 15:53:47,
19,47,6b654c3a-4ade-4da9-a267-5c9ab8730007,,Cổ phiếu ngành công nghệ đang dẫn dắt thị trường.,2025-01-25 01:32:13,
357,37,2ce01aad-5a0e-481d-b48c-382fe9a44381,54,Bạn @nga.phan87 có thể chia sẻ thêm về chi phí được không?,2024-08-22 00:34:57,
1187,37,80a5f18d-bdd2-40f9-80db-38bbba7c030f,1095,Hoàn toàn đồng ý với @giang.dang84. Tiềm năng của AI là vô hạn.,2025-09-29 06:39:47,2025-10-02 23:34:11
325,6,2d377520-e359-48c2-b2d6-cf0de98f9cce,23,"Tôi đồng ý với @huy.phan72, giai đoạn này nên cẩn trọng.",2023-10-12 03:34:00,2024-04-25 08:22:25
654,31,ad2a3765-cfd9-47b7-abe2-24b6b027fa33,,Cổ phiếu ngành công nghệ đang dẫn dắt thị trường.,2023-08-11 13:10:09,2025-09-14 13:53:53
1630,8,4615fdae-422e-4cf2-bf1e-46b8c3c3d7de,1543,"Tôi đồng ý với @lan.ly14, giai đoạn này nên cẩn trọng.",2025-07-13 21:30:37,2025-08-18 14:45:12
773,29,71559a06-dc20-4bd6-a856-b7d3dfc7342c,,Hè này nên đi biển nào đẹp mà vắng người nhỉ?,2022-10-26 17:59:32,2025-06-10 07:03:16
807,37,c25a8e93-9bf2-4c5f-a2ce-e12169e11ad0,740,"Cảm ơn chia sẻ của @huy.dang91, rất hữu ích cho người mới như mình.",2025-03-05 19:19:37,2025-06-14 11:05:07
835,7,9337146c-7a85-4297-93f9-527dae26627c,,Hệ điều hành mới cập nhật có lỗi gì không mọi người?,2024-06-28 00:12:15,2025-10-05 14:54:22
691,14,3ee7afc0-161c-4e12-87c4-6d8999d8ddf3,657,"Cảm ơn chia sẻ của @viet.ngo12, rất hữu ích cho người mới như mình.",2025-09-30 02:15:39,
52,48,33694092-0610-4088-8274-cedd56c1a2ec,,Mọi người nghĩ sao về thị trường chứng khoán tuần tới?,2023-01-08 09:11:48,
1881,20,5faa0c5e-ef10-4b57-9a7d-9e2d69316dd5,,Ai có kinh nghiệm du lịch một mình không?,2022-12-05 13:39:53,2022-12-26 22:54:28
323,27,2d377520-e359-48c2-b2d6-cf0de98f9cce,154,"Cảm ơn chia sẻ của @dung.phan6, rất hữu ích cho người mới như mình.",2023-03-25 08:10:55,2023-07-25 17:58:10
404,48,0f8c2cba-0c9f-4de9-9cfb-e4c3a8aa3020,,Hệ điều hành mới cập nhật có lỗi gì không mọi người?,2025-03-10 13:24:43,2025-05-29 04:13:18
463,8,3d597ea0-7f18-489a-8855-e09c59ba9241,248,"Mình cũng từng đến đó, cảnh đẹp thực sự nhưng dịch vụ chưa tốt lắm.",2024-08-16 07:05:57,2025-01-10 06:56:22
1791,45,7afacbe8-4df4-46b9-a1f3-945294431bb0,1145,"Tôi đồng ý với @tuan.vo26, giai đoạn này nên cẩn trọng.",2025-10-03 07:13:38,2025-10-11 10:06:58
1648,27,f628255e-4b29-4bd5-9cf2-211976e376f7,1444,"Cảm ơn gợi ý của @chi.ngo35, mình sẽ cân nhắc địa điểm này.",2025-08-14 08:09:31,2025-09-09 02:06:59
1928,43,8970e406-9b50-4e00-a95a-5981ff43a890,824,"Cảm ơn chia sẻ của @ly.duong1, rất hữu ích cho người mới như mình.",2025-10-07 18:57:56,
119,45,9fce07f6-a324-4ca3-ba5b-34b8cdf5e772,104,Chính xác! Lối chơi của đội bóng này quá thuyết phục.,2025-07-11 23:15:46,2025-08-19 08:16:57
908,45,eea6a721-d4a0-472a-89df-4aab251135fd,181,"Tôi đồng ý với @ha.phan84, giai đoạn này nên cẩn trọng.",2025-05-23 02:19:27,2025-08-09 01:57:03
780,5,02682162-576c-4e38-acc1-3112c0d1b8cc,682,"Tôi đồng ý với @hung.le27, giai đoạn này nên cẩn trọng.",2025-04-05 18:57:52,2025-05-30 23:09:54
959,32,ac2f79b5-3bce-4b00-bf99-69ae46a13db3,,Cầu thủ yêu thích của mọi người là ai?,2021-01-07 18:22:05,2022-10-05 15:37:59
297,35,82a6e2a7-2fb1-4f26-b869-f784aeac3448,,Trận đấu tối qua mãn nhãn thật sự!,2023-02-13 12:09:31,2024-10-10 03:27:01
327,2,2d377520-e359-48c2-b2d6-cf0de98f9cce,96,"Cảm ơn chia sẻ của @linh.nguyen73, rất hữu ích cho người mới như mình.",2025-01-05 07:46:01,2025-03-08 14:11:31
529,31,6f3311a2-30ea-47fc-816b-00a60a5793c2,461,Chính xác! Lối chơi của đội bóng này quá thuyết phục.,2025-10-08 17:18:10,2025-10-12 03:44:19
1603,35,b18beb4a-d0e9-405a-84d6-c77559c4dfd0,1221,Chính xác! Lối chơi của đội bóng này quá thuyết phục.,2023-01-01 13:54:47,2023-01-11 21:06:02
864,9,5f39590f-e3eb-4b91-80f9-8c5b67dc03dc,,Cầu thủ yêu thích của mọi người là ai?,2021-10-18 02:32:43,2022-03-01 17:45:16
427,25,010eff4b-ca48-4e8f-9eac-1145aae6b35a,26,Bạn @huy.phan72 có thể chia sẻ thêm về chi phí được không?,2024-10-07 03:31:32,2024-11-17 18:43:44
315,38,03023a08-98b0-4a9c-9562-584d7c7624c1,310,"@thao.le45, siêu phẩm của cầu thủ đó đúng là không thể tin được!",2024-05-27 18:17:56,2024-11-10 14:50:48
151,17,f0f22b95-c10f-42e1-92b4-bcb0899b945e,35,"Cảm ơn chia sẻ của @khanh.tran16, rất hữu ích cho người mới như mình.",2024-03-20 07:49:48,2025-05-29 13:22:17
1943,45,9f477750-6d9d-45b4-86d3-cd04ac98795e,1003,"Mình cũng từng đến đó, cảnh đẹp thực sự nhưng dịch vụ chưa tốt lắm.",2025-04-09 21:02:20,2025-08-27 01:05:20
1054,43,3409096c-49f5-4e2c-8d80-75f550174be7,,Mọi người nghĩ sao về thị trường chứng khoán tuần tới?,2023-01-11 19:41:06,2024-02-02 08:55:40
615,6,b3fea15e-e79d-47c5-9654-871ab8adf20b,407,Hoàn toàn đồng ý với @an.bui66. Tiềm năng của AI là vô hạn.,2024-01-23 06:53:08,2024-12-18 23:04:20
717,37,b191e786-b25e-4774-b46a-d81200752052,553,"Cảm ơn chia sẻ của @vy.vo57, rất hữu ích cho người mới như mình.",2025-06-07 02:58:12,2025-07-10 07:38:32
779,13,02682162-576c-4e38-acc1-3112c0d1b8cc,65,"Cảm ơn chia sẻ của @thanh.nguyen93, rất hữu ích cho người mới như mình.",2025-09-04 18:33:27,2025-09-07 15:15:00
559,40,1ebf4471-9f75-4659-9a9d-92b65442f2cf,,"Có ai có kinh nghiệm đầu tư vàng không, chia sẻ cho mình với!",2022-07-13 04:42:05,2023-09-17 16:35:14
967,36,ac2f79b5-3bce-4b00-bf99-69ae46a13db3,630,"Mình cũng từng đến đó, cảnh đẹp thực sự nhưng dịch vụ chưa tốt lắm.",2025-10-05 13:26:53,2025-10-09 23:12:46
850,30,3c3e87f2-aeed-42fc-858d-c7d68a888977,275,"Mình cũng từng đến đó, cảnh đẹp thực sự nhưng dịch vụ chưa tốt lắm.",2025-09-14 08:56:03,2025-10-06 10:25:11
1470,24,e81305a7-21a8-4641-ae75-8018bfc3feb4,945,"Mình nghĩ ngược lại, đây là cơ hội tốt để bắt đáy một số mã tiềm năng.",2025-10-10 15:56:27,2025-10-12 07:56:21
252,13,ef26d43b-4f10-4163-8174-6210edb0dceb,,Ai có kinh nghiệm du lịch một mình không?,2023-02-22 15:49:38,2025-03-23 20:25:55
1775,27,c3b6ca30-981d-4d63-b9e6-bebe433bb0c1,81,"Cảm ơn gợi ý của @quan.ly33, mình sẽ cân nhắc địa điểm này.",2022-12-16 13:42:13,2025-01-16 22:37:02
1502,43,f4e8c5e8-1322-4d81-8395-e0d785d687f5,490,Hoàn toàn đồng ý với @ha.bui62. Tiềm năng của AI là vô hạn.,2025-02-28 20:06:12,2025-07-02 01:15:19
613,8,b3fea15e-e79d-47c5-9654-871ab8adf20b,,Ai có kinh nghiệm du lịch một mình không?,2025-08-02 21:09:07,2025-08-27 15:09:54
249,25,ef26d43b-4f10-4163-8174-6210edb0dceb,,Hệ điều hành mới cập nhật có lỗi gì không mọi người?,2024-09-25 02:28:04,2025-09-15 08:17:56
1592,2,de2a2b2d-ecf8-4c2c-894b-ddf63680f99a,511,"Mình cũng từng đến đó, cảnh đẹp thực sự nhưng dịch vụ chưa tốt lắm.",2025-08-15 08:20:10,
267,3,3659ba56-1673-4e28-a06e-494184f2b2f1,236,"Mình cũng từng đến đó, cảnh đẹp thực sự nhưng dịch vụ chưa tốt lắm.",2025-08-05 06:17:59,2025-10-11 19:09:03
674,50,efc806fe-553d-41b2-9be3-0c55e6416007,149,"Pin của máy này đúng là một điểm trừ lớn, @dung.phan6 ạ.",2023-12-29 16:54:32,
1087,5,8b62d81c-10ea-4575-8b2e-5f56f3a99119,594,Hoàn toàn đồng ý với @son.ly57. Tiềm năng của AI là vô hạn.,2025-06-17 19:23:54,2025-07-02 10:54:38
1565,7,890c97b5-b1df-41c1-a192-4f6a6b86c165,875,"@trung.nguyen9, siêu phẩm của cầu thủ đó đúng là không thể tin được!",2025-10-12 10:54:02,
1354,9,b267cf12-0d28-491b-b821-12def71bd372,430,"Pin của máy này đúng là một điểm trừ lớn, @tuan.le89 ạ.",2025-08-22 06:32:02,2025-09-30 20:10:22
1362,41,981e5ea6-b2ae-4aad-a217-f3999a1eca3b,50,"@cuong.do38, siêu phẩm của cầu thủ đó đúng là không thể tin được!",2025-04-01 01:04:01,2025-05-06 21:51:04
335,44,ce2f2663-09fe-4373-a44e-3286b4b599cc,307,Chính xác! Lối chơi của đội bóng này quá thuyết phục.,2025-03-15 16:19:16,2025-09-30 18:43:30
388,12,b636b593-f99a-4047-99c5-d84d0be7abef,228,"Cảm ơn gợi ý của @minh.ngo82, mình sẽ cân nhắc địa điểm này.",2025-05-09 22:30:25,2025-06-20 10:07:56
1315,28,094e686b-9dbc-48d9-869f-d24e52e5399a,813,"Cảm ơn gợi ý của @mai.pham55, mình sẽ cân nhắc địa điểm này.",2025-09-21 20:42:29,2025-10-10 12:50:26
690,11,3ee7afc0-161c-4e12-87c4-6d8999d8ddf3,56,"Mình cũng từng đến đó, cảnh đẹp thực sự nhưng dịch vụ chưa tốt lắm.",2025-10-04 18:09:17,2025-10-06 01:55:16
1860,11,1a064d11-5236-4b8a-a25c-ac002772b2ad,433,"Mình nghĩ ngược lại, đây là cơ hội tốt để bắt đáy một số mã tiềm năng.",2025-06-20 00:59:27,2025-08-20 23:07:31
1167,15,a475ef2c-d5c9-48a4-83ef-d04d1595b97e,575,"Pin của máy này đúng là một điểm trừ lớn, @an.nguyen54 ạ.",2025-09-04 13:22:20,
31,39,0163cf9b-fe10-4ac9-a33e-d76fcadb87ba,,Cổ phiếu ngành công nghệ đang dẫn dắt thị trường.,2022-02-08 22:07:42,2025-06-02 05:39:35
15,49,b633242c-be5a-4e15-ac8d-989253896723,,Hệ điều hành mới cập nhật có lỗi gì không mọi người?,2023-01-21 03:14:31,2025-07-20 17:52:18
1863,39,1a064d11-5236-4b8a-a25c-ac002772b2ad,,Ai có kinh nghiệm du lịch một mình không?,2025-07-14 19:49:10,
1671,45,665e29a7-8bc4-4988-b103-40afcf4bde3a,,Mình đang tìm review chi tiết về chuyến đi Hà Giang.,2024-12-01 21:48:06,2024-12-22 06:59:10
140,50,730bb91f-fe34-432c-b167-8db8a48c8e7d,77,"@dung.bui21 nói có lý, đa dạng hóa danh mục là chiến lược an toàn nhất.",2023-04-13 19:31:43,2024-07-10 12:12:00
128,6,558cdd20-e089-414a-b7bd-18fca64d2608,23,"@huy.phan72, siêu phẩm của cầu thủ đó đúng là không thể tin được!",2025-02-02 05:28:32,2025-06-18 19:50:11
167,23,e83a5f3b-f2b2-4060-ba11-a0a2c6cb812a,,Hệ điều hành mới cập nhật có lỗi gì không mọi người?,2024-04-28 14:50:55,2025-03-03 21:18:00
24,19,5c732c78-6c05-4d6b-9a31-adc02ce52b1f,,Cổ phiếu ngành công nghệ đang dẫn dắt thị trường.,2021-08-04 19:11:15,2025-04-27 18:01:58
1103,21,37848612-cce9-420c-b9c5-165185a1cf47,,Trận đấu tối qua mãn nhãn thật sự!,2023-06-03 10:36:00,2025-08-12 14:25:49
1665,43,665e29a7-8bc4-4988-b103-40afcf4bde3a,800,Bạn @long.vo80 có thể chia sẻ thêm về chi phí được không?,2025-10-07 11:08:07,2025-10-08 20:22:37
1837,27,adece442-cc7e-40b7-9e85-f0c1817b849e,1028,"Cảm ơn gợi ý của @ly.tran34, mình sẽ cân nhắc địa điểm này.",2025-09-25 14:34:17,
1357,10,b267cf12-0d28-491b-b821-12def71bd372,,Hè này nên đi biển nào đẹp mà vắng người nhỉ?,2024-01-29 06:35:35,2025-01-11 21:24:46
1575,44,dcc6fec8-9b34-4630-b0c0-58473b4b05d3,475,"@son.huynh36, siêu phẩm của cầu thủ đó đúng là không thể tin được!",2024-03-10 12:36:47,2025-03-02 06:51:46
117,26,9fce07f6-a324-4ca3-ba5b-34b8cdf5e772,80,"@quan.ly33 nói có lý, đa dạng hóa danh mục là chiến lược an toàn nhất.",2023-04-13 05:10:25,2024-04-30 10:38:18
1056,35,2ba25d27-054a-4276-b617-b09400506beb,,Trận đấu tối qua mãn nhãn thật sự!,2021-07-08 02:59:29,2025-03-07 13:48:51
1550,31,d0ae899a-a47e-40e7-a1d6-d1535cd14050,361,"Cảm ơn gợi ý của @uyen.nguyen28, mình sẽ cân nhắc địa điểm này.",2022-06-13 10:26:52,2023-06-30 05:44:37
1363,16,981e5ea6-b2ae-4aad-a217-f3999a1eca3b,89,"Cảm ơn gợi ý của @linh.nguyen73, mình sẽ cân nhắc địa điểm này.",2024-07-21 22:30:47,2024-12-02 02:56:21
1164,45,a475ef2c-d5c9-48a4-83ef-d04d1595b97e,416,Bạn @mai.tran45 có thể chia sẻ thêm về chi phí được không?,2025-10-01 21:29:18,2025-10-09 19:37:59
928,40,d237f7a5-889b-4d82-ba71-5a182faddcfb,671,Chính xác! Lối chơi của đội bóng này quá thuyết phục.,2024-05-31 13:28:45,2024-07-08 21:26:20
797,37,ad430d70-4140-4b24-a017-69775e91dccb,735,"Mình vừa cập nhật xong, có vẻ mượt hơn nhưng hơi nóng máy.",2023-01-14 14:29:30,2024-05-13 08:59:02
833,4,9337146c-7a85-4297-93f9-527dae26627c,,Mọi người nghĩ sao về thị trường chứng khoán tuần tới?,2022-11-11 19:19:12,2025-05-02 18:12:57
1084,21,5e53bdd5-f2c2-4f9b-b4a3-2b6f75fb71a0,381,"Mình cũng từng đến đó, cảnh đẹp thực sự nhưng dịch vụ chưa tốt lắm.",2025-09-08 01:43:38,2025-10-05 13:13:42
76,46,2cc4a664-5344-4d07-9400-8642f7a67053,,Lãi suất tiết kiệm dạo này có vẻ không hấp dẫn lắm.,2023-02-25 18:41:38,2023-11-12 13:37:03
685,26,efc806fe-553d-41b2-9be3-0c55e6416007,320,"Mình nghĩ ngược lại, đây là cơ hội tốt để bắt đáy một số mã tiềm năng.",2024-11-22 06:07:04,2025-07-20 16:24:05
1178,39,c989f043-1fda-49c3-80df-f91cbb2c9778,989,"Tôi đồng ý với @trung.phan13, giai đoạn này nên cẩn trọng.",2025-10-12 02:48:20,
1009,33,b750f3e9-2058-44de-8f1d-581034609513,852,Chính xác! Lối chơi của đội bóng này quá thuyết phục.,2025-05-11 14:34:27,2025-06-03 03:43:41
909,20,eea6a721-d4a0-472a-89df-4aab251135fd,60,"Mình nghĩ ngược lại, đây là cơ hội tốt để bắt đáy một số mã tiềm năng.",2025-07-06 23:22:13,2025-07-21 10:18:45
666,27,b056bf4f-5fca-41ed-a4d6-4e80beeb7d9b,,Ai có kinh nghiệm du lịch một mình không?,2022-06-17 18:25:45,2024-04-24 03:49:48
133,9,e8d237e0-6434-4187-b557-9ec1b593b219,,AI đang thay đổi thế giới nhanh hơn chúng ta tưởng.,2021-04-14 15:11:31,2023-01-04 03:53:33
742,5,4a94fc33-9f2a-4411-946b-36e55744c86a,590,Bạn @quan.ho94 có thể chia sẻ thêm về chi phí được không?,2021-07-05 22:31:16,2022-02-16 18:49:45
1504,3,f4e8c5e8-1322-4d81-8395-e0d785d687f5,1097,Bạn @giang.dang84 có thể chia sẻ thêm về chi phí được không?,2025-05-12 07:14:07,2025-06-11 20:04:25
1872,50,6be9cf23-fa35-47d5-88d2-bba3a6336bff,674,"Cảm ơn chia sẻ của @hung.le27, rất hữu ích cho người mới như mình.",2024-11-10 03:11:23,
1292,16,7762a243-b058-43c0-8673-e8dec2b7e69a,921,"Cảm ơn gợi ý của @trung.phan58, mình sẽ cân nhắc địa điểm này.",2025-10-02 20:50:13,
1059,15,2ba25d27-054a-4276-b617-b09400506beb,963,Bạn @thanh.dang25 có thể chia sẻ thêm về chi phí được không?,2023-10-25 05:11:36,2023-11-05 10:19:55
1617,28,0b5b8c26-f5e6-4918-94b6-97cb81144a1e,711,Hoàn toàn đồng ý với @binh.bui59. Tiềm năng của AI là vô hạn.,2025-01-02 22:02:31,
1865,35,6be9cf23-fa35-47d5-88d2-bba3a6336bff,634,Bạn @giang.dang12 có thể chia sẻ thêm về chi phí được không?,2025-10-12 01:47:04,
209,30,da97631f-a81c-4c05-b568-75b060d3146c,84,"Mình cũng từng đến đó, cảnh đẹp thực sự nhưng dịch vụ chưa tốt lắm.",2022-08-24 09:29:44,2025-08-15 22:07:37
1523,12,d253c5c7-9841-4c5a-b9b8-e48ccdef41c6,584,Hoàn toàn đồng ý với @quan.ho94. Tiềm năng của AI là vô hạn.,2024-02-19 03:08:35,2025-06-23 14:23:44
1525,7,d253c5c7-9841-4c5a-b9b8-e48ccdef41c6,,Hệ điều hành mới cập nhật có lỗi gì không mọi người?,2021-11-23 20:23:11,
233,40,5403dc51-6709-460c-90b3-8e9abebce43a,,Trận đấu tối qua mãn nhãn thật sự!,2023-02-27 03:28:41,2023-06-02 01:59:12
756,24,94c76233-4baa-4ee0-a608-23aa9e3f0d10,,Ai có kinh nghiệm du lịch một mình không?,2023-12-19 21:10:11,2024-09-07 16:28:33
844,3,4dd170a4-98d7-4fff-bfa0-2bf249a5e9b9,714,"Cảm ơn chia sẻ của @binh.bui59, rất hữu ích cho người mới như mình.",2025-07-10 17:19:19,2025-09-20 02:41:35
1774,26,c3b6ca30-981d-4d63-b9e6-bebe433bb0c1,730,"@huy.dang91, siêu phẩm của cầu thủ đó đúng là không thể tin được!",2025-07-11 17:02:59,2025-09-10 21:19:39
57,30,6eed39c9-83b8-43e6-95ab-83c9625e1bf8,,Mọi người nghĩ sao về thị trường chứng khoán tuần tới?,2021-02-25 10:07:45,2024-04-01 22:20:53
1369,28,981e5ea6-b2ae-4aad-a217-f3999a1eca3b,1048,"Mình vừa cập nhật xong, có vẻ mượt hơn nhưng hơi nóng máy.",2024-08-23 16:38:42,2025-07-28 15:06:10
276,15,e31c97ef-6df9-4973-830e-296b7767e786,199,Bạn @huy.phan78 có thể chia sẻ thêm về chi phí được không?,2025-09-11 11:47:23,2025-09-21 00:21:42
1513,44,83985159-bd84-419d-bf60-254aebb0262f,383,"Pin của máy này đúng là một điểm trừ lớn, @phuong.dang46 ạ.",2025-04-05 12:29:51,2025-06-29 13:07:53
381,21,674d8dfb-d588-4512-8ca9-941665abd3ba,38,"Mình nghĩ ngược lại, đây là cơ hội tốt để bắt đáy một số mã tiềm năng.",2025-01-18 00:07:38,
1465,15,bf46abbb-42e1-4a7b-a932-a518c66f6f1b,640,"@phuc.ngo62 nói có lý, đa dạng hóa danh mục là chiến lược an toàn nhất.",2024-06-29 06:47:27,2025-08-10 19:29:43
898,48,5d95432f-fd4f-4afe-a9b4-c848100d686f,211,"Cảm ơn chia sẻ của @phong.bui21, rất hữu ích cho người mới như mình.",2025-10-01 21:36:29,
1440,29,baf3ea12-992f-4397-8b59-b2fd97ab99e6,1406,"Mình nghĩ ngược lại, đây là cơ hội tốt để bắt đáy một số mã tiềm năng.",2024-11-13 09:07:36,2025-03-13 16:21:12
1641,35,8dc985de-9394-4139-9ad1-37987eaf5e6a,1193,"Cảm ơn gợi ý của @minh.ngo29, mình sẽ cân nhắc địa điểm này.",2023-09-02 15:28:30,2023-11-12 22:54:09
1738,48,a1b3e507-127b-4966-931e-49e72a9fd248,1599,"@anh.nguyen33 nói có lý, đa dạng hóa danh mục là chiến lược an toàn nhất.",2025-09-15 02:27:11,2025-09-27 21:09:20
1745,5,c22e109c-a0b9-4658-9be1-5cb534b5abdd,682,"Tôi đồng ý với @hung.le27, giai đoạn này nên cẩn trọng.",2024-05-03 19:55:07,2025-06-30 23:26:49
477,41,068eab4c-e244-4067-a25b-5c39c4243335,21,"Pin của máy này đúng là một điểm trừ lớn, @uyen.huynh30 ạ.",2025-06-05 03:13:14,2025-06-30 00:27:22
854,42,3c3e87f2-aeed-42fc-858d-c7d68a888977,,Bạn nghĩ ai sẽ vô địch giải năm nay?,2025-03-02 20:23:04,2025-08-06 00:02:17
301,43,345fa40b-a3ba-4e25-9f11-e2887cfbfacb,237,"Mình vừa cập nhật xong, có vẻ mượt hơn nhưng hơi nóng máy.",2025-04-04 23:24:43,2025-05-05 13:31:42
680,22,efc806fe-553d-41b2-9be3-0c55e6416007,,Hè này nên đi biển nào đẹp mà vắng người nhỉ?,2021-08-18 12:49:06,2022-03-23 08:46:16
897,18,5d95432f-fd4f-4afe-a9b4-c848100d686f,791,Bạn @quan.tran70 có thể chia sẻ thêm về chi phí được không?,2025-10-11 09:48:10,
1909,33,d965c94d-c07e-41e0-bebc-ef03e65ba249,1273,"@dung.bui67 nói có lý, đa dạng hóa danh mục là chiến lược an toàn nhất.",2025-04-24 00:28:09,
384,26,674d8dfb-d588-4512-8ca9-941665abd3ba,354,Hoàn toàn đồng ý với @cuong.nguyen2. Tiềm năng của AI là vô hạn.,2025-03-26 19:05:41,2025-03-29 12:58:52
643,43,b8aeaea7-fc15-49e6-9716-0e7a3e47e485,168,"Mình cũng từng đến đó, cảnh đẹp thực sự nhưng dịch vụ chưa tốt lắm.",2025-04-22 11:50:12,
1224,26,7343136b-2e88-4971-b8fa-5c716baf69c5,1061,"Mình nghĩ ngược lại, đây là cơ hội tốt để bắt đáy một số mã tiềm năng.",2025-08-25 03:59:12,2025-09-07 18:13:28
1086,43,5e53bdd5-f2c2-4f9b-b4a3-2b6f75fb71a0,1045,"Cảm ơn gợi ý của @yen.pham41, mình sẽ cân nhắc địa điểm này.",2025-10-10 13:20:58,2025-10-12 04:22:06
1319,32,094e686b-9dbc-48d9-869f-d24e52e5399a,1157,"Mình vừa cập nhật xong, có vẻ mượt hơn nhưng hơi nóng máy.",2024-02-09 09:22:16,2024-04-27 19:40:03
479,25,f80007f3-1699-4187-a951-9485f726f93a,405,"Pin của máy này đúng là một điểm trừ lớn, @an.bui66 ạ.",2025-05-03 20:15:26,
543,17,72d7d5d0-90ce-45d6-aff6-594b45892680,342,"Pin của máy này đúng là một điểm trừ lớn, @mai.ho42 ạ.",2023-06-10 13:59:55,
1338,13,74c820c9-1b60-47da-ae3d-c78c21166412,,Cổ phiếu ngành công nghệ đang dẫn dắt thị trường.,2025-08-02 10:58:37,2025-08-25 02:22:48
1574,14,dcc6fec8-9b34-4630-b0c0-58473b4b05d3,106,"Mình không nghĩ vậy, @phong.le95. Phong độ của họ khá thất thường.",2024-12-16 14:21:14,
1269,36,67110453-c058-44ab-9f08-5c921b596755,862,"@quynh.phan70, siêu phẩm của cầu thủ đó đúng là không thể tin được!",2025-08-03 15:07:27,2025-08-20 10:05:53
284,6,82c35ed5-c8c5-48f3-97ed-b3ced4113a1b,,Hè này nên đi biển nào đẹp mà vắng người nhỉ?,2023-11-09 20:10:51,2024-01-26 05:47:39
1744,1,c22e109c-a0b9-4658-9be1-5cb534b5abdd,1596,Bạn @an.ly72 có thể chia sẻ thêm về chi phí được không?,2024-03-09 12:31:17,
1436,22,baf3ea12-992f-4397-8b59-b2fd97ab99e6,507,"Cảm ơn chia sẻ của @nam.le67, rất hữu ích cho người mới như mình.",2025-01-01 08:42:06,2025-04-06 18:37:30
185,3,31ed8aee-fc75-4c82-b2fd-79886f7f2975,,"Có ai có kinh nghiệm đầu tư vàng không, chia sẻ cho mình với!",2025-05-26 17:31:53,2025-08-20 16:42:26
621,46,039c7ae3-9a6f-4f22-867c-a8d4c2115798,,Cầu thủ yêu thích của mọi người là ai?,2023-10-17 05:22:34,2024-10-09 10:44:21
616,24,039c7ae3-9a6f-4f22-867c-a8d4c2115798,497,"Cảm ơn chia sẻ của @nga.nguyen17, rất hữu ích cho người mới như mình.",2025-01-02 23:34:30,2025-10-02 23:38:16
1841,18,199e9964-4bd3-4256-9712-80cbec5f60e5,,Mẫu điện thoại mới ra mắt có đáng tiền không?,2021-10-16 00:51:23,2024-07-29 09:15:37
1739,11,a1b3e507-127b-4966-931e-49e72a9fd248,,Trận đấu tối qua mãn nhãn thật sự!,2025-01-14 18:47:48,2025-10-09 20:18:55
1542,4,d0ae899a-a47e-40e7-a1d6-d1535cd14050,,Bạn nghĩ ai sẽ vô địch giải năm nay?,2025-05-01 04:51:19,
609,21,b3fea15e-e79d-47c5-9654-871ab8adf20b,453,Bạn @mai.ngo85 có thể chia sẻ thêm về chi phí được không?,2025-07-20 23:17:39,2025-08-17 19:40:45
594,5,4ededee4-76ee-4d43-9438-b527547a026a,,Hè này nên đi biển nào đẹp mà vắng người nhỉ?,2022-07-08 14:45:50,2023-04-29 08:16:03
1768,9,b13543fe-01b6-461e-a0ca-69f31cc0aa2d,,Bạn nghĩ ai sẽ vô địch giải năm nay?,2023-07-24 00:43:31,
55,5,6eed39c9-83b8-43e6-95ab-83c9625e1bf8,47,Hoàn toàn đồng ý với @cuong.do38. Tiềm năng của AI là vô hạn.,2025-09-19 07:32:56,2025-10-02 17:04:32
304,9,345fa40b-a3ba-4e25-9f11-e2887cfbfacb,,Cầu thủ yêu thích của mọi người là ai?,2023-06-06 18:42:54,2024-06-10 14:47:47
1407,50,ae60094a-ce56-42f6-8a10-a68c0b3858bc,1204,Hoàn toàn đồng ý với @chi.dang36. Tiềm năng của AI là vô hạn.,2025-09-05 23:15:45,2025-09-29 22:15:15
1347,13,b267cf12-0d28-491b-b821-12def71bd372,11,Chính xác! Lối chơi của đội bóng này quá thuyết phục.,2025-08-29 04:54:20,2025-09-23 10:56:11
996,47,27171e8b-0e9d-4d94-b60f-0414e202474e,156,"Pin của máy này đúng là một điểm trừ lớn, @chi.ho52 ạ.",2024-03-20 12:53:06,2025-06-03 10:12:47
1329,26,4b55fb02-6e30-4507-8188-323d0418e549,384,Hoàn toàn đồng ý với @phuong.dang46. Tiềm năng của AI là vô hạn.,2025-05-22 02:45:09,2025-06-11 06:23:44
704,15,3f4ede28-9173-47ec-922c-2bdad505777f,441,Bạn @thao.tran88 có thể chia sẻ thêm về chi phí được không?,2025-05-11 08:28:50,2025-09-15 16:01:25
1710,12,470e881c-26f1-4872-8ce1-f347784a6267,9,"@phuong.nguyen29, siêu phẩm của cầu thủ đó đúng là không thể tin được!",2024-05-01 09:41:05,2024-11-08 03:12:14
1957,45,32946ab7-b119-433b-82b1-d0b14ea7b46e,,Lãi suất tiết kiệm dạo này có vẻ không hấp dẫn lắm.,2025-08-28 16:33:15,2025-09-05 20:02:29
1399,13,e82426f4-ca2c-44a2-9725-ed860ac12326,1347,"Mình vừa cập nhật xong, có vẻ mượt hơn nhưng hơi nóng máy.",2025-09-06 04:22:20,2025-10-12 02:54:47
715,6,b191e786-b25e-4774-b46a-d81200752052,,Ai có kinh nghiệm du lịch một mình không?,2022-03-15 06:38:24,2024-07-16 04:28:11
1192,30,80a5f18d-bdd2-40f9-80db-38bbba7c030f,1100,"Mình nghĩ ngược lại, đây là cơ hội tốt để bắt đáy một số mã tiềm năng.",2025-09-15 14:01:01,2025-10-08 19:33:39
1365,2,981e5ea6-b2ae-4aad-a217-f3999a1eca3b,96,Chính xác! Lối chơi của đội bóng này quá thuyết phục.,2025-07-27 23:25:41,2025-08-02 23:57:30
1331,29,74c820c9-1b60-47da-ae3d-c78c21166412,412,"Cảm ơn gợi ý của @mai.tran45, mình sẽ cân nhắc địa điểm này.",2024-01-08 16:55:29,2025-02-16 02:56:48
1654,24,d1635d17-86e6-4541-8a63-69f6903f7e07,272,"Cảm ơn gợi ý của @ha.ngo45, mình sẽ cân nhắc địa điểm này.",2025-06-08 21:03:58,2025-06-15 19:22:54
979,19,c1788a35-25d3-489c-a121-2a0c0cea43aa,,Ai có kinh nghiệm du lịch một mình không?,2021-09-26 22:09:04,2023-09-21 05:27:18
375,37,674d8dfb-d588-4512-8ca9-941665abd3ba,360,"@uyen.nguyen28, siêu phẩm của cầu thủ đó đúng là không thể tin được!",2025-09-26 20:56:41,
1126,32,461f4df7-ebed-4c69-8f17-2db9e68af074,692,"Mình nghĩ ngược lại, đây là cơ hội tốt để bắt đáy một số mã tiềm năng.",2025-05-09 18:20:56,2025-07-11 07:32:39
1553,37,890c97b5-b1df-41c1-a192-4f6a6b86c165,,Hè này nên đi biển nào đẹp mà vắng người nhỉ?,2023-05-19 12:05:09,2024-05-10 14:29:26
1748,22,c22e109c-a0b9-4658-9be1-5cb534b5abdd,649,"Tôi đồng ý với @phuc.ngo62, giai đoạn này nên cẩn trọng.",2025-08-02 20:05:01,2025-10-03 20:28:09
109,36,48bc63e9-543c-41fa-a4f3-452366917166,,Bạn nghĩ ai sẽ vô địch giải năm nay?,2023-05-23 23:43:52,2024-11-11 16:36:13
13,32,b633242c-be5a-4e15-ac8d-989253896723,,Bạn nghĩ ai sẽ vô địch giải năm nay?,2021-03-05 02:44:21,2023-02-26 10:18:22
1597,46,de2a2b2d-ecf8-4c2c-894b-ddf63680f99a,482,"Cảm ơn gợi ý của @quynh.do33, mình sẽ cân nhắc địa điểm này.",2025-09-11 00:45:43,2025-10-12 00:37:30
1544,34,d0ae899a-a47e-40e7-a1d6-d1535cd14050,,Mẫu điện thoại mới ra mắt có đáng tiền không?,2021-05-09 10:39:59,2023-06-23 13:30:23
1645,28,8dc985de-9394-4139-9ad1-37987eaf5e6a,,Bạn nghĩ ai sẽ vô địch giải năm nay?,2025-09-06 09:45:31,2025-10-03 06:24:16
1125,9,461f4df7-ebed-4c69-8f17-2db9e68af074,1041,"Cảm ơn gợi ý của @anh.nguyen7, mình sẽ cân nhắc địa điểm này.",2025-10-12 07:42:57,
790,38,02682162-576c-4e38-acc1-3112c0d1b8cc,737,"Mình cũng từng đến đó, cảnh đẹp thực sự nhưng dịch vụ chưa tốt lắm.",2025-09-06 16:00:11,2025-09-09 13:04:42
10,28,b633242c-be5a-4e15-ac8d-989253896723,,Lãi suất tiết kiệm dạo này có vẻ không hấp dẫn lắm.,2021-07-08 21:37:02,2021-10-18 10:27:30
1408,21,ae60094a-ce56-42f6-8a10-a68c0b3858bc,605,Bạn @quan.dang49 có thể chia sẻ thêm về chi phí được không?,2025-09-13 11:10:55,2025-09-22 15:01:18
90,48,23b59c80-4a91-47ee-b051-7eacf6f2ca41,7,"Pin của máy này đúng là một điểm trừ lớn, @thao.tran50 ạ.",2025-08-14 00:42:43,2025-09-22 04:43:18
206,8,f71236dc-e977-45d8-96b4-d2b25a04b364,,AI đang thay đổi thế giới nhanh hơn chúng ta tưởng.,2022-01-05 11:39:40,2025-06-14 11:27:38
696,22,31031836-669c-4a2d-b2b1-0c68a167f3d9,231,"Cảm ơn gợi ý của @nga.bui96, mình sẽ cân nhắc địa điểm này.",2025-07-29 17:40:32,
1510,36,83985159-bd84-419d-bf60-254aebb0262f,152,"@dung.phan6 nói có lý, đa dạng hóa danh mục là chiến lược an toàn nhất.",2024-11-22 10:15:08,2025-07-03 08:50:58
1270,32,67110453-c058-44ab-9f08-5c921b596755,1225,"Pin của máy này đúng là một điểm trừ lớn, @trang.le42 ạ.",2025-03-24 22:23:13,2025-04-17 07:37:18
993,37,27171e8b-0e9d-4d94-b60f-0414e202474e,360,"@uyen.nguyen28, siêu phẩm của cầu thủ đó đúng là không thể tin được!",2025-10-04 00:17:12,2025-10-11 07:53:53
77,50,2cc4a664-5344-4d07-9400-8642f7a67053,,Mình đang tìm review chi tiết về chuyến đi Hà Giang.,2021-11-13 07:26:38,2023-02-06 17:49:51
998,41,27171e8b-0e9d-4d94-b60f-0414e202474e,,Hè này nên đi biển nào đẹp mà vắng người nhỉ?,2023-03-28 16:46:55,
863,40,5f39590f-e3eb-4b91-80f9-8c5b67dc03dc,671,"Mình nghĩ ngược lại, đây là cơ hội tốt để bắt đáy một số mã tiềm năng.",2025-09-23 06:02:01,2025-09-29 09:08:18
1737,5,a1b3e507-127b-4966-931e-49e72a9fd248,1683,"Mình vừa cập nhật xong, có vẻ mượt hơn nhưng hơi nóng máy.",2024-08-18 04:27:08,2024-10-22 21:57:28
575,15,4f196b62-051a-4252-8f90-3f551a46764a,339,Chính xác! Lối chơi của đội bóng này quá thuyết phục.,2025-08-25 00:00:07,2025-08-28 11:06:15
940,23,c76ec385-7bb5-4a48-9a2d-8e417c95909f,557,"Cảm ơn chia sẻ của @vy.vo57, rất hữu ích cho người mới như mình.",2024-08-23 13:41:31,
1012,18,b750f3e9-2058-44de-8f1d-581034609513,,Cầu thủ yêu thích của mọi người là ai?,2022-01-06 07:55:25,2024-10-17 23:10:09
962,9,ac2f79b5-3bce-4b00-bf99-69ae46a13db3,864,"Cảm ơn chia sẻ của @yen.phan41, rất hữu ích cho người mới như mình.",2022-01-07 05:02:15,2023-02-10 12:05:21
1917,27,81e5b657-e22e-4b31-9ce4-68417ad208b3,1058,"Cảm ơn gợi ý của @hieu.tran16, mình sẽ cân nhắc địa điểm này.",2025-06-22 20:08:53,2025-06-28 12:41:04
1320,18,9ee675a6-df62-4830-b7cf-882716155ab2,499,Bạn @nga.nguyen17 có thể chia sẻ thêm về chi phí được không?,2024-12-27 19:12:34,
1461,13,bf46abbb-42e1-4a7b-a932-a518c66f6f1b,1428,"@vy.vu83 nói có lý, đa dạng hóa danh mục là chiến lược an toàn nhất.",2025-10-12 14:12:12,
1938,15,4932a133-4308-4b70-94a3-42ffe287bb72,,Cổ phiếu ngành công nghệ đang dẫn dắt thị trường.,2024-09-29 23:06:02,2025-03-13 07:22:26
1651,24,f628255e-4b29-4bd5-9cf2-211976e376f7,505,"@nam.le67, siêu phẩm của cầu thủ đó đúng là không thể tin được!",2025-04-05 21:57:40,2025-05-18 16:49:04
18,34,6b654c3a-4ade-4da9-a267-5c9ab8730007,,Bạn nghĩ ai sẽ vô địch giải năm nay?,2022-01-22 08:50:21,2023-04-01 15:18:13
1702,11,e34bce11-986f-4fd2-827a-a1cbad17a758,495,Hoàn toàn đồng ý với @nga.nguyen17. Tiềm năng của AI là vô hạn.,2023-12-09 11:09:02,2025-07-04 07:28:51
661,24,b056bf4f-5fca-41ed-a4d6-4e80beeb7d9b,32,"@khanh.tran16, siêu phẩm của cầu thủ đó đúng là không thể tin được!",2024-12-29 07:08:36,2025-08-14 03:25:46
1566,48,16136f3a-0c6c-42ed-8d77-265734a470f9,1013,"@dung.ho75 nói có lý, đa dạng hóa danh mục là chiến lược an toàn nhất.",2025-10-12 08:50:08,
533,42,72d7d5d0-90ce-45d6-aff6-594b45892680,454,Bạn @mai.ngo85 có thể chia sẻ thêm về chi phí được không?,2025-09-08 12:32:30,2025-09-09 23:56:45
455,44,3d597ea0-7f18-489a-8855-e09c59ba9241,335,"Mình không nghĩ vậy, @viet.huynh65. Phong độ của họ khá thất thường.",2025-04-06 01:48:48,2025-04-24 23:53:29
241,13,45d67185-7732-46ce-b99c-93197a66fb41,16,"@phuong.nguyen29 nói có lý, đa dạng hóa danh mục là chiến lược an toàn nhất.",2025-08-15 09:44:22,
183,20,26221568-2dd9-4f97-87cc-30caf520e300,64,"Cảm ơn gợi ý của @nga.phan87, mình sẽ cân nhắc địa điểm này.",2024-03-13 06:50:31,2024-03-21 04:10:15
934,25,68730859-9553-4fd9-bef2-555effa9a24f,571,Bạn @an.nguyen54 có thể chia sẻ thêm về chi phí được không?,2025-02-26 18:12:44,2025-04-23 08:09:35
104,45,068b8c0a-8f78-423d-b293-1ad31d4ada34,67,"@thanh.nguyen93, siêu phẩm của cầu thủ đó đúng là không thể tin được!",2024-10-08 05:19:10,2025-05-21 07:56:01
1210,36,54f99967-b1e7-4381-a84b-b371f4dca18b,,Hè này nên đi biển nào đẹp mà vắng người nhỉ?,2021-05-16 17:46:21,2022-09-08 01:10:57
947,2,c76ec385-7bb5-4a48-9a2d-8e417c95909f,,Lãi suất tiết kiệm dạo này có vẻ không hấp dẫn lắm.,2021-04-13 20:47:44,
1925,13,8970e406-9b50-4e00-a95a-5981ff43a890,,Cầu thủ yêu thích của mọi người là ai?,2025-03-11 20:18:51,
950,11,c76ec385-7bb5-4a48-9a2d-8e417c95909f,56,"Pin của máy này đúng là một điểm trừ lớn, @nga.phan87 ạ.",2024-08-17 01:45:57,2025-02-21 02:50:42
161,1,c2b7fb43-1a1f-43be-bb58-459a6035034c,139,"Mình cũng từng đến đó, cảnh đẹp thực sự nhưng dịch vụ chưa tốt lắm.",2023-08-10 21:41:04,2024-02-26 21:56:52
240,32,45d67185-7732-46ce-b99c-93197a66fb41,,Bạn nghĩ ai sẽ vô địch giải năm nay?,2021-02-20 11:42:28,2022-02-10 21:21:55
1330,16,4b55fb02-6e30-4507-8188-323d0418e549,581,Hoàn toàn đồng ý với @an.huynh62. Tiềm năng của AI là vô hạn.,2024-11-06 09:47:05,2025-04-26 13:05:04
1387,23,ea410176-f32c-4a93-b7bb-88f45b627720,,Bạn nghĩ ai sẽ vô địch giải năm nay?,2021-09-15 06:02:43,2023-12-01 19:47:29
1141,36,cbfb55b3-3380-4ef8-951b-8cb61c37e9d6,630,"Cảm ơn gợi ý của @giang.dang12, mình sẽ cân nhắc địa điểm này.",2025-10-09 17:20:21,2025-10-12 11:13:39
349,9,2ce01aad-5a0e-481d-b48c-382fe9a44381,,Cầu thủ yêu thích của mọi người là ai?,2025-08-08 10:19:03,
1540,23,d0ae899a-a47e-40e7-a1d6-d1535cd14050,,Hệ điều hành mới cập nhật có lỗi gì không mọi người?,2021-06-20 21:18:11,
277,45,e31c97ef-6df9-4973-830e-296b7767e786,119,"@minh.vu48, siêu phẩm của cầu thủ đó đúng là không thể tin được!",2025-07-20 00:00:28,2025-08-29 08:23:40
1014,35,f7917acf-8898-48f9-9230-807efbf161dd,820,"Mình cũng từng đến đó, cảnh đẹp thực sự nhưng dịch vụ chưa tốt lắm.",2025-01-12 12:46:07,2025-07-10 21:11:37
1770,15,b13543fe-01b6-461e-a0ca-69f31cc0aa2d,918,"Mình cũng từng đến đó, cảnh đẹp thực sự nhưng dịch vụ chưa tốt lắm.",2025-10-04 10:35:55,2025-10-10 02:25:56
1586,8,de2a2b2d-ecf8-4c2c-894b-ddf63680f99a,1254,"@trang.duong72 nói có lý, đa dạng hóa danh mục là chiến lược an toàn nhất.",2025-03-23 02:28:48,2025-04-27 17:40:07
1721,37,052ebf6c-7419-48de-b86d-f5d2ea1b5069,1314,Hoàn toàn đồng ý với @nga.bui58. Tiềm năng của AI là vô hạn.,2024-08-09 23:27:40,
1042,49,3a9f9977-8f1f-4051-8b13-6a3ce848d0fa,986,"Mình không nghĩ vậy, @trung.phan13. Phong độ của họ khá thất thường.",2024-02-21 11:46:44,2025-04-14 01:55:04
125,10,558cdd20-e089-414a-b7bd-18fca64d2608,,Mẫu điện thoại mới ra mắt có đáng tiền không?,2021-04-26 02:22:40,
800,43,ad430d70-4140-4b24-a017-69775e91dccb,731,"Cảm ơn gợi ý của @huy.dang91, mình sẽ cân nhắc địa điểm này.",2025-03-26 09:26:48,2025-07-21 03:44:44
245,12,ef26d43b-4f10-4163-8174-6210edb0dceb,,Ai có kinh nghiệm du lịch một mình không?,2022-01-02 02:20:17,2024-03-12 08:42:19
614,15,b3fea15e-e79d-47c5-9654-871ab8adf20b,276,"Cảm ơn chia sẻ của @ha.ngo45, rất hữu ích cho người mới như mình.",2025-10-09 07:15:32,2025-10-11 04:57:55
1229,42,97f9eaea-801b-44c2-99d2-119882ed170a,,Ai có kinh nghiệm du lịch một mình không?,2024-02-03 18:23:51,
1379,4,425306e0-588b-4e46-b172-a24a9fb85667,,Ai có kinh nghiệm du lịch một mình không?,2024-06-25 16:03:17,
943,24,c76ec385-7bb5-4a48-9a2d-8e417c95909f,647,"Mình vừa cập nhật xong, có vẻ mượt hơn nhưng hơi nóng máy.",2025-05-17 00:27:11,2025-08-22 02:12:24
204,11,f71236dc-e977-45d8-96b4-d2b25a04b364,,Mẫu điện thoại mới ra mắt có đáng tiền không?,2025-04-02 00:49:01,2025-06-17 00:18:20
1046,23,3409096c-49f5-4e2c-8d80-75f550174be7,124,"@long.pham43 nói có lý, đa dạng hóa danh mục là chiến lược an toàn nhất.",2023-07-14 23:13:29,2025-05-01 23:00:25
1564,50,890c97b5-b1df-41c1-a192-4f6a6b86c165,941,"Pin của máy này đúng là một điểm trừ lớn, @ngoc.phan89 ạ.",2025-08-10 09:55:30,2025-10-05 03:47:32
1406,29,ae60094a-ce56-42f6-8a10-a68c0b3858bc,,Hè này nên đi biển nào đẹp mà vắng người nhỉ?,2022-08-26 19:47:36,2024-12-30 18:27:21
1385,48,ea410176-f32c-4a93-b7bb-88f45b627720,1345,"Pin của máy này đúng là một điểm trừ lớn, @khanh.phan47 ạ.",2022-02-15 04:06:05,2022-12-07 08:49:50
632,24,b90b4730-cfb7-453d-8f46-364d39e9693c,574,"Tôi đồng ý với @an.nguyen54, giai đoạn này nên cẩn trọng.",2025-10-08 05:06:19,
1547,26,d0ae899a-a47e-40e7-a1d6-d1535cd14050,,Mình đang tìm review chi tiết về chuyến đi Hà Giang.,2021-02-15 09:08:22,
1443,39,baf3ea12-992f-4397-8b59-b2fd97ab99e6,1184,"@ngoc.hoang71 nói có lý, đa dạng hóa danh mục là chiến lược an toàn nhất.",2022-12-03 03:53:40,
50,41,33694092-0610-4088-8274-cedd56c1a2ec,3,"Cảm ơn chia sẻ của @thao.tran50, rất hữu ích cho người mới như mình.",2025-03-27 02:12:53,2025-06-07 15:51:35
1326,24,4b55fb02-6e30-4507-8188-323d0418e549,,Cổ phiếu ngành công nghệ đang dẫn dắt thị trường.,2021-01-26 18:16:26,2025-01-26 17:54:24
1152,30,903d2e0b-4282-4864-bf5a-f93fbcb0548d,1026,Bạn @ly.tran34 có thể chia sẻ thêm về chi phí được không?,2025-10-01 06:31:57,2025-10-02 12:05:15
1171,46,a475ef2c-d5c9-48a4-83ef-d04d1595b97e,,Cầu thủ yêu thích của mọi người là ai?,2025-03-14 00:24:24,2025-05-09 15:30:54
1053,47,3409096c-49f5-4e2c-8d80-75f550174be7,19,"Cảm ơn chia sẻ của @uyen.huynh30, rất hữu ích cho người mới như mình.",2025-09-23 04:37:52,2025-10-05 23:41:35
1920,20,8970e406-9b50-4e00-a95a-5981ff43a890,1829,Hoàn toàn đồng ý với @long.le3. Tiềm năng của AI là vô hạn.,2023-11-20 12:58:03,2024-11-08 06:13:55
149,50,f0f22b95-c10f-42e1-92b4-bcb0899b945e,,AI đang thay đổi thế giới nhanh hơn chúng ta tưởng.,2023-11-09 15:11:38,2025-05-09 10:15:50
669,30,b056bf4f-5fca-41ed-a4d6-4e80beeb7d9b,263,"@vy.hoang43 nói có lý, đa dạng hóa danh mục là chiến lược an toàn nhất.",2024-12-20 05:00:17,2025-07-29 12:11:40
1573,6,dcc6fec8-9b34-4630-b0c0-58473b4b05d3,,Hè này nên đi biển nào đẹp mà vắng người nhỉ?,2023-02-07 20:03:39,
721,19,03131c47-3d3b-4c55-9335-ba7174b609bb,,"Có ai có kinh nghiệm đầu tư vàng không, chia sẻ cho mình với!",2025-01-21 22:17:30,
981,32,090e12ce-980c-4f11-8812-340313f78ed0,,Mình đang tìm review chi tiết về chuyến đi Hà Giang.,2025-03-03 07:38:14,2025-09-16 08:53:40
1,17,b1c13a86-f3f3-4296-9ba5-03cce3a8b118,,AI đang thay đổi thế giới nhanh hơn chúng ta tưởng.,2025-04-30 02:22:53,2025-08-14 06:24:02
371,5,fc164408-145d-450e-84f6-df51ec926eca,202,"@huy.phan78, siêu phẩm của cầu thủ đó đúng là không thể tin được!",2025-09-28 05:33:38,2025-10-06 01:34:26
1662,13,665e29a7-8bc4-4988-b103-40afcf4bde3a,1361,"Mình không nghĩ vậy, @yen.le9. Phong độ của họ khá thất thường.",2024-10-20 19:03:57,2025-04-21 15:42:49
672,49,b056bf4f-5fca-41ed-a4d6-4e80beeb7d9b,,"Có ai có kinh nghiệm đầu tư vàng không, chia sẻ cho mình với!",2024-11-14 21:08:48,2025-04-30 06:16:10
1593,34,de2a2b2d-ecf8-4c2c-894b-ddf63680f99a,764,"Cảm ơn gợi ý của @huong.huynh38, mình sẽ cân nhắc địa điểm này.",2025-10-12 06:51:31,
272,24,e31c97ef-6df9-4973-830e-296b7767e786,34,"Cảm ơn chia sẻ của @khanh.tran16, rất hữu ích cho người mới như mình.",2025-05-04 13:45:47,2025-09-07 16:28:35
238,32,45d67185-7732-46ce-b99c-93197a66fb41,,Trận đấu tối qua mãn nhãn thật sự!,2024-10-10 11:55:33,2025-07-10 08:02:03
221,5,da97631f-a81c-4c05-b568-75b060d3146c,47,Hoàn toàn đồng ý với @cuong.do38. Tiềm năng của AI là vô hạn.,2025-09-26 00:11:07,2025-10-07 05:46:57
1896,3,be842cff-a287-403f-8e0e-435ce85830f5,14,"Mình không nghĩ vậy, @phuong.nguyen29. Phong độ của họ khá thất thường.",2025-01-23 07:02:35,2025-02-20 09:53:07
635,46,b90b4730-cfb7-453d-8f46-364d39e9693c,418,"Tôi đồng ý với @lan.nguyen31, giai đoạn này nên cẩn trọng.",2023-04-30 04:23:00,2024-06-22 02:30:59
6,43,b1c13a86-f3f3-4296-9ba5-03cce3a8b118,,Mẫu điện thoại mới ra mắt có đáng tiền không?,2024-06-10 04:11:24,2025-07-13 20:35:03
1212,27,54f99967-b1e7-4381-a84b-b371f4dca18b,783,Chính xác! Lối chơi của đội bóng này quá thuyết phục.,2022-07-31 16:33:07,2025-09-09 22:06:54
380,16,674d8dfb-d588-4512-8ca9-941665abd3ba,,Trận đấu tối qua mãn nhãn thật sự!,2024-08-23 10:37:39,
1156,23,903d2e0b-4282-4864-bf5a-f93fbcb0548d,1123,"@trung.duong7, siêu phẩm của cầu thủ đó đúng là không thể tin được!",2025-01-20 16:50:47,2025-02-18 07:29:44
1627,10,4615fdae-422e-4cf2-bf1e-46b8c3c3d7de,,Hè này nên đi biển nào đẹp mà vắng người nhỉ?,2021-12-27 14:37:30,
731,43,6d0ff78f-d123-4e4d-8ad9-f561b7c2bfa1,6,"Mình cũng từng đến đó, cảnh đẹp thực sự nhưng dịch vụ chưa tốt lắm.",2024-10-01 16:14:15,2024-12-04 16:44:38
1158,46,903d2e0b-4282-4864-bf5a-f93fbcb0548d,621,"Mình vừa cập nhật xong, có vẻ mượt hơn nhưng hơi nóng máy.",2023-11-08 06:45:26,2024-09-28 22:27:03
1169,4,a475ef2c-d5c9-48a4-83ef-d04d1595b97e,378,"Cảm ơn gợi ý của @phuong.dang46, mình sẽ cân nhắc địa điểm này.",2024-10-11 14:48:18,2025-03-28 00:11:24
926,40,d237f7a5-889b-4d82-ba71-5a182faddcfb,,Mọi người nghĩ sao về thị trường chứng khoán tuần tới?,2024-11-04 22:39:24,2025-08-01 14:13:16
1584,46,f1c8d0c6-0d8a-4442-87f3-76a3350c696f,668,Hoàn toàn đồng ý với @thang.duong74. Tiềm năng của AI là vô hạn.,2024-07-16 14:59:17,
415,7,6d0aaf6e-3dfe-4890-aefb-8bb73af2c068,,AI đang thay đổi thế giới nhanh hơn chúng ta tưởng.,2025-07-16 13:46:43,2025-08-19 05:42:21
454,42,3d597ea0-7f18-489a-8855-e09c59ba9241,286,Chính xác! Lối chơi của đội bóng này quá thuyết phục.,2025-08-31 01:22:51,
565,48,4f196b62-051a-4252-8f90-3f551a46764a,331,"@giang.pham59, siêu phẩm của cầu thủ đó đúng là không thể tin được!",2024-12-12 09:05:07,2025-09-12 08:09:05
1883,15,5faa0c5e-ef10-4b57-9a7d-9e2d69316dd5,640,Bạn @phuc.ngo62 có thể chia sẻ thêm về chi phí được không?,2023-07-09 19:47:27,2024-01-12 01:06:34
59,39,6eed39c9-83b8-43e6-95ab-83c9625e1bf8,31,"Mình không nghĩ vậy, @khanh.tran16. Phong độ của họ khá thất thường.",2022-05-04 21:25:35,2022-06-03 16:30:17
459,41,3d597ea0-7f18-489a-8855-e09c59ba9241,,Cầu thủ yêu thích của mọi người là ai?,2022-03-29 11:03:10,2022-09-15 03:06:39
1591,19,de2a2b2d-ecf8-4c2c-894b-ddf63680f99a,761,"Mình nghĩ ngược lại, đây là cơ hội tốt để bắt đáy một số mã tiềm năng.",2024-07-02 00:04:16,2024-11-27 13:24:28
154,27,f0f22b95-c10f-42e1-92b4-bcb0899b945e,,Lãi suất tiết kiệm dạo này có vẻ không hấp dẫn lắm.,2022-10-01 08:39:00,
260,35,9f010aa5-3bc0-454a-943d-06055f729f48,4,"Mình nghĩ ngược lại, đây là cơ hội tốt để bắt đáy một số mã tiềm năng.",2025-09-01 21:55:00,2025-09-12 22:55:30
67,45,6fa3fa03-a468-4ae0-8789-2f0d52493a6a,,Cổ phiếu ngành công nghệ đang dẫn dắt thị trường.,2024-08-04 15:21:57,2025-09-22 13:09:32
1217,20,7343136b-2e88-4971-b8fa-5c716baf69c5,362,"Mình cũng từng đến đó, cảnh đẹp thực sự nhưng dịch vụ chưa tốt lắm.",2024-06-14 10:51:14,
1496,11,f4e8c5e8-1322-4d81-8395-e0d785d687f5,,Ai có kinh nghiệm du lịch một mình không?,2023-08-27 23:42:15,2023-09-06 09:42:28
510,22,1866def4-c854-4bcc-a696-595f48c456c7,,"Có ai có kinh nghiệm đầu tư vàng không, chia sẻ cho mình với!",2023-05-09 22:28:50,2024-12-04 14:19:56
544,44,72d7d5d0-90ce-45d6-aff6-594b45892680,62,"Cảm ơn gợi ý của @nga.phan87, mình sẽ cân nhắc địa điểm này.",2022-01-11 14:21:19,2024-07-10 10:06:37
173,42,1d837871-8735-4141-83d9-592d9aef042a,111,"Mình vừa cập nhật xong, có vẻ mượt hơn nhưng hơi nóng máy.",2025-08-04 15:47:00,2025-08-28 03:06:22
1439,4,baf3ea12-992f-4397-8b59-b2fd97ab99e6,1379,"Pin của máy này đúng là một điểm trừ lớn, @ngoc.hoang58 ạ.",2024-11-28 22:48:59,2025-09-05 18:59:31
711,28,b191e786-b25e-4774-b46a-d81200752052,460,Hoàn toàn đồng ý với @mai.ngo85. Tiềm năng của AI là vô hạn.,2024-11-07 10:32:46,2025-02-11 20:26:37
1417,35,84b8c629-f1f2-412f-8c6f-a868ac314122,586,"Mình vừa cập nhật xong, có vẻ mượt hơn nhưng hơi nóng máy.",2025-09-21 05:05:20,2025-10-03 11:49:09
956,20,46d3ff51-b202-4f17-8491-52deeea23be1,631,Hoàn toàn đồng ý với @giang.dang12. Tiềm năng của AI là vô hạn.,2025-09-05 23:47:43,2025-10-07 03:35:16
406,44,0f8c2cba-0c9f-4de9-9cfb-e4c3a8aa3020,335,"Mình nghĩ ngược lại, đây là cơ hội tốt để bắt đáy một số mã tiềm năng.",2025-09-18 12:44:27,
1150,50,903d2e0b-4282-4864-bf5a-f93fbcb0548d,1139,"Cảm ơn chia sẻ của @tuan.vo26, rất hữu ích cho người mới như mình.",2025-06-12 13:23:02,2025-06-19 02:37:19
1303,10,3ce44e1a-9a8b-4da5-8152-2970fafb2922,1185,"Pin của máy này đúng là một điểm trừ lớn, @ngoc.hoang71 ạ.",2025-07-16 08:29:47,
1655,22,d1635d17-86e6-4541-8a63-69f6903f7e07,112,"Mình cũng từng đến đó, cảnh đẹp thực sự nhưng dịch vụ chưa tốt lắm.",2023-04-03 06:45:14,2024-07-22 15:29:29
682,5,efc806fe-553d-41b2-9be3-0c55e6416007,122,"Mình nghĩ ngược lại, đây là cơ hội tốt để bắt đáy một số mã tiềm năng.",2023-08-09 17:10:17,
1248,17,6f0a44cd-03bc-4d05-89e8-677b1a1c9629,103,"Mình không nghĩ vậy, @nam.nguyen21. Phong độ của họ khá thất thường.",2025-09-24 09:04:26,2025-10-07 07:58:46
917,31,eea6a721-d4a0-472a-89df-4aab251135fd,361,"@uyen.nguyen28, siêu phẩm của cầu thủ đó đúng là không thể tin được!",2024-12-12 00:08:57,2024-12-20 18:35:15
74,18,2cc4a664-5344-4d07-9400-8642f7a67053,48,"@cuong.do38, siêu phẩm của cầu thủ đó đúng là không thể tin được!",2025-09-13 17:13:49,2025-10-08 22:20:23
1050,30,3409096c-49f5-4e2c-8d80-75f550174be7,716,"@binh.bui59, siêu phẩm của cầu thủ đó đúng là không thể tin được!",2025-09-15 22:54:12,2025-10-07 16:23:36
1146,32,cbfb55b3-3380-4ef8-951b-8cb61c37e9d6,439,"Mình không nghĩ vậy, @ngoc.hoang46. Phong độ của họ khá thất thường.",2025-07-24 11:22:31,
442,33,9ea02c82-0222-47b0-b7e8-1685eaf1a7d7,,Cầu thủ yêu thích của mọi người là ai?,2023-12-06 00:20:33,2024-11-06 12:53:55
449,2,9ea02c82-0222-47b0-b7e8-1685eaf1a7d7,327,Hoàn toàn đồng ý với @giang.pham59. Tiềm năng của AI là vô hạn.,2025-10-12 06:52:59,
1615,21,0b5b8c26-f5e6-4918-94b6-97cb81144a1e,381,"Tôi đồng ý với @phuong.dang46, giai đoạn này nên cẩn trọng.",2025-07-01 07:38:10,2025-08-12 17:12:53
298,12,82a6e2a7-2fb1-4f26-b869-f784aeac3448,107,"Mình cũng từng đến đó, cảnh đẹp thực sự nhưng dịch vụ chưa tốt lắm.",2025-10-12 10:52:31,
475,44,068eab4c-e244-4067-a25b-5c39c4243335,,Hệ điều hành mới cập nhật có lỗi gì không mọi người?,2022-03-31 02:40:11,2023-09-24 07:40:23
1201,30,54f99967-b1e7-4381-a84b-b371f4dca18b,356,"Mình không nghĩ vậy, @cuong.nguyen2. Phong độ của họ khá thất thường.",2025-06-06 08:54:26,2025-07-16 15:11:31
1416,49,84b8c629-f1f2-412f-8c6f-a868ac314122,1174,Bạn @ngoc.hoang71 có thể chia sẻ thêm về chi phí được không?,2025-08-06 21:23:58,2025-08-15 13:47:27
1732,49,a1b3e507-127b-4966-931e-49e72a9fd248,,Ai có kinh nghiệm du lịch một mình không?,2021-10-18 23:47:07,2023-03-09 08:13:16
939,49,c76ec385-7bb5-4a48-9a2d-8e417c95909f,265,"Mình không nghĩ vậy, @vy.hoang43. Phong độ của họ khá thất thường.",2025-09-10 21:49:01,2025-10-09 22:48:15
1308,15,3ce44e1a-9a8b-4da5-8152-2970fafb2922,,Ai có kinh nghiệm du lịch một mình không?,2023-04-08 11:00:28,2025-09-27 02:27:03
1845,2,199e9964-4bd3-4256-9712-80cbec5f60e5,535,Chính xác! Lối chơi của đội bóng này quá thuyết phục.,2025-06-23 23:53:02,2025-08-05 17:46:48
1290,14,7762a243-b058-43c0-8673-e8dec2b7e69a,707,Chính xác! Lối chơi của đội bóng này quá thuyết phục.,2025-09-21 21:49:02,2025-10-11 07:18:23
1579,3,dcc6fec8-9b34-4630-b0c0-58473b4b05d3,,Trận đấu tối qua mãn nhãn thật sự!,2021-08-31 01:13:22,2022-08-14 19:08:58
1101,3,37848612-cce9-420c-b9c5-165185a1cf47,236,"@quan.ly98, siêu phẩm của cầu thủ đó đúng là không thể tin được!",2025-10-07 10:32:08,2025-10-11 05:14:00
1261,9,6f0a44cd-03bc-4d05-89e8-677b1a1c9629,,AI đang thay đổi thế giới nhanh hơn chúng ta tưởng.,2024-05-25 01:45:19,2024-06-18 11:20:53
1061,26,2ba25d27-054a-4276-b617-b09400506beb,675,"Pin của máy này đúng là một điểm trừ lớn, @hung.le27 ạ.",2025-07-01 02:42:16,2025-09-13 22:17:31
307,44,a2d5e807-e029-498a-b712-cff822988c18,95,"Mình không nghĩ vậy, @linh.nguyen73. Phong độ của họ khá thất thường.",2024-10-22 11:57:15,
484,35,f80007f3-1699-4187-a951-9485f726f93a,189,Bạn @trang.ho69 có thể chia sẻ thêm về chi phí được không?,2025-09-10 07:18:46,2025-09-15 14:37:07
1689,2,9fd87b6b-e1d6-4866-80a8-81acf6f4f257,839,"Pin của máy này đúng là một điểm trừ lớn, @hieu.dang14 ạ.",2025-10-06 20:59:56,2025-10-09 01:25:40
269,40,3659ba56-1673-4e28-a06e-494184f2b2f1,178,Hoàn toàn đồng ý với @giang.ho49. Tiềm năng của AI là vô hạn.,2024-03-21 20:00:49,2025-03-17 04:43:10
1343,18,74c820c9-1b60-47da-ae3d-c78c21166412,751,"Mình nghĩ ngược lại, đây là cơ hội tốt để bắt đáy một số mã tiềm năng.",2025-10-01 01:12:57,2025-10-05 17:42:12
461,31,3d597ea0-7f18-489a-8855-e09c59ba9241,341,"Cảm ơn chia sẻ của @mai.ho42, rất hữu ích cho người mới như mình.",2025-10-06 11:37:09,2025-10-08 18:08:51
953,9,46d3ff51-b202-4f17-8491-52deeea23be1,864,"@yen.phan41, siêu phẩm của cầu thủ đó đúng là không thể tin được!",2024-12-22 11:24:48,2024-12-31 18:02:04
772,28,71559a06-dc20-4bd6-a856-b7d3dfc7342c,711,"Cảm ơn gợi ý của @binh.bui59, mình sẽ cân nhắc địa điểm này.",2024-11-07 23:35:02,
532,50,6f3311a2-30ea-47fc-816b-00a60a5793c2,,AI đang thay đổi thế giới nhanh hơn chúng ta tưởng.,2022-10-05 05:46:58,2024-06-28 10:14:40
1514,44,83985159-bd84-419d-bf60-254aebb0262f,475,"Mình không nghĩ vậy, @son.huynh36. Phong độ của họ khá thất thường.",2024-10-16 23:49:22,2025-07-03 09:52:21
1036,13,6c2b17dc-1858-4419-8276-6599c7b6ed41,994,"Mình không nghĩ vậy, @anh.ho88. Phong độ của họ khá thất thường.",2025-10-06 09:06:11,2025-10-10 06:46:25
504,25,1866def4-c854-4bcc-a696-595f48c456c7,,Ai có kinh nghiệm du lịch một mình không?,2025-04-26 17:26:44,2025-08-05 13:17:20
469,18,1b9190c4-9957-48d4-b8e2-e751d28ae4e9,48,"Mình cũng từng đến đó, cảnh đẹp thực sự nhưng dịch vụ chưa tốt lắm.",2025-09-22 09:20:52,2025-10-04 10:02:11
98,6,068b8c0a-8f78-423d-b293-1ad31d4ada34,23,"Mình nghĩ ngược lại, đây là cơ hội tốt để bắt đáy một số mã tiềm năng.",2023-10-10 21:53:29,2023-12-12 04:22:07
471,32,068eab4c-e244-4067-a25b-5c39c4243335,238,"Mình cũng từng đến đó, cảnh đẹp thực sự nhưng dịch vụ chưa tốt lắm.",2025-04-22 23:08:44,2025-08-10 06:05:06
1412,50,ae60094a-ce56-42f6-8a10-a68c0b3858bc,1072,"Mình vừa cập nhật xong, có vẻ mượt hơn nhưng hơi nóng máy.",2024-10-09 03:26:57,2025-08-14 14:16:06
677,12,efc806fe-553d-41b2-9be3-0c55e6416007,494,Chính xác! Lối chơi của đội bóng này quá thuyết phục.,2025-09-11 23:29:31,2025-10-05 17:23:48
724,32,03131c47-3d3b-4c55-9335-ba7174b609bb,,Trận đấu tối qua mãn nhãn thật sự!,2023-03-16 09:37:19,2024-10-08 16:59:29
1321,33,9ee675a6-df62-4830-b7cf-882716155ab2,121,"@minh.vu48, siêu phẩm của cầu thủ đó đúng là không thể tin được!",2025-02-11 21:00:50,2025-03-05 19:26:55
1570,15,16136f3a-0c6c-42ed-8d77-265734a470f9,,Ai có kinh nghiệm du lịch một mình không?,2022-03-07 10:47:48,2022-05-06 12:45:47
1401,9,2ed9319f-2ae6-402b-af4a-60afa76d3a0e,,Mẫu điện thoại mới ra mắt có đáng tiền không?,2022-11-02 17:07:59,2024-09-30 10:51:35
4,35,b1c13a86-f3f3-4296-9ba5-03cce3a8b118,,Lãi suất tiết kiệm dạo này có vẻ không hấp dẫn lắm.,2022-12-05 18:22:02,2023-12-11 15:37:36
1353,22,b267cf12-0d28-491b-b821-12def71bd372,1268,"Mình không nghĩ vậy, @dung.bui67. Phong độ của họ khá thất thường.",2025-02-15 14:58:37,
1120,5,461f4df7-ebed-4c69-8f17-2db9e68af074,303,"@an.pham92 nói có lý, đa dạng hóa danh mục là chiến lược an toàn nhất.",2025-10-07 07:12:49,2025-10-11 19:13:26
243,9,45d67185-7732-46ce-b99c-93197a66fb41,133,Bạn @uyen.hoang77 có thể chia sẻ thêm về chi phí được không?,2023-05-31 00:10:08,2025-04-21 22:09:26
1704,5,e34bce11-986f-4fd2-827a-a1cbad17a758,303,"Tôi đồng ý với @an.pham92, giai đoạn này nên cẩn trọng.",2025-08-10 02:40:04,2025-10-09 14:17:32
902,27,5d95432f-fd4f-4afe-a9b4-c848100d686f,666,Bạn @thang.duong74 có thể chia sẻ thêm về chi phí được không?,2025-05-24 17:58:15,
115,15,9bc45ca6-ead5-452f-9835-b57f4afa4c6b,,Bạn nghĩ ai sẽ vô địch giải năm nay?,2024-12-22 23:35:01,
1685,38,9fd87b6b-e1d6-4866-80a8-81acf6f4f257,790,"Mình không nghĩ vậy, @quan.tran70. Phong độ của họ khá thất thường.",2025-09-08 02:38:54,2025-09-30 00:20:19
787,14,02682162-576c-4e38-acc1-3112c0d1b8cc,,Hệ điều hành mới cập nhật có lỗi gì không mọi người?,2025-04-28 02:58:38,2025-08-12 19:22:24
1170,20,a475ef2c-d5c9-48a4-83ef-d04d1595b97e,978,"Mình nghĩ ngược lại, đây là cơ hội tốt để bắt đáy một số mã tiềm năng.",2025-06-20 23:31:30,
214,31,da97631f-a81c-4c05-b568-75b060d3146c,197,"@trang.ho69, siêu phẩm của cầu thủ đó đúng là không thể tin được!",2023-08-24 05:49:35,2023-09-13 05:31:44
980,21,090e12ce-980c-4f11-8812-340313f78ed0,203,"Mình vừa cập nhật xong, có vẻ mượt hơn nhưng hơi nóng máy.",2022-02-16 15:40:37,2025-05-21 12:25:25
1706,42,e34bce11-986f-4fd2-827a-a1cbad17a758,454,"Mình vừa cập nhật xong, có vẻ mượt hơn nhưng hơi nóng máy.",2025-10-05 06:32:47,2025-10-08 13:18:38
1951,2,9f477750-6d9d-45b4-86d3-cd04ac98795e,,"Có ai có kinh nghiệm đầu tư vàng không, chia sẻ cho mình với!",2021-12-27 12:47:40,2023-01-05 21:24:26
782,24,02682162-576c-4e38-acc1-3112c0d1b8cc,120,Bạn @minh.vu48 có thể chia sẻ thêm về chi phí được không?,2025-09-12 06:35:32,
802,24,ad430d70-4140-4b24-a017-69775e91dccb,136,Bạn @binh.hoang29 có thể chia sẻ thêm về chi phí được không?,2025-06-27 11:01:38,2025-08-22 16:03:05
761,19,94c76233-4baa-4ee0-a608-23aa9e3f0d10,42,Bạn @giang.vu12 có thể chia sẻ thêm về chi phí được không?,2024-04-22 23:00:33,2024-07-30 19:56:30
830,14,b2b47876-8099-4ce4-b666-44e60cfc9229,,"Có ai có kinh nghiệm đầu tư vàng không, chia sẻ cho mình với!",2024-02-05 17:50:42,
410,2,0f8c2cba-0c9f-4de9-9cfb-e4c3a8aa3020,327,"Mình vừa cập nhật xong, có vẻ mượt hơn nhưng hơi nóng máy.",2025-08-28 16:34:20,2025-09-06 05:04:14
1368,16,981e5ea6-b2ae-4aad-a217-f3999a1eca3b,73,"Cảm ơn gợi ý của @dung.bui21, mình sẽ cân nhắc địa điểm này.",2024-04-19 23:04:17,2024-07-16 19:13:18
1144,45,cbfb55b3-3380-4ef8-951b-8cb61c37e9d6,277,"Mình vừa cập nhật xong, có vẻ mượt hơn nhưng hơi nóng máy.",2025-07-21 12:23:24,2025-09-09 08:31:07
1536,8,b76402a1-b85b-40a3-b858-c954f5f0c5a6,,Mẫu điện thoại mới ra mắt có đáng tiền không?,2025-03-10 17:58:47,2025-07-05 09:33:31
1253,30,6f0a44cd-03bc-4d05-89e8-677b1a1c9629,,Hè này nên đi biển nào đẹp mà vắng người nhỉ?,2021-08-14 17:55:52,2025-03-04 18:04:24
1780,14,c3b6ca30-981d-4d63-b9e6-bebe433bb0c1,1052,"Tôi đồng ý với @yen.pham41, giai đoạn này nên cẩn trọng.",2024-07-31 10:17:49,2024-10-31 07:25:36
1752,48,c22e109c-a0b9-4658-9be1-5cb534b5abdd,645,"Mình cũng từng đến đó, cảnh đẹp thực sự nhưng dịch vụ chưa tốt lắm.",2025-09-14 01:43:16,2025-10-03 10:10:49
1541,27,d0ae899a-a47e-40e7-a1d6-d1535cd14050,1161,"Mình không nghĩ vậy, @huong.bui8. Phong độ của họ khá thất thường.",2025-09-07 06:16:55,
1029,47,6c2b17dc-1858-4419-8276-6599c7b6ed41,,Mình đang tìm review chi tiết về chuyến đi Hà Giang.,2023-01-04 05:23:53,2025-09-10 07:28:57
1334,44,74c820c9-1b60-47da-ae3d-c78c21166412,,Hè này nên đi biển nào đẹp mà vắng người nhỉ?,2024-11-14 21:23:15,2024-12-14 04:26:10
354,26,2ce01aad-5a0e-481d-b48c-382fe9a44381,,Hè này nên đi biển nào đẹp mà vắng người nhỉ?,2024-09-23 16:12:45,2025-06-13 04:29:05
1653,46,d1635d17-86e6-4541-8a63-69f6903f7e07,,Bạn nghĩ ai sẽ vô địch giải năm nay?,2023-02-06 20:35:48,
216,7,da97631f-a81c-4c05-b568-75b060d3146c,,AI đang thay đổi thế giới nhanh hơn chúng ta tưởng.,2022-03-11 05:41:29,2024-03-20 05:44:00
1927,26,8970e406-9b50-4e00-a95a-5981ff43a890,1471,"@long.phan23 nói có lý, đa dạng hóa danh mục là chiến lược an toàn nhất.",2025-05-09 01:23:56,2025-08-13 08:10:07
1788,9,c3b6ca30-981d-4d63-b9e6-bebe433bb0c1,,Mọi người nghĩ sao về thị trường chứng khoán tuần tới?,2023-11-10 10:18:55,2025-01-03 05:44:15
1064,16,7c920e25-1bed-4916-9eb7-ec3877f257d3,899,"Mình nghĩ ngược lại, đây là cơ hội tốt để bắt đáy một số mã tiềm năng.",2025-09-05 16:46:36,
1622,20,4615fdae-422e-4cf2-bf1e-46b8c3c3d7de,,AI đang thay đổi thế giới nhanh hơn chúng ta tưởng.,2025-10-06 09:04:09,2025-10-11 11:24:14
127,46,558cdd20-e089-414a-b7bd-18fca64d2608,,Cổ phiếu ngành công nghệ đang dẫn dắt thị trường.,2024-01-26 21:04:02,2024-03-19 11:38:19
1695,27,9fd87b6b-e1d6-4866-80a8-81acf6f4f257,622,Hoàn toàn đồng ý với @minh.hoang39. Tiềm năng của AI là vô hạn.,2025-10-10 04:03:43,2025-10-11 05:44:45
1789,19,7afacbe8-4df4-46b9-a1f3-945294431bb0,,Ai có kinh nghiệm du lịch một mình không?,2025-08-25 10:04:47,2025-09-17 01:48:22
1688,43,9fd87b6b-e1d6-4866-80a8-81acf6f4f257,1673,"Cảm ơn gợi ý của @thanh.huynh46, mình sẽ cân nhắc địa điểm này.",2022-11-12 00:18:13,
638,46,b90b4730-cfb7-453d-8f46-364d39e9693c,,Lãi suất tiết kiệm dạo này có vẻ không hấp dẫn lắm.,2022-03-26 14:54:59,2022-11-30 01:11:02
853,40,3c3e87f2-aeed-42fc-858d-c7d68a888977,409,Bạn @an.bui66 có thể chia sẻ thêm về chi phí được không?,2025-09-07 23:38:00,
1628,41,4615fdae-422e-4cf2-bf1e-46b8c3c3d7de,,Mình đang tìm review chi tiết về chuyến đi Hà Giang.,2023-03-10 01:50:08,2024-06-15 13:44:42
1850,44,0d19b59f-5a3d-4058-8fdb-1c3304aca010,544,"Mình không nghĩ vậy, @chi.vu70. Phong độ của họ khá thất thường.",2023-08-09 01:15:01,2024-11-19 14:15:49
198,46,31ed8aee-fc75-4c82-b2fd-79886f7f2975,85,"@quan.ly33 nói có lý, đa dạng hóa danh mục là chiến lược an toàn nhất.",2025-06-21 17:52:27,2025-09-02 06:56:45
506,16,1866def4-c854-4bcc-a696-595f48c456c7,380,Hoàn toàn đồng ý với @phuong.dang46. Tiềm năng của AI là vô hạn.,2025-04-24 21:32:39,2025-07-13 20:48:47
1049,6,3409096c-49f5-4e2c-8d80-75f550174be7,226,Bạn @minh.ngo82 có thể chia sẻ thêm về chi phí được không?,2025-09-13 07:01:48,2025-09-23 02:09:30
49,9,33694092-0610-4088-8274-cedd56c1a2ec,,Hè này nên đi biển nào đẹp mà vắng người nhỉ?,2023-08-10 06:49:36,2025-07-21 13:47:10
153,21,f0f22b95-c10f-42e1-92b4-bcb0899b945e,45,"Mình nghĩ ngược lại, đây là cơ hội tốt để bắt đáy một số mã tiềm năng.",2025-10-08 07:43:23,2025-10-12 04:52:05
1316,12,094e686b-9dbc-48d9-869f-d24e52e5399a,245,"@thanh.dang32 nói có lý, đa dạng hóa danh mục là chiến lược an toàn nhất.",2025-02-08 16:33:55,2025-07-17 19:00:13
607,8,b3fea15e-e79d-47c5-9654-871ab8adf20b,,Trận đấu tối qua mãn nhãn thật sự!,2025-02-21 03:20:53,2025-03-27 19:34:31
803,10,c25a8e93-9bf2-4c5f-a2ce-e12169e11ad0,601,"Cảm ơn chia sẻ của @son.ly57, rất hữu ích cho người mới như mình.",2025-10-12 10:15:10,
1618,12,0b5b8c26-f5e6-4918-94b6-97cb81144a1e,388,Bạn @long.do30 có thể chia sẻ thêm về chi phí được không?,2025-07-13 21:51:22,2025-09-02 20:08:12
440,48,4fec1d3b-ecb4-4afd-bc73-90260504daae,7,Chính xác! Lối chơi của đội bóng này quá thuyết phục.,2025-09-08 17:58:34,2025-09-27 08:25:01
960,12,ac2f79b5-3bce-4b00-bf99-69ae46a13db3,,Hệ điều hành mới cập nhật có lỗi gì không mọi người?,2022-11-11 18:19:07,2024-11-30 10:21:44
1226,30,7343136b-2e88-4971-b8fa-5c716baf69c5,973,Hoàn toàn đồng ý với @cuong.bui52. Tiềm năng của AI là vô hạn.,2024-02-09 16:52:57,
1701,7,e34bce11-986f-4fd2-827a-a1cbad17a758,,Trận đấu tối qua mãn nhãn thật sự!,2021-07-12 09:51:23,2025-09-24 09:41:49
1640,39,8dc985de-9394-4139-9ad1-37987eaf5e6a,,Mẫu điện thoại mới ra mắt có đáng tiền không?,2023-07-01 14:33:58,
903,3,5d95432f-fd4f-4afe-a9b4-c848100d686f,,Lãi suất tiết kiệm dạo này có vẻ không hấp dẫn lắm.,2024-09-05 20:43:12,
1664,42,665e29a7-8bc4-4988-b103-40afcf4bde3a,,Mẫu điện thoại mới ra mắt có đáng tiền không?,2022-10-21 11:23:57,2024-05-01 18:26:01
1287,10,7762a243-b058-43c0-8673-e8dec2b7e69a,,Cổ phiếu ngành công nghệ đang dẫn dắt thị trường.,2023-11-29 02:53:10,2025-07-03 08:54:17
1208,21,54f99967-b1e7-4381-a84b-b371f4dca18b,153,"Mình vừa cập nhật xong, có vẻ mượt hơn nhưng hơi nóng máy.",2025-10-11 18:24:37,
1486,15,07f8cbfc-da67-4091-8c29-807a6e51702d,918,"Mình không nghĩ vậy, @nam.do4. Phong độ của họ khá thất thường.",2025-10-01 18:02:17,
1515,44,83985159-bd84-419d-bf60-254aebb0262f,589,"Tôi đồng ý với @quan.ho94, giai đoạn này nên cẩn trọng.",2025-08-30 22:04:58,2025-10-03 09:24:56
648,6,b8aeaea7-fc15-49e6-9716-0e7a3e47e485,,Hè này nên đi biển nào đẹp mà vắng người nhỉ?,2024-10-24 03:30:09,2025-06-25 10:28:12
542,10,72d7d5d0-90ce-45d6-aff6-594b45892680,289,"Mình cũng từng đến đó, cảnh đẹp thực sự nhưng dịch vụ chưa tốt lắm.",2025-10-08 01:55:33,2025-10-10 11:11:32
1746,46,c22e109c-a0b9-4658-9be1-5cb534b5abdd,,"Có ai có kinh nghiệm đầu tư vàng không, chia sẻ cho mình với!",2024-02-02 23:28:46,2024-06-09 06:27:06
1554,27,890c97b5-b1df-41c1-a192-4f6a6b86c165,,AI đang thay đổi thế giới nhanh hơn chúng ta tưởng.,2024-07-04 06:42:23,2025-07-22 12:16:00
396,45,b636b593-f99a-4047-99c5-d84d0be7abef,326,Hoàn toàn đồng ý với @giang.pham59. Tiềm năng của AI là vô hạn.,2023-08-08 18:05:21,2024-04-20 01:46:14
1567,38,16136f3a-0c6c-42ed-8d77-265734a470f9,,Hè này nên đi biển nào đẹp mà vắng người nhỉ?,2023-02-01 06:15:39,2024-01-05 11:12:21
1402,7,2ed9319f-2ae6-402b-af4a-60afa76d3a0e,,Bạn nghĩ ai sẽ vô địch giải năm nay?,2023-02-15 13:18:47,
692,32,3ee7afc0-161c-4e12-87c4-6d8999d8ddf3,,Mẫu điện thoại mới ra mắt có đáng tiền không?,2023-08-09 19:18:53,2025-06-24 08:51:06
518,15,43447286-19ba-4680-a442-17e7e6baaed6,,Cổ phiếu ngành công nghệ đang dẫn dắt thị trường.,2023-04-01 18:59:05,
99,24,068b8c0a-8f78-423d-b293-1ad31d4ada34,,"Có ai có kinh nghiệm đầu tư vàng không, chia sẻ cho mình với!",2021-12-22 23:01:31,2023-11-12 11:36:44
339,15,ce2f2663-09fe-4373-a44e-3286b4b599cc,172,"@giang.ho49 nói có lý, đa dạng hóa danh mục là chiến lược an toàn nhất.",2025-08-05 17:23:59,2025-10-11 08:08:55
337,49,ce2f2663-09fe-4373-a44e-3286b4b599cc,15,"Pin của máy này đúng là một điểm trừ lớn, @phuong.nguyen29 ạ.",2024-09-30 10:22:58,2025-03-15 14:16:36
1031,46,6c2b17dc-1858-4419-8276-6599c7b6ed41,131,"Pin của máy này đúng là một điểm trừ lớn, @uyen.hoang77 ạ.",2025-10-09 18:35:48,2025-10-12 12:47:22
1668,18,665e29a7-8bc4-4988-b103-40afcf4bde3a,604,"Mình cũng từng đến đó, cảnh đẹp thực sự nhưng dịch vụ chưa tốt lắm.",2023-11-03 22:27:31,2025-06-16 11:43:21
876,37,63ae476b-8130-4f9f-a3b1-94840053357c,659,"Cảm ơn gợi ý của @thang.duong74, mình sẽ cân nhắc địa điểm này.",2024-08-04 15:30:24,2024-08-21 09:36:54
879,45,63ae476b-8130-4f9f-a3b1-94840053357c,104,Chính xác! Lối chơi của đội bóng này quá thuyết phục.,2025-06-16 09:09:50,
373,12,fc164408-145d-450e-84f6-df51ec926eca,298,"Cảm ơn gợi ý của @dung.do40, mình sẽ cân nhắc địa điểm này.",2025-10-12 13:21:33,
1423,15,f69db992-2925-4862-9f3d-b866bdc7f173,339,Chính xác! Lối chơi của đội bóng này quá thuyết phục.,2025-09-13 04:48:31,
1937,4,4932a133-4308-4b70-94a3-42ffe287bb72,1913,"@anh.duong52, siêu phẩm của cầu thủ đó đúng là không thể tin được!",2024-10-09 00:00:01,2024-11-22 22:56:45
1857,1,0d19b59f-5a3d-4058-8fdb-1c3304aca010,,Mọi người nghĩ sao về thị trường chứng khoán tuần tới?,2021-11-11 18:24:41,2024-08-07 15:12:38
1174,49,c989f043-1fda-49c3-80df-f91cbb2c9778,907,Bạn @phuc.ho97 có thể chia sẻ thêm về chi phí được không?,2025-07-28 16:30:46,2025-08-13 18:37:58
887,12,fcc059ed-49fc-406b-92b1-126308905dfa,,Bạn nghĩ ai sẽ vô địch giải năm nay?,2023-04-22 02:05:24,
912,10,eea6a721-d4a0-472a-89df-4aab251135fd,673,"Pin của máy này đúng là một điểm trừ lớn, @hung.le27 ạ.",2025-05-06 14:05:09,2025-07-18 15:00:28
1011,13,b750f3e9-2058-44de-8f1d-581034609513,,Mình đang tìm review chi tiết về chuyến đi Hà Giang.,2021-05-29 11:32:43,2024-08-22 17:33:53
1741,3,a1b3e507-127b-4966-931e-49e72a9fd248,1680,"Pin của máy này đúng là một điểm trừ lớn, @thanh.huynh46 ạ.",2025-10-12 14:30:14,
1696,12,9fd87b6b-e1d6-4866-80a8-81acf6f4f257,491,"Pin của máy này đúng là một điểm trừ lớn, @ha.bui62 ạ.",2025-10-12 13:50:58,
179,26,26221568-2dd9-4f97-87cc-30caf520e300,,Bạn nghĩ ai sẽ vô địch giải năm nay?,2021-03-10 14:01:08,2023-06-27 16:10:11
33,25,0163cf9b-fe10-4ac9-a33e-d76fcadb87ba,26,"@huy.phan72, siêu phẩm của cầu thủ đó đúng là không thể tin được!",2024-01-09 17:14:29,2025-07-04 23:42:01
1599,48,b18beb4a-d0e9-405a-84d6-c77559c4dfd0,211,"Mình cũng từng đến đó, cảnh đẹp thực sự nhưng dịch vụ chưa tốt lắm.",2025-09-14 19:04:53,2025-10-11 06:31:30
1642,29,8dc985de-9394-4139-9ad1-37987eaf5e6a,,AI đang thay đổi thế giới nhanh hơn chúng ta tưởng.,2022-01-21 11:09:45,2022-02-04 16:02:08
1918,30,81e5b657-e22e-4b31-9ce4-68417ad208b3,57,"Mình vừa cập nhật xong, có vẻ mượt hơn nhưng hơi nóng máy.",2022-10-01 03:00:37,2023-01-18 21:26:26
1528,11,d253c5c7-9841-4c5a-b9b8-e48ccdef41c6,,Cầu thủ yêu thích của mọi người là ai?,2023-07-20 20:29:06,2024-05-11 11:38:56
1714,35,470e881c-26f1-4872-8ce1-f347784a6267,,Mọi người nghĩ sao về thị trường chứng khoán tuần tới?,2021-05-28 06:28:57,2023-03-30 09:20:12
1034,41,6c2b17dc-1858-4419-8276-6599c7b6ed41,21,"Pin của máy này đúng là một điểm trừ lớn, @uyen.huynh30 ạ.",2025-03-13 11:04:59,2025-05-07 13:07:22
723,34,03131c47-3d3b-4c55-9335-ba7174b609bb,,Hệ điều hành mới cập nhật có lỗi gì không mọi người?,2025-01-15 12:52:14,2025-09-09 22:21:23
1463,50,bf46abbb-42e1-4a7b-a932-a518c66f6f1b,,Hệ điều hành mới cập nhật có lỗi gì không mọi người?,2021-05-17 02:31:25,2022-04-22 10:31:57
419,5,010eff4b-ca48-4e8f-9eac-1145aae6b35a,262,"Mình nghĩ ngược lại, đây là cơ hội tốt để bắt đáy một số mã tiềm năng.",2025-07-23 16:03:00,2025-09-13 19:33:17
1318,13,094e686b-9dbc-48d9-869f-d24e52e5399a,,Hệ điều hành mới cập nhật có lỗi gì không mọi người?,2021-12-13 10:13:14,2022-02-27 19:49:29
324,38,2d377520-e359-48c2-b2d6-cf0de98f9cce,,Bạn nghĩ ai sẽ vô địch giải năm nay?,2021-03-17 06:20:57,2024-03-02 10:34:25
1924,12,8970e406-9b50-4e00-a95a-5981ff43a890,,Lãi suất tiết kiệm dạo này có vẻ không hấp dẫn lắm.,2025-03-01 19:41:25,2025-10-10 04:38:45
500,3,7ec5de65-3d71-4efc-a56e-49ddf8096a1a,210,"Tôi đồng ý với @phong.bui21, giai đoạn này nên cẩn trọng.",2025-08-11 00:58:57,2025-09-05 01:20:11
1903,10,d965c94d-c07e-41e0-bebc-ef03e65ba249,601,"Cảm ơn chia sẻ của @son.ly57, rất hữu ích cho người mới như mình.",2025-10-11 15:46:09,
961,19,ac2f79b5-3bce-4b00-bf99-69ae46a13db3,24,Bạn @huy.phan72 có thể chia sẻ thêm về chi phí được không?,2024-11-12 05:22:38,2025-09-21 05:14:00
944,23,c76ec385-7bb5-4a48-9a2d-8e417c95909f,5,"Mình không nghĩ vậy, @thao.tran50. Phong độ của họ khá thất thường.",2025-03-29 07:20:40,2025-09-26 01:02:01
309,2,a2d5e807-e029-498a-b712-cff822988c18,96,"Mình cũng từng đến đó, cảnh đẹp thực sự nhưng dịch vụ chưa tốt lắm.",2024-10-26 03:24:19,2025-01-03 13:24:41
1726,10,052ebf6c-7419-48de-b86d-f5d2ea1b5069,,Bạn nghĩ ai sẽ vô địch giải năm nay?,2021-09-23 09:51:14,2023-07-14 23:55:31
1887,29,5bce3b43-5474-4d71-ac81-8d186e5a2903,,Mọi người nghĩ sao về thị trường chứng khoán tuần tới?,2022-01-23 04:19:41,2023-07-20 21:10:40
1817,50,0714c841-a675-410e-9c8a-4f53dbaf0f64,,Cầu thủ yêu thích của mọi người là ai?,2021-09-21 02:23:01,
1527,43,d253c5c7-9841-4c5a-b9b8-e48ccdef41c6,1172,Hoàn toàn đồng ý với @huong.bui8. Tiềm năng của AI là vô hạn.,2025-09-07 20:40:10,2025-10-11 15:55:36
792,35,ad430d70-4140-4b24-a017-69775e91dccb,586,"Cảm ơn chia sẻ của @quan.ho94, rất hữu ích cho người mới như mình.",2025-09-14 14:18:18,2025-10-10 00:29:54
332,38,2d377520-e359-48c2-b2d6-cf0de98f9cce,174,"Mình không nghĩ vậy, @giang.ho49. Phong độ của họ khá thất thường.",2025-07-07 11:55:10,2025-09-06 02:51:04
774,41,71559a06-dc20-4bd6-a856-b7d3dfc7342c,147,"Cảm ơn chia sẻ của @dung.phan6, rất hữu ích cho người mới như mình.",2024-10-30 03:18:56,2025-03-09 13:17:08
1243,18,e837d69b-6aba-49f1-a605-f9a6acc535c9,305,"Pin của máy này đúng là một điểm trừ lớn, @an.pham92 ạ.",2025-10-03 08:24:05,2025-10-10 15:45:24
1380,47,ea410176-f32c-4a93-b7bb-88f45b627720,,Hè này nên đi biển nào đẹp mà vắng người nhỉ?,2024-11-18 11:19:23,2025-02-23 18:54:07
520,1,43447286-19ba-4680-a442-17e7e6baaed6,456,"Tôi đồng ý với @mai.ngo85, giai đoạn này nên cẩn trọng.",2025-04-15 18:41:05,2025-06-30 23:31:57
508,13,1866def4-c854-4bcc-a696-595f48c456c7,,Hè này nên đi biển nào đẹp mà vắng người nhỉ?,2022-06-29 05:03:05,2024-03-14 07:48:54
302,8,345fa40b-a3ba-4e25-9f11-e2887cfbfacb,,"Có ai có kinh nghiệm đầu tư vàng không, chia sẻ cho mình với!",2022-01-11 03:22:56,2024-07-17 16:28:02
273,38,e31c97ef-6df9-4973-830e-296b7767e786,132,"Mình nghĩ ngược lại, đây là cơ hội tốt để bắt đáy một số mã tiềm năng.",2025-08-21 15:06:21,2025-10-09 23:04:26
1720,35,052ebf6c-7419-48de-b86d-f5d2ea1b5069,,Mình đang tìm review chi tiết về chuyến đi Hà Giang.,2022-10-26 11:56:15,2025-08-14 00:44:10
80,26,4433fa69-510c-417c-b819-49c35b6ebd09,,Ai có kinh nghiệm du lịch một mình không?,2022-12-21 15:14:17,2025-04-09 02:20:24
1852,9,0d19b59f-5a3d-4058-8fdb-1c3304aca010,1289,Chính xác! Lối chơi của đội bóng này quá thuyết phục.,2023-09-19 14:49:31,2024-09-17 02:51:00
1075,18,5e53bdd5-f2c2-4f9b-b4a3-2b6f75fb71a0,305,"@an.pham92, siêu phẩm của cầu thủ đó đúng là không thể tin được!",2025-06-09 11:51:45,
1361,13,981e5ea6-b2ae-4aad-a217-f3999a1eca3b,,Cổ phiếu ngành công nghệ đang dẫn dắt thị trường.,2023-07-30 08:54:34,2025-05-30 04:02:07
1433,21,baf3ea12-992f-4397-8b59-b2fd97ab99e6,254,"Mình vừa cập nhật xong, có vẻ mượt hơn nhưng hơi nóng máy.",2025-02-24 08:38:28,
376,29,674d8dfb-d588-4512-8ca9-941665abd3ba,146,"Mình không nghĩ vậy, @dung.phan6. Phong độ của họ khá thất thường.",2025-08-17 21:15:34,2025-09-07 09:13:18
1839,1,adece442-cc7e-40b7-9e85-f0c1817b849e,161,Hoàn toàn đồng ý với @chi.ho52. Tiềm năng của AI là vô hạn.,2025-10-02 09:04:58,2025-10-05 07:11:20
1099,19,37848612-cce9-420c-b9c5-165185a1cf47,42,"@giang.vu12, siêu phẩm của cầu thủ đó đúng là không thể tin được!",2023-12-02 23:14:39,2024-07-15 12:45:21
952,12,46d3ff51-b202-4f17-8491-52deeea23be1,,Ai có kinh nghiệm du lịch một mình không?,2024-10-18 01:28:08,2024-12-05 21:21:41
1907,46,d965c94d-c07e-41e0-bebc-ef03e65ba249,482,"Pin của máy này đúng là một điểm trừ lớn, @quynh.do33 ạ.",2025-09-26 02:26:45,2025-09-30 21:33:52
319,35,03023a08-98b0-4a9c-9562-584d7c7624c1,,Mọi người nghĩ sao về thị trường chứng khoán tuần tới?,2024-08-21 13:29:53,2025-02-14 16:00:06
408,45,0f8c2cba-0c9f-4de9-9cfb-e4c3a8aa3020,,Lãi suất tiết kiệm dạo này có vẻ không hấp dẫn lắm.,2023-11-19 07:22:49,2024-05-08 13:08:55
754,42,181e93bd-2cf4-4783-b681-9742ec263146,173,"Mình vừa cập nhật xong, có vẻ mượt hơn nhưng hơi nóng máy.",2025-08-21 16:18:00,2025-09-04 17:14:05
1204,50,54f99967-b1e7-4381-a84b-b371f4dca18b,1150,Hoàn toàn đồng ý với @uyen.dang39. Tiềm năng của AI là vô hạn.,2025-08-27 22:08:14,2025-09-09 08:58:41
997,15,27171e8b-0e9d-4d94-b60f-0414e202474e,518,Chính xác! Lối chơi của đội bóng này quá thuyết phục.,2023-12-09 03:13:35,2024-04-22 08:53:11
291,32,29feb88b-ca36-446f-97e6-d6a3c959d61f,116,"Pin của máy này đúng là một điểm trừ lớn, @an.duong29 ạ.",2024-03-07 04:52:02,2025-05-21 02:58:36
569,42,4f196b62-051a-4252-8f90-3f551a46764a,173,"Cảm ơn gợi ý của @giang.ho49, mình sẽ cân nhắc địa điểm này.",2025-09-07 09:11:59,2025-09-15 02:58:06
196,30,31ed8aee-fc75-4c82-b2fd-79886f7f2975,57,"Mình không nghĩ vậy, @nga.phan87. Phong độ của họ khá thất thường.",2023-05-23 19:53:34,2024-10-06 14:43:12
1718,2,470e881c-26f1-4872-8ce1-f347784a6267,839,"Tôi đồng ý với @hieu.dang14, giai đoạn này nên cẩn trọng.",2025-09-04 20:26:54,2025-09-08 09:53:13
1364,19,981e5ea6-b2ae-4aad-a217-f3999a1eca3b,761,Hoàn toàn đồng ý với @dung.ho16. Tiềm năng của AI là vô hạn.,2024-07-15 00:12:54,2024-09-30 21:54:05
130,30,e8d237e0-6434-4187-b557-9ec1b593b219,84,Hoàn toàn đồng ý với @quan.ly33. Tiềm năng của AI là vô hạn.,2022-10-02 18:11:30,2024-03-25 21:54:45
1060,15,2ba25d27-054a-4276-b617-b09400506beb,,Mọi người nghĩ sao về thị trường chứng khoán tuần tới?,2025-05-21 11:13:19,2025-09-18 21:28:55
1453,39,369d43ef-b7dc-4d07-a5e9-a5fd0103d13b,,Lãi suất tiết kiệm dạo này có vẻ không hấp dẫn lắm.,2024-08-11 10:23:18,2025-03-18 07:46:28
941,50,c76ec385-7bb5-4a48-9a2d-8e417c95909f,149,"Mình vừa cập nhật xong, có vẻ mượt hơn nhưng hơi nóng máy.",2025-07-22 03:27:59,2025-09-04 10:11:12
1263,10,67110453-c058-44ab-9f08-5c921b596755,,Hè này nên đi biển nào đẹp mà vắng người nhỉ?,2022-09-04 19:58:42,2023-07-08 10:03:02
1660,46,665e29a7-8bc4-4988-b103-40afcf4bde3a,1031,"Mình cũng từng đến đó, cảnh đẹp thực sự nhưng dịch vụ chưa tốt lắm.",2025-10-10 20:17:00,
1288,47,7762a243-b058-43c0-8673-e8dec2b7e69a,752,"Mình nghĩ ngược lại, đây là cơ hội tốt để bắt đáy một số mã tiềm năng.",2024-10-30 01:20:12,
487,35,b592d1cc-e74f-4760-bf41-ef1dea7a3534,105,"Cảm ơn chia sẻ của @nam.nguyen21, rất hữu ích cho người mới như mình.",2024-04-16 18:38:25,2024-10-12 09:43:22
1383,30,ea410176-f32c-4a93-b7bb-88f45b627720,,"Có ai có kinh nghiệm đầu tư vàng không, chia sẻ cho mình với!",2024-03-03 09:22:17,2025-04-06 16:25:18
828,36,b2b47876-8099-4ce4-b666-44e60cfc9229,,AI đang thay đổi thế giới nhanh hơn chúng ta tưởng.,2022-04-20 15:50:36,2022-06-15 10:31:01
671,40,b056bf4f-5fca-41ed-a4d6-4e80beeb7d9b,,"Có ai có kinh nghiệm đầu tư vàng không, chia sẻ cho mình với!",2024-04-25 10:29:14,2025-09-15 21:34:46
582,11,a47cdb13-8db0-4494-bf08-a08f41f97b02,,Hè này nên đi biển nào đẹp mà vắng người nhỉ?,2025-03-27 19:13:00,2025-05-11 22:20:38
1560,40,890c97b5-b1df-41c1-a192-4f6a6b86c165,110,"Tôi đồng ý với @phong.le95, giai đoạn này nên cẩn trọng.",2022-08-23 04:59:02,2022-11-26 11:30:01
989,39,090e12ce-980c-4f11-8812-340313f78ed0,776,"Cảm ơn gợi ý của @huong.huynh38, mình sẽ cân nhắc địa điểm này.",2025-10-11 14:06:24,
933,18,68730859-9553-4fd9-bef2-555effa9a24f,,Lãi suất tiết kiệm dạo này có vẻ không hấp dẫn lắm.,2025-07-10 06:02:28,
73,16,2cc4a664-5344-4d07-9400-8642f7a67053,,Lãi suất tiết kiệm dạo này có vẻ không hấp dẫn lắm.,2022-12-16 19:59:54,
1580,40,f1c8d0c6-0d8a-4442-87f3-76a3350c696f,,Trận đấu tối qua mãn nhãn thật sự!,2021-01-20 03:33:56,
1116,43,be74f3ec-3189-4022-b23f-1e59efe4bf85,525,Chính xác! Lối chơi của đội bóng này quá thuyết phục.,2025-05-31 14:05:02,2025-09-14 10:04:22
1422,12,f69db992-2925-4862-9f3d-b866bdc7f173,725,Chính xác! Lối chơi của đội bóng này quá thuyết phục.,2025-10-12 13:42:23,
1459,23,bf46abbb-42e1-4a7b-a932-a518c66f6f1b,1080,"Cảm ơn gợi ý của @thao.vo55, mình sẽ cân nhắc địa điểm này.",2024-08-04 22:04:20,
1242,26,e837d69b-6aba-49f1-a605-f9a6acc535c9,883,Chính xác! Lối chơi của đội bóng này quá thuyết phục.,2024-12-28 16:42:58,2025-03-15 19:34:02
1490,28,07f8cbfc-da67-4091-8c29-807a6e51702d,422,"Cảm ơn chia sẻ của @lan.nguyen31, rất hữu ích cho người mới như mình.",2025-05-13 04:57:23,2025-08-20 00:22:53
591,33,a47cdb13-8db0-4494-bf08-a08f41f97b02,121,Chính xác! Lối chơi của đội bóng này quá thuyết phục.,2021-06-23 17:31:09,2025-07-21 00:55:33
1783,1,c3b6ca30-981d-4d63-b9e6-bebe433bb0c1,,Hệ điều hành mới cập nhật có lỗi gì không mọi người?,2021-11-04 19:47:15,2025-03-03 03:23:54
1471,26,e81305a7-21a8-4641-ae75-8018bfc3feb4,658,"Pin của máy này đúng là một điểm trừ lớn, @thang.duong74 ạ.",2024-11-09 18:33:34,2025-09-24 13:34:21
94,12,23b59c80-4a91-47ee-b051-7eacf6f2ca41,9,"Tôi đồng ý với @phuong.nguyen29, giai đoạn này nên cẩn trọng.",2025-10-11 20:54:54,
1812,13,4468bf7b-945c-46a2-a3dc-a29b8c8a0171,1347,"Cảm ơn chia sẻ của @khanh.phan47, rất hữu ích cho người mới như mình.",2025-09-17 07:18:57,2025-09-26 22:04:05
1905,43,d965c94d-c07e-41e0-bebc-ef03e65ba249,,Trận đấu tối qua mãn nhãn thật sự!,2022-08-25 12:30:04,2025-10-06 08:24:29
493,9,b592d1cc-e74f-4760-bf41-ef1dea7a3534,171,Hoàn toàn đồng ý với @giang.ho49. Tiềm năng của AI là vô hạn.,2025-03-09 23:16:43,2025-08-05 01:41:24
359,6,2ce01aad-5a0e-481d-b48c-382fe9a44381,,Mọi người nghĩ sao về thị trường chứng khoán tuần tới?,2024-11-19 06:58:59,2025-07-21 03:39:31
448,43,9ea02c82-0222-47b0-b7e8-1685eaf1a7d7,301,"Mình vừa cập nhật xong, có vẻ mượt hơn nhưng hơi nóng máy.",2025-10-04 00:40:45,2025-10-12 14:00:13
168,43,e83a5f3b-f2b2-4060-ba11-a0a2c6cb812a,,Lãi suất tiết kiệm dạo này có vẻ không hấp dẫn lắm.,2022-09-30 02:02:19,
904,7,5d95432f-fd4f-4afe-a9b4-c848100d686f,,Cầu thủ yêu thích của mọi người là ai?,2025-08-21 10:38:15,2025-09-24 00:43:46
1298,2,7762a243-b058-43c0-8673-e8dec2b7e69a,449,"Mình nghĩ ngược lại, đây là cơ hội tốt để bắt đáy một số mã tiềm năng.",2025-10-12 11:10:57,
123,33,9fce07f6-a324-4ca3-ba5b-34b8cdf5e772,72,"Mình vừa cập nhật xong, có vẻ mượt hơn nhưng hơi nóng máy.",2025-09-30 16:06:36,2025-10-02 17:37:03
906,40,5d95432f-fd4f-4afe-a9b4-c848100d686f,628,"Mình không nghĩ vậy, @giang.dang12. Phong độ của họ khá thất thường.",2022-10-22 20:27:48,2023-01-25 14:38:57
957,45,46d3ff51-b202-4f17-8491-52deeea23be1,881,Hoàn toàn đồng ý với @yen.vo72. Tiềm năng của AI là vô hạn.,2025-08-28 13:54:35,
901,30,5d95432f-fd4f-4afe-a9b4-c848100d686f,275,"@ha.ngo45 nói có lý, đa dạng hóa danh mục là chiến lược an toàn nhất.",2025-10-08 19:48:29,2025-10-12 10:59:24
938,44,68730859-9553-4fd9-bef2-555effa9a24f,455,Hoàn toàn đồng ý với @mai.ngo85. Tiềm năng của AI là vô hạn.,2025-05-15 01:47:38,2025-10-09 08:58:37
26,25,5c732c78-6c05-4d6b-9a31-adc02ce52b1f,,Ai có kinh nghiệm du lịch một mình không?,2022-10-28 11:33:43,2023-01-25 13:42:59
597,50,4ededee4-76ee-4d43-9438-b527547a026a,532,"Mình cũng từng đến đó, cảnh đẹp thực sự nhưng dịch vụ chưa tốt lắm.",2024-04-30 03:21:26,2025-09-03 10:17:34
176,47,1d837871-8735-4141-83d9-592d9aef042a,19,"Pin của máy này đúng là một điểm trừ lớn, @uyen.huynh30 ạ.",2025-05-31 19:47:51,2025-08-09 02:47:09
1335,27,74c820c9-1b60-47da-ae3d-c78c21166412,,Hệ điều hành mới cập nhật có lỗi gì không mọi người?,2022-09-14 18:44:23,2024-04-01 09:26:39
101,29,068b8c0a-8f78-423d-b293-1ad31d4ada34,75,"Mình không nghĩ vậy, @dung.bui21. Phong độ của họ khá thất thường.",2023-02-09 08:40:00,2024-02-14 21:58:46
574,24,4f196b62-051a-4252-8f90-3f551a46764a,272,"Mình không nghĩ vậy, @ha.ngo45. Phong độ của họ khá thất thường.",2025-08-12 02:09:23,2025-09-04 04:46:07
999,34,27171e8b-0e9d-4d94-b60f-0414e202474e,,Mình đang tìm review chi tiết về chuyến đi Hà Giang.,2022-12-15 05:00:36,2023-06-02 05:16:01
91,1,23b59c80-4a91-47ee-b051-7eacf6f2ca41,68,"Cảm ơn gợi ý của @thanh.nguyen93, mình sẽ cân nhắc địa điểm này.",2023-07-08 09:01:31,2024-02-28 11:36:22
1605,26,b18beb4a-d0e9-405a-84d6-c77559c4dfd0,658,"Mình cũng từng đến đó, cảnh đẹp thực sự nhưng dịch vụ chưa tốt lắm.",2025-03-25 18:01:31,2025-05-15 22:30:25
1172,43,a475ef2c-d5c9-48a4-83ef-d04d1595b97e,301,"Mình vừa cập nhật xong, có vẻ mượt hơn nhưng hơi nóng máy.",2025-04-17 17:25:57,2025-08-09 16:55:37
27,4,5c732c78-6c05-4d6b-9a31-adc02ce52b1f,,Bạn nghĩ ai sẽ vô địch giải năm nay?,2021-04-21 19:16:46,2023-08-30 19:25:40
1327,9,4b55fb02-6e30-4507-8188-323d0418e549,1109,"@ha.ngo61, siêu phẩm của cầu thủ đó đúng là không thể tin được!",2025-08-04 02:38:07,
1104,17,37848612-cce9-420c-b9c5-165185a1cf47,,Mình đang tìm review chi tiết về chuyến đi Hà Giang.,2024-01-23 08:30:35,2024-10-19 21:53:23
925,28,d237f7a5-889b-4d82-ba71-5a182faddcfb,,Mọi người nghĩ sao về thị trường chứng khoán tuần tới?,2023-05-21 03:26:08,2025-10-01 05:31:27
1764,46,2a134a47-bcc3-42af-bb1a-3b35b483bcaa,765,"Mình cũng từng đến đó, cảnh đẹp thực sự nhưng dịch vụ chưa tốt lắm.",2024-04-15 01:44:06,2024-07-03 14:13:53
1300,36,7762a243-b058-43c0-8673-e8dec2b7e69a,,"Có ai có kinh nghiệm đầu tư vàng không, chia sẻ cho mình với!",2021-03-20 14:39:46,2021-05-27 01:17:22
1489,42,07f8cbfc-da67-4091-8c29-807a6e51702d,1133,"Mình nghĩ ngược lại, đây là cơ hội tốt để bắt đáy một số mã tiềm năng.",2025-09-24 19:46:27,2025-10-09 05:30:46
1556,30,890c97b5-b1df-41c1-a192-4f6a6b86c165,669,"Mình không nghĩ vậy, @thang.duong74. Phong độ của họ khá thất thường.",2025-02-12 02:24:30,2025-07-21 20:35:41
1057,34,2ba25d27-054a-4276-b617-b09400506beb,723,"Pin của máy này đúng là một điểm trừ lớn, @yen.ngo79 ạ.",2025-05-09 08:53:50,2025-09-18 23:11:50
752,47,181e93bd-2cf4-4783-b681-9742ec263146,,Bạn nghĩ ai sẽ vô địch giải năm nay?,2022-02-27 17:06:38,2023-06-03 00:45:05
592,40,4ededee4-76ee-4d43-9438-b527547a026a,110,Chính xác! Lối chơi của đội bóng này quá thuyết phục.,2025-10-03 21:18:00,2025-10-09 02:10:26
472,19,068eab4c-e244-4067-a25b-5c39c4243335,42,"Mình vừa cập nhật xong, có vẻ mượt hơn nhưng hơi nóng máy.",2023-11-21 01:47:22,2025-08-18 01:43:57
84,30,4433fa69-510c-417c-b819-49c35b6ebd09,57,"Mình không nghĩ vậy, @nga.phan87. Phong độ của họ khá thất thường.",2022-08-18 13:55:26,2023-11-26 12:26:10
781,33,02682162-576c-4e38-acc1-3112c0d1b8cc,121,"Mình không nghĩ vậy, @minh.vu48. Phong độ của họ khá thất thường.",2024-09-06 22:02:24,2025-04-19 11:21:40
1634,39,8dc985de-9394-4139-9ad1-37987eaf5e6a,1512,Bạn @binh.ly96 có thể chia sẻ thêm về chi phí được không?,2025-09-22 05:22:23,2025-10-03 10:06:08
1451,1,369d43ef-b7dc-4d07-a5e9-a5fd0103d13b,78,"Mình nghĩ ngược lại, đây là cơ hội tốt để bắt đáy một số mã tiềm năng.",2023-12-23 09:17:02,2024-06-24 16:56:30
1816,25,0714c841-a675-410e-9c8a-4f53dbaf0f64,934,"@phuong.vu22, siêu phẩm của cầu thủ đó đúng là không thể tin được!",2025-07-08 21:47:34,2025-08-23 22:45:33
1946,48,9f477750-6d9d-45b4-86d3-cd04ac98795e,1752,"Cảm ơn chia sẻ của @phuong.nguyen73, rất hữu ích cho người mới như mình.",2025-09-26 19:49:13,2025-10-12 04:13:41
36,1,0163cf9b-fe10-4ac9-a33e-d76fcadb87ba,,Hệ điều hành mới cập nhật có lỗi gì không mọi người?,2023-06-01 10:39:57,2024-12-15 10:24:52
841,11,4dd170a4-98d7-4fff-bfa0-2bf249a5e9b9,,Mình đang tìm review chi tiết về chuyến đi Hà Giang.,2022-01-19 06:05:30,2024-03-10 01:54:55
1450,39,369d43ef-b7dc-4d07-a5e9-a5fd0103d13b,225,Bạn @minh.ngo82 có thể chia sẻ thêm về chi phí được không?,2025-08-15 06:33:46,
739,31,6d0ff78f-d123-4e4d-8ad9-f561b7c2bfa1,,Hệ điều hành mới cập nhật có lỗi gì không mọi người?,2021-01-01 12:04:41,
1322,6,9ee675a6-df62-4830-b7cf-882716155ab2,,Hệ điều hành mới cập nhật có lỗi gì không mọi người?,2021-10-20 17:34:28,2024-06-27 18:56:05
5,23,b1c13a86-f3f3-4296-9ba5-03cce3a8b118,,Trận đấu tối qua mãn nhãn thật sự!,2023-11-19 22:50:15,2025-01-08 21:40:50
858,45,8243517e-bd6d-4c37-85ca-7ab9e2cbf7f3,,"Có ai có kinh nghiệm đầu tư vàng không, chia sẻ cho mình với!",2021-06-27 00:52:32,
1955,13,32946ab7-b119-433b-82b1-d0b14ea7b46e,,"Có ai có kinh nghiệm đầu tư vàng không, chia sẻ cho mình với!",2024-02-02 16:36:39,2025-08-28 14:47:57
1533,37,b76402a1-b85b-40a3-b858-c954f5f0c5a6,,Mình đang tìm review chi tiết về chuyến đi Hà Giang.,2021-08-15 04:32:10,2025-06-25 09:11:47
1306,37,3ce44e1a-9a8b-4da5-8152-2970fafb2922,,Ai có kinh nghiệm du lịch một mình không?,2025-01-18 01:58:34,2025-02-21 17:57:19
1727,19,052ebf6c-7419-48de-b86d-f5d2ea1b5069,472,"Cảm ơn gợi ý của @son.huynh36, mình sẽ cân nhắc địa điểm này.",2025-04-01 19:29:48,2025-05-16 16:09:16
1484,24,a8255759-7882-4aef-8a4d-72c2db336798,,AI đang thay đổi thế giới nhanh hơn chúng ta tưởng.,2023-07-26 14:14:30,2024-12-21 09:51:29
1936,40,4932a133-4308-4b70-94a3-42ffe287bb72,233,Chính xác! Lối chơi của đội bóng này quá thuyết phục.,2025-08-22 17:19:48,2025-10-01 20:35:48
489,23,b592d1cc-e74f-4760-bf41-ef1dea7a3534,134,"@uyen.hoang77, siêu phẩm của cầu thủ đó đúng là không thể tin được!",2025-04-23 08:43:17,
1843,13,199e9964-4bd3-4256-9712-80cbec5f60e5,955,"@minh.ho7, siêu phẩm của cầu thủ đó đúng là không thể tin được!",2025-10-12 12:34:03,
1135,16,cbfb55b3-3380-4ef8-951b-8cb61c37e9d6,445,"Pin của máy này đúng là một điểm trừ lớn, @thao.tran88 ạ.",2025-09-09 16:33:49,2025-09-15 06:32:38
650,13,b8aeaea7-fc15-49e6-9716-0e7a3e47e485,345,Bạn @mai.ho42 có thể chia sẻ thêm về chi phí được không?,2025-10-11 03:04:15,2025-10-12 07:40:57
1760,42,2a134a47-bcc3-42af-bb1a-3b35b483bcaa,1200,"Cảm ơn chia sẻ của @chi.dang36, rất hữu ích cho người mới như mình.",2025-08-04 10:12:09,2025-10-02 10:41:24
750,15,4a94fc33-9f2a-4411-946b-36e55744c86a,172,"@giang.ho49 nói có lý, đa dạng hóa danh mục là chiến lược an toàn nhất.",2025-03-18 19:36:03,2025-07-29 05:57:09
1163,8,a475ef2c-d5c9-48a4-83ef-d04d1595b97e,,Trận đấu tối qua mãn nhãn thật sự!,2025-06-20 10:36:52,2025-09-24 08:54:48
911,36,eea6a721-d4a0-472a-89df-4aab251135fd,40,"Mình nghĩ ngược lại, đây là cơ hội tốt để bắt đáy một số mã tiềm năng.",2024-12-18 21:21:38,2025-05-17 15:57:39
1004,42,b750f3e9-2058-44de-8f1d-581034609513,754,"Cảm ơn gợi ý của @an.bui13, mình sẽ cân nhắc địa điểm này.",2025-09-09 19:18:08,2025-09-15 02:02:11
162,16,c2b7fb43-1a1f-43be-bb58-459a6035034c,73,"@dung.bui21 nói có lý, đa dạng hóa danh mục là chiến lược an toàn nhất.",2023-12-10 02:31:08,2025-08-27 13:42:17
1255,11,6f0a44cd-03bc-4d05-89e8-677b1a1c9629,,Cổ phiếu ngành công nghệ đang dẫn dắt thị trường.,2025-08-24 08:34:52,2025-09-06 22:17:54
1421,5,f69db992-2925-4862-9f3d-b866bdc7f173,590,Bạn @quan.ho94 có thể chia sẻ thêm về chi phí được không?,2022-04-21 22:29:56,2025-05-13 11:26:22
399,30,b636b593-f99a-4047-99c5-d84d0be7abef,282,Bạn @tuan.vo80 có thể chia sẻ thêm về chi phí được không?,2025-10-06 05:15:41,2025-10-11 06:53:15
1708,23,470e881c-26f1-4872-8ce1-f347784a6267,489,"Mình vừa cập nhật xong, có vẻ mượt hơn nhưng hơi nóng máy.",2025-06-16 14:10:01,2025-06-25 15:46:59
1106,7,be74f3ec-3189-4022-b23f-1e59efe4bf85,686,"Mình nghĩ ngược lại, đây là cơ hội tốt để bắt đáy một số mã tiềm năng.",2025-10-10 09:18:08,
44,8,e93f824e-29ba-4795-9bb2-3056bf1ef180,,Cầu thủ yêu thích của mọi người là ai?,2021-10-17 16:03:59,
576,9,0476ace2-36fe-49be-b038-85d603426a3b,,Mọi người nghĩ sao về thị trường chứng khoán tuần tới?,2021-02-28 06:35:42,2022-12-04 01:36:01
1813,6,0714c841-a675-410e-9c8a-4f53dbaf0f64,98,Chính xác! Lối chơi của đội bóng này quá thuyết phục.,2025-09-18 04:30:57,2025-10-08 20:10:08
51,42,33694092-0610-4088-8274-cedd56c1a2ec,2,"Mình không nghĩ vậy, @thao.tran50. Phong độ của họ khá thất thường.",2024-10-25 04:07:53,
1678,12,44c69e12-ec0a-4b17-a693-1f046beb4922,,Lãi suất tiết kiệm dạo này có vẻ không hấp dẫn lắm.,2023-01-19 11:29:50,2024-08-28 01:36:48
1257,14,6f0a44cd-03bc-4d05-89e8-677b1a1c9629,787,"Tôi đồng ý với @quan.tran70, giai đoạn này nên cẩn trọng.",2025-09-29 13:59:56,
1854,22,0d19b59f-5a3d-4058-8fdb-1c3304aca010,,Cầu thủ yêu thích của mọi người là ai?,2024-09-13 23:24:18,2025-03-17 03:50:41
951,47,c76ec385-7bb5-4a48-9a2d-8e417c95909f,,Ai có kinh nghiệm du lịch một mình không?,2024-12-25 16:11:50,2025-04-23 22:18:58
948,12,c76ec385-7bb5-4a48-9a2d-8e417c95909f,,Mình đang tìm review chi tiết về chuyến đi Hà Giang.,2022-09-03 12:07:52,
1692,19,9fd87b6b-e1d6-4866-80a8-81acf6f4f257,,AI đang thay đổi thế giới nhanh hơn chúng ta tưởng.,2024-08-13 09:47:57,2024-11-04 01:44:41
1620,41,0b5b8c26-f5e6-4918-94b6-97cb81144a1e,,Hệ điều hành mới cập nhật có lỗi gì không mọi người?,2022-11-17 09:17:19,2024-10-27 10:17:14
1134,2,cbfb55b3-3380-4ef8-951b-8cb61c37e9d6,449,"Cảm ơn gợi ý của @thao.tran88, mình sẽ cân nhắc địa điểm này.",2025-10-12 12:51:17,
137,1,730bb91f-fe34-432c-b167-8db8a48c8e7d,,Mẫu điện thoại mới ra mắt có đáng tiền không?,2023-02-14 13:17:28,
296,14,82a6e2a7-2fb1-4f26-b869-f784aeac3448,,AI đang thay đổi thế giới nhanh hơn chúng ta tưởng.,2021-03-14 19:11:11,
1045,43,3409096c-49f5-4e2c-8d80-75f550174be7,824,"Mình cũng từng đến đó, cảnh đẹp thực sự nhưng dịch vụ chưa tốt lắm.",2025-10-08 10:49:10,2025-10-10 14:17:27
1013,48,b750f3e9-2058-44de-8f1d-581034609513,90,Hoàn toàn đồng ý với @linh.nguyen73. Tiềm năng của AI là vô hạn.,2025-10-08 09:44:15,2025-10-08 22:53:13
1113,11,be74f3ec-3189-4022-b23f-1e59efe4bf85,,Mọi người nghĩ sao về thị trường chứng khoán tuần tới?,2021-05-06 21:33:05,2023-09-07 07:55:45
551,46,1ebf4471-9f75-4659-9a9d-92b65442f2cf,,"Có ai có kinh nghiệm đầu tư vàng không, chia sẻ cho mình với!",2023-03-01 19:06:19,2024-08-04 12:04:35
1403,35,2ed9319f-2ae6-402b-af4a-60afa76d3a0e,,Hệ điều hành mới cập nhật có lỗi gì không mọi người?,2023-06-08 01:20:56,2024-11-06 00:45:28
515,35,43447286-19ba-4680-a442-17e7e6baaed6,484,"Tôi đồng ý với @quynh.do33, giai đoạn này nên cẩn trọng.",2025-10-06 12:14:10,2025-10-09 22:40:25
1921,47,8970e406-9b50-4e00-a95a-5981ff43a890,1380,"Mình vừa cập nhật xong, có vẻ mượt hơn nhưng hơi nóng máy.",2025-06-17 11:27:34,
1873,37,6be9cf23-fa35-47d5-88d2-bba3a6336bff,1785,Hoàn toàn đồng ý với @vy.le75. Tiềm năng của AI là vô hạn.,2025-05-07 09:54:31,2025-05-15 10:13:03
46,47,33694092-0610-4088-8274-cedd56c1a2ec,,Lãi suất tiết kiệm dạo này có vẻ không hấp dẫn lắm.,2024-11-25 06:43:09,
131,46,e8d237e0-6434-4187-b557-9ec1b593b219,127,Hoàn toàn đồng ý với @long.pham43. Tiềm năng của AI là vô hạn.,2025-06-14 21:13:00,2025-09-28 03:19:43
775,2,71559a06-dc20-4bd6-a856-b7d3dfc7342c,,Mọi người nghĩ sao về thị trường chứng khoán tuần tới?,2023-01-01 22:54:20,2025-07-16 10:57:54
41,49,e93f824e-29ba-4795-9bb2-3056bf1ef180,15,"@phuong.nguyen29 nói có lý, đa dạng hóa danh mục là chiến lược an toàn nhất.",2024-05-25 01:35:19,2024-12-11 21:57:26
1585,33,de2a2b2d-ecf8-4c2c-894b-ddf63680f99a,300,Chính xác! Lối chơi của đội bóng này quá thuyết phục.,2025-10-02 13:53:10,2025-10-09 13:11:47
866,5,5f39590f-e3eb-4b91-80f9-8c5b67dc03dc,,Mọi người nghĩ sao về thị trường chứng khoán tuần tới?,2025-01-08 15:29:59,
1806,28,4468bf7b-945c-46a2-a3dc-a29b8c8a0171,1005,"Mình cũng từng đến đó, cảnh đẹp thực sự nhưng dịch vụ chưa tốt lắm.",2025-04-14 23:43:04,2025-09-02 01:12:08
1773,29,b13543fe-01b6-461e-a0ca-69f31cc0aa2d,1406,"@anh.vu42, siêu phẩm của cầu thủ đó đúng là không thể tin được!",2022-10-09 07:24:23,
992,24,27171e8b-0e9d-4d94-b60f-0414e202474e,802,"Pin của máy này đúng là một điểm trừ lớn, @long.vo80 ạ.",2025-08-04 01:36:46,2025-09-09 15:20:08
1250,27,6f0a44cd-03bc-4d05-89e8-677b1a1c9629,,Trận đấu tối qua mãn nhãn thật sự!,2023-04-18 12:50:38,2024-12-22 10:33:51
232,41,5403dc51-6709-460c-90b3-8e9abebce43a,50,Bạn @cuong.do38 có thể chia sẻ thêm về chi phí được không?,2025-09-23 06:04:36,2025-09-28 18:23:03
1893,48,be842cff-a287-403f-8e0e-435ce85830f5,1345,"@khanh.phan47, siêu phẩm của cầu thủ đó đúng là không thể tin được!",2022-09-09 21:01:23,2024-05-20 02:50:19
1307,44,3ce44e1a-9a8b-4da5-8152-2970fafb2922,,Hệ điều hành mới cập nhật có lỗi gì không mọi người?,2024-09-20 23:15:07,2025-08-14 02:09:10
25,11,5c732c78-6c05-4d6b-9a31-adc02ce52b1f,,Mẫu điện thoại mới ra mắt có đáng tiền không?,2021-04-27 12:15:34,
1500,44,f4e8c5e8-1322-4d81-8395-e0d785d687f5,314,"Mình vừa cập nhật xong, có vẻ mượt hơn nhưng hơi nóng máy.",2025-10-12 11:45:15,
1755,42,c22e109c-a0b9-4658-9be1-5cb534b5abdd,1147,"Pin của máy này đúng là một điểm trừ lớn, @tuan.vo26 ạ.",2025-06-29 20:20:10,
1683,5,44c69e12-ec0a-4b17-a693-1f046beb4922,1421,"Tôi đồng ý với @dung.bui17, giai đoạn này nên cẩn trọng.",2023-08-15 00:15:36,2025-01-08 22:00:41
1273,33,67110453-c058-44ab-9f08-5c921b596755,762,"@huong.huynh38, siêu phẩm của cầu thủ đó đúng là không thể tin được!",2025-03-23 05:25:25,2025-05-28 03:57:00
954,4,46d3ff51-b202-4f17-8491-52deeea23be1,,Mọi người nghĩ sao về thị trường chứng khoán tuần tới?,2024-12-05 17:36:40,
1911,44,81e5b657-e22e-4b31-9ce4-68417ad208b3,1334,"Mình nghĩ ngược lại, đây là cơ hội tốt để bắt đáy một số mã tiềm năng.",2025-09-05 17:35:28,2025-09-14 23:03:16
1650,2,f628255e-4b29-4bd5-9cf2-211976e376f7,1457,"Tôi đồng ý với @cuong.nguyen87, giai đoạn này nên cẩn trọng.",2025-09-04 15:10:59,2025-09-28 23:13:11
124,23,558cdd20-e089-414a-b7bd-18fca64d2608,,Ai có kinh nghiệm du lịch một mình không?,2021-02-22 04:32:14,2025-02-21 08:44:57
387,3,b636b593-f99a-4047-99c5-d84d0be7abef,185,Chính xác! Lối chơi của đội bóng này quá thuyết phục.,2025-09-22 05:07:56,2025-10-10 20:31:34
1932,48,4932a133-4308-4b70-94a3-42ffe287bb72,7,"Cảm ơn gợi ý của @thao.tran50, mình sẽ cân nhắc địa điểm này.",2025-08-07 00:36:15,2025-09-15 23:59:44
174,38,1d837871-8735-4141-83d9-592d9aef042a,132,"@uyen.hoang77 nói có lý, đa dạng hóa danh mục là chiến lược an toàn nhất.",2025-06-16 20:26:20,
1659,24,665e29a7-8bc4-4988-b103-40afcf4bde3a,574,"Pin của máy này đúng là một điểm trừ lớn, @an.nguyen54 ạ.",2025-08-22 20:37:32,
514,40,43447286-19ba-4680-a442-17e7e6baaed6,233,Bạn @nga.bui96 có thể chia sẻ thêm về chi phí được không?,2024-09-01 19:48:05,2024-12-06 00:59:44
1420,5,84b8c629-f1f2-412f-8c6f-a868ac314122,,Lãi suất tiết kiệm dạo này có vẻ không hấp dẫn lắm.,2024-12-07 02:26:39,
1829,20,adece442-cc7e-40b7-9e85-f0c1817b849e,,Lãi suất tiết kiệm dạo này có vẻ không hấp dẫn lắm.,2022-09-11 13:19:04,2023-03-22 15:00:47
42,19,e93f824e-29ba-4795-9bb2-3056bf1ef180,24,"Pin của máy này đúng là một điểm trừ lớn, @huy.phan72 ạ.",2023-08-09 11:46:03,2025-02-11 01:15:36
875,7,63ae476b-8130-4f9f-a3b1-94840053357c,664,"@thang.duong74, siêu phẩm của cầu thủ đó đúng là không thể tin được!",2025-10-06 04:54:18,2025-10-10 12:30:22
689,47,3ee7afc0-161c-4e12-87c4-6d8999d8ddf3,,AI đang thay đổi thế giới nhanh hơn chúng ta tưởng.,2023-10-21 06:51:59,2024-10-22 04:30:29
791,18,02682162-576c-4e38-acc1-3112c0d1b8cc,751,"Mình vừa cập nhật xong, có vẻ mượt hơn nhưng hơi nóng máy.",2025-10-08 03:12:41,2025-10-11 09:42:29
1175,45,c989f043-1fda-49c3-80df-f91cbb2c9778,408,"Mình nghĩ ngược lại, đây là cơ hội tốt để bắt đáy một số mã tiềm năng.",2024-10-01 22:54:29,2025-10-01 10:46:19
226,6,84f7e735-21d6-4080-a3f7-91c4b1e57446,128,Hoàn toàn đồng ý với @long.pham43. Tiềm năng của AI là vô hạn.,2025-05-09 04:46:25,
617,10,039c7ae3-9a6f-4f22-867c-a8d4c2115798,,"Có ai có kinh nghiệm đầu tư vàng không, chia sẻ cho mình với!",2022-02-22 21:32:10,2022-07-30 14:18:28
1410,5,ae60094a-ce56-42f6-8a10-a68c0b3858bc,483,"@quynh.do33 nói có lý, đa dạng hóa danh mục là chiến lược an toàn nhất.",2025-06-16 23:06:32,2025-09-22 04:59:03
1949,5,9f477750-6d9d-45b4-86d3-cd04ac98795e,1107,"Mình vừa cập nhật xong, có vẻ mượt hơn nhưng hơi nóng máy.",2024-08-04 06:08:30,
949,43,c76ec385-7bb5-4a48-9a2d-8e417c95909f,,Mọi người nghĩ sao về thị trường chứng khoán tuần tới?,2022-06-07 13:00:25,2023-02-06 23:10:03
34,24,0163cf9b-fe10-4ac9-a33e-d76fcadb87ba,,AI đang thay đổi thế giới nhanh hơn chúng ta tưởng.,2021-07-18 12:04:43,2025-08-30 21:53:19
1452,1,369d43ef-b7dc-4d07-a5e9-a5fd0103d13b,251,"Pin của máy này đúng là một điểm trừ lớn, @thanh.dang32 ạ.",2025-05-28 08:33:02,2025-08-17 23:49:42
1209,23,54f99967-b1e7-4381-a84b-b371f4dca18b,557,"Mình nghĩ ngược lại, đây là cơ hội tốt để bắt đáy một số mã tiềm năng.",2024-09-13 13:57:07,
235,49,5403dc51-6709-460c-90b3-8e9abebce43a,100,Chính xác! Lối chơi của đội bóng này quá thuyết phục.,2025-08-01 17:19:58,2025-08-10 00:49:50
1121,29,461f4df7-ebed-4c69-8f17-2db9e68af074,376,"Mình cũng từng đến đó, cảnh đẹp thực sự nhưng dịch vụ chưa tốt lắm.",2025-09-30 09:05:42,2025-10-11 19:35:05
1889,43,5bce3b43-5474-4d71-ac81-8d186e5a2903,168,"Cảm ơn gợi ý của @trung.dang27, mình sẽ cân nhắc địa điểm này.",2025-07-29 12:22:53,2025-09-18 04:36:54
1792,18,7afacbe8-4df4-46b9-a1f3-945294431bb0,933,Hoàn toàn đồng ý với @phuong.vu22. Tiềm năng của AI là vô hạn.,2025-07-23 22:37:04,2025-08-04 18:43:58
436,47,4fec1d3b-ecb4-4afd-bc73-90260504daae,,Cầu thủ yêu thích của mọi người là ai?,2021-01-31 07:52:32,2021-10-01 18:56:22
334,42,2d377520-e359-48c2-b2d6-cf0de98f9cce,286,Chính xác! Lối chơi của đội bóng này quá thuyết phục.,2025-02-22 13:44:05,2025-07-23 09:25:57
768,9,71559a06-dc20-4bd6-a856-b7d3dfc7342c,299,Bạn @an.pham92 có thể chia sẻ thêm về chi phí được không?,2025-09-19 01:59:00,
1656,43,d1635d17-86e6-4541-8a63-69f6903f7e07,434,"Mình cũng từng đến đó, cảnh đẹp thực sự nhưng dịch vụ chưa tốt lắm.",2025-09-11 07:52:49,2025-09-15 04:28:41
223,29,da97631f-a81c-4c05-b568-75b060d3146c,,Bạn nghĩ ai sẽ vô địch giải năm nay?,2022-06-05 17:04:49,2023-07-17 18:45:16
545,4,72d7d5d0-90ce-45d6-aff6-594b45892680,378,"Pin của máy này đúng là một điểm trừ lớn, @phuong.dang46 ạ.",2024-10-25 20:14:16,2025-02-11 06:54:55
1323,49,9ee675a6-df62-4830-b7cf-882716155ab2,1251,"Mình không nghĩ vậy, @trang.duong72. Phong độ của họ khá thất thường.",2023-12-19 16:12:30,
1197,28,80a5f18d-bdd2-40f9-80db-38bbba7c030f,688,"Pin của máy này đúng là một điểm trừ lớn, @dung.ngo80 ạ.",2025-10-05 02:46:50,
1786,6,c3b6ca30-981d-4d63-b9e6-bebe433bb0c1,615,Hoàn toàn đồng ý với @quan.dang49. Tiềm năng của AI là vô hạn.,2024-08-31 02:14:57,
1796,30,7afacbe8-4df4-46b9-a1f3-945294431bb0,1100,"Cảm ơn chia sẻ của @giang.dang84, rất hữu ích cho người mới như mình.",2025-09-28 14:24:45,2025-10-06 07:14:49
1810,28,4468bf7b-945c-46a2-a3dc-a29b8c8a0171,1797,"Mình không nghĩ vậy, @hung.tran47. Phong độ của họ khá thất thường.",2025-06-03 14:47:41,2025-06-22 04:05:51
1411,35,ae60094a-ce56-42f6-8a10-a68c0b3858bc,,AI đang thay đổi thế giới nhanh hơn chúng ta tưởng.,2024-01-21 06:58:24,2024-03-08 08:19:39
219,37,da97631f-a81c-4c05-b568-75b060d3146c,54,"Mình nghĩ ngược lại, đây là cơ hội tốt để bắt đáy một số mã tiềm năng.",2024-02-13 22:28:41,2025-05-06 23:15:38
660,13,b056bf4f-5fca-41ed-a4d6-4e80beeb7d9b,417,Bạn @lan.nguyen31 có thể chia sẻ thêm về chi phí được không?,2025-06-24 11:41:28,
92,1,23b59c80-4a91-47ee-b051-7eacf6f2ca41,29,Chính xác! Lối chơi của đội bóng này quá thuyết phục.,2024-06-03 13:17:39,2025-02-03 11:47:33
970,18,ac2f79b5-3bce-4b00-bf99-69ae46a13db3,499,Hoàn toàn đồng ý với @nga.nguyen17. Tiềm năng của AI là vô hạn.,2024-06-29 09:49:02,2024-12-28 16:56:03
1344,17,b267cf12-0d28-491b-b821-12def71bd372,1,"Tôi đồng ý với @thao.tran50, giai đoạn này nên cẩn trọng.",2025-09-24 17:39:58,2025-10-10 17:24:18
1180,21,c989f043-1fda-49c3-80df-f91cbb2c9778,,Trận đấu tối qua mãn nhãn thật sự!,2025-08-17 20:51:32,2025-09-30 21:46:10
1424,8,f69db992-2925-4862-9f3d-b866bdc7f173,17,Chính xác! Lối chơi của đội bóng này quá thuyết phục.,2022-03-05 02:31:57,2023-10-29 14:47:28
403,37,0f8c2cba-0c9f-4de9-9cfb-e4c3a8aa3020,379,"Mình vừa cập nhật xong, có vẻ mượt hơn nhưng hơi nóng máy.",2025-10-09 09:06:04,2025-10-12 00:12:05
1309,26,3ce44e1a-9a8b-4da5-8152-2970fafb2922,118,"Cảm ơn gợi ý của @minh.vu48, mình sẽ cân nhắc địa điểm này.",2024-08-22 15:52:27,2024-09-14 17:31:17
460,28,3d597ea0-7f18-489a-8855-e09c59ba9241,,Mình đang tìm review chi tiết về chuyến đi Hà Giang.,2022-12-31 02:15:01,2023-07-25 02:27:44
310,38,a2d5e807-e029-498a-b712-cff822988c18,,Cổ phiếu ngành công nghệ đang dẫn dắt thị trường.,2024-01-27 17:49:28,2025-06-06 07:43:03
760,26,94c76233-4baa-4ee0-a608-23aa9e3f0d10,320,"Cảm ơn gợi ý của @giang.pham59, mình sẽ cân nhắc địa điểm này.",2025-09-14 16:25:42,
659,37,b056bf4f-5fca-41ed-a4d6-4e80beeb7d9b,,Mẫu điện thoại mới ra mắt có đáng tiền không?,2022-11-27 22:07:06,2025-02-09 15:16:31
39,7,e93f824e-29ba-4795-9bb2-3056bf1ef180,,Trận đấu tối qua mãn nhãn thật sự!,2025-05-12 13:57:13,
720,27,03131c47-3d3b-4c55-9335-ba7174b609bb,622,"Mình nghĩ ngược lại, đây là cơ hội tốt để bắt đáy một số mã tiềm năng.",2025-09-17 02:34:41,2025-09-25 07:13:11
932,10,68730859-9553-4fd9-bef2-555effa9a24f,913,"Mình không nghĩ vậy, @nam.do4. Phong độ của họ khá thất thường.",2025-10-11 01:19:01,
188,22,31ed8aee-fc75-4c82-b2fd-79886f7f2975,,Mình đang tìm review chi tiết về chuyến đi Hà Giang.,2024-06-24 10:51:41,2024-08-09 18:06:43
1952,50,9f477750-6d9d-45b4-86d3-cd04ac98795e,1412,Bạn @anh.vu42 có thể chia sẻ thêm về chi phí được không?,2024-10-19 04:32:44,2025-02-14 03:38:28
424,37,010eff4b-ca48-4e8f-9eac-1145aae6b35a,360,Chính xác! Lối chơi của đội bóng này quá thuyết phục.,2025-07-07 16:58:22,2025-07-25 23:45:32
280,30,82c35ed5-c8c5-48f3-97ed-b3ced4113a1b,84,"Mình vừa cập nhật xong, có vẻ mượt hơn nhưng hơi nóng máy.",2023-02-14 04:50:57,2024-11-27 17:47:39
234,45,5403dc51-6709-460c-90b3-8e9abebce43a,,Hè này nên đi biển nào đẹp mà vắng người nhỉ?,2025-07-02 14:08:03,2025-08-20 02:08:04
1065,42,7c920e25-1bed-4916-9eb7-ec3877f257d3,173,"Pin của máy này đúng là một điểm trừ lớn, @giang.ho49 ạ.",2025-10-08 03:19:14,2025-10-12 10:57:38
922,18,d237f7a5-889b-4d82-ba71-5a182faddcfb,469,"@quan.tran78, siêu phẩm của cầu thủ đó đúng là không thể tin được!",2025-09-24 19:01:18,2025-10-12 00:18:33
1793,40,7afacbe8-4df4-46b9-a1f3-945294431bb0,628,"Mình không nghĩ vậy, @giang.dang12. Phong độ của họ khá thất thường.",2024-06-21 05:50:08,2024-08-22 16:28:36
453,21,3d597ea0-7f18-489a-8855-e09c59ba9241,45,Bạn @giang.vu12 có thể chia sẻ thêm về chi phí được không?,2024-10-12 05:33:02,
286,42,82c35ed5-c8c5-48f3-97ed-b3ced4113a1b,111,"Mình không nghĩ vậy, @an.duong29. Phong độ của họ khá thất thường.",2025-02-07 06:55:37,2025-07-13 03:05:41
1582,8,f1c8d0c6-0d8a-4442-87f3-76a3350c696f,17,Chính xác! Lối chơi của đội bóng này quá thuyết phục.,2024-10-07 17:13:20,2025-10-10 20:18:56
333,45,2d377520-e359-48c2-b2d6-cf0de98f9cce,,Hè này nên đi biển nào đẹp mà vắng người nhỉ?,2021-09-03 06:38:47,2022-11-28 01:36:25
1281,11,fa374107-8ef3-4371-94d5-29decd2b8e52,56,"Mình vừa cập nhật xong, có vẻ mượt hơn nhưng hơi nóng máy.",2025-09-03 06:24:43,2025-09-15 10:04:32
248,8,ef26d43b-4f10-4163-8174-6210edb0dceb,,Cầu thủ yêu thích của mọi người là ai?,2024-07-22 17:00:28,2024-12-01 03:28:27
95,44,23b59c80-4a91-47ee-b051-7eacf6f2ca41,62,"Pin của máy này đúng là một điểm trừ lớn, @nga.phan87 ạ.",2021-04-29 13:47:11,2024-12-23 16:12:54
1834,45,adece442-cc7e-40b7-9e85-f0c1817b849e,,Trận đấu tối qua mãn nhãn thật sự!,2021-11-20 21:09:31,2024-07-22 10:45:44
838,45,9337146c-7a85-4297-93f9-527dae26627c,,Ai có kinh nghiệm du lịch một mình không?,2021-08-16 00:17:38,2023-05-14 13:05:51
945,24,c76ec385-7bb5-4a48-9a2d-8e417c95909f,574,Bạn @an.nguyen54 có thể chia sẻ thêm về chi phí được không?,2025-09-02 00:34:42,
1128,1,461f4df7-ebed-4c69-8f17-2db9e68af074,251,"Cảm ơn chia sẻ của @thanh.dang32, rất hữu ích cho người mới như mình.",2025-02-09 00:40:18,2025-02-14 01:51:20
824,43,b2b47876-8099-4ce4-b666-44e60cfc9229,448,Chính xác! Lối chơi của đội bóng này quá thuyết phục.,2025-10-06 13:48:41,
832,6,b2b47876-8099-4ce4-b666-44e60cfc9229,,Trận đấu tối qua mãn nhãn thật sự!,2025-05-28 01:41:21,2025-08-30 13:29:15
1346,37,b267cf12-0d28-491b-b821-12def71bd372,,Mọi người nghĩ sao về thị trường chứng khoán tuần tới?,2025-04-21 12:51:15,2025-09-06 05:57:23
1185,10,c989f043-1fda-49c3-80df-f91cbb2c9778,673,"Mình vừa cập nhật xong, có vẻ mượt hơn nhưng hơi nóng máy.",2025-04-22 03:05:35,2025-05-02 14:44:24
195,8,31ed8aee-fc75-4c82-b2fd-79886f7f2975,,Lãi suất tiết kiệm dạo này có vẻ không hấp dẫn lắm.,2023-01-13 18:57:47,2023-09-30 07:34:37
417,13,010eff4b-ca48-4e8f-9eac-1145aae6b35a,252,"Mình vừa cập nhật xong, có vẻ mượt hơn nhưng hơi nóng máy.",2025-05-16 18:08:40,2025-09-18 10:42:39
1127,19,461f4df7-ebed-4c69-8f17-2db9e68af074,528,"Mình vừa cập nhật xong, có vẻ mượt hơn nhưng hơi nóng máy.",2025-09-15 09:59:29,2025-10-06 01:14:01
112,22,9bc45ca6-ead5-452f-9835-b57f4afa4c6b,,Hè này nên đi biển nào đẹp mà vắng người nhỉ?,2022-11-08 03:59:40,2023-05-01 16:08:53
777,50,02682162-576c-4e38-acc1-3112c0d1b8cc,,Trận đấu tối qua mãn nhãn thật sự!,2022-12-28 01:24:00,
313,27,a2d5e807-e029-498a-b712-cff822988c18,154,"Mình vừa cập nhật xong, có vẻ mượt hơn nhưng hơi nóng máy.",2025-02-18 02:04:01,
1221,35,7343136b-2e88-4971-b8fa-5c716baf69c5,,Mình đang tìm review chi tiết về chuyến đi Hà Giang.,2022-06-17 12:45:30,2023-02-03 07:45:39
983,11,090e12ce-980c-4f11-8812-340313f78ed0,,Trận đấu tối qua mãn nhãn thật sự!,2023-09-02 19:44:53,2023-09-19 06:30:34
1130,26,461f4df7-ebed-4c69-8f17-2db9e68af074,179,"Mình nghĩ ngược lại, đây là cơ hội tốt để bắt đáy một số mã tiềm năng.",2024-07-21 04:30:29,2025-07-07 06:37:28
755,14,181e93bd-2cf4-4783-b681-9742ec263146,,Mình đang tìm review chi tiết về chuyến đi Hà Giang.,2023-11-29 16:47:52,2025-01-20 17:55:15
148,10,f0f22b95-c10f-42e1-92b4-bcb0899b945e,125,Hoàn toàn đồng ý với @long.pham43. Tiềm năng của AI là vô hạn.,2025-06-16 05:40:48,
634,35,b90b4730-cfb7-453d-8f46-364d39e9693c,580,"Mình nghĩ ngược lại, đây là cơ hội tốt để bắt đáy một số mã tiềm năng.",2025-10-10 21:51:48,
102,20,068b8c0a-8f78-423d-b293-1ad31d4ada34,60,Hoàn toàn đồng ý với @nga.phan87. Tiềm năng của AI là vô hạn.,2023-06-11 20:33:23,2025-09-07 15:50:58
1507,31,83985159-bd84-419d-bf60-254aebb0262f,,Trận đấu tối qua mãn nhãn thật sự!,2023-11-19 01:32:19,2024-01-27 09:16:33
1771,28,b13543fe-01b6-461e-a0ca-69f31cc0aa2d,1617,"Mình cũng từng đến đó, cảnh đẹp thực sự nhưng dịch vụ chưa tốt lắm.",2025-07-09 01:33:14,2025-08-28 23:23:53
340,11,84e33ae0-3e05-49c9-8493-a57f9083ea0f,,Ai có kinh nghiệm du lịch một mình không?,2023-07-20 21:25:13,
536,47,72d7d5d0-90ce-45d6-aff6-594b45892680,156,"Tôi đồng ý với @chi.ho52, giai đoạn này nên cẩn trọng.",2024-04-23 20:35:31,2025-08-20 10:07:25
1295,23,7762a243-b058-43c0-8673-e8dec2b7e69a,5,"Cảm ơn chia sẻ của @thao.tran50, rất hữu ích cho người mới như mình.",2024-08-13 05:05:38,2024-11-23 13:00:12
1222,13,7343136b-2e88-4971-b8fa-5c716baf69c5,994,"Pin của máy này đúng là một điểm trừ lớn, @anh.ho88 ạ.",2025-08-23 23:16:20,
806,16,c25a8e93-9bf2-4c5f-a2ce-e12169e11ad0,437,"Mình cũng từng đến đó, cảnh đẹp thực sự nhưng dịch vụ chưa tốt lắm.",2025-09-20 14:11:42,2025-10-07 07:29:57
1849,29,0d19b59f-5a3d-4058-8fdb-1c3304aca010,1082,Bạn @thao.vo55 có thể chia sẻ thêm về chi phí được không?,2025-08-12 23:25:19,2025-08-22 15:11:51
1551,42,890c97b5-b1df-41c1-a192-4f6a6b86c165,1200,Bạn @chi.dang36 có thể chia sẻ thêm về chi phí được không?,2025-09-19 07:50:23,2025-10-03 10:07:34
645,48,b8aeaea7-fc15-49e6-9716-0e7a3e47e485,52,"Mình cũng từng đến đó, cảnh đẹp thực sự nhưng dịch vụ chưa tốt lắm.",2025-09-04 15:07:26,2025-10-02 04:48:00
1302,49,3ce44e1a-9a8b-4da5-8152-2970fafb2922,1251,Bạn @trang.duong72 có thể chia sẻ thêm về chi phí được không?,2025-05-11 01:56:32,2025-09-20 04:15:17
577,2,0476ace2-36fe-49be-b038-85d603426a3b,449,"Cảm ơn gợi ý của @thao.tran88, mình sẽ cân nhắc địa điểm này.",2025-10-12 12:50:21,
703,50,3f4ede28-9173-47ec-922c-2bdad505777f,570,Hoàn toàn đồng ý với @an.nguyen54. Tiềm năng của AI là vô hạn.,2024-06-16 10:17:27,
1153,33,903d2e0b-4282-4864-bf5a-f93fbcb0548d,591,"Cảm ơn gợi ý của @quan.ho94, mình sẽ cân nhắc địa điểm này.",2021-11-24 13:29:50,
1890,23,5bce3b43-5474-4d71-ac81-8d186e5a2903,,Hè này nên đi biển nào đẹp mà vắng người nhỉ?,2023-10-14 06:35:32,
1389,38,ea410176-f32c-4a93-b7bb-88f45b627720,,Hè này nên đi biển nào đẹp mà vắng người nhỉ?,2025-08-02 18:36:28,2025-08-05 05:26:32
1707,18,e34bce11-986f-4fd2-827a-a1cbad17a758,1012,"Mình không nghĩ vậy, @dung.ho75. Phong độ của họ khá thất thường.",2023-02-05 19:54:32,2025-04-17 06:15:44
740,37,6d0ff78f-d123-4e4d-8ad9-f561b7c2bfa1,553,"Pin của máy này đúng là một điểm trừ lớn, @vy.vo57 ạ.",2024-12-09 20:02:45,2025-08-06 16:15:56
1005,28,b750f3e9-2058-44de-8f1d-581034609513,,Mọi người nghĩ sao về thị trường chứng khoán tuần tới?,2025-02-20 21:55:25,2025-09-04 21:22:11
547,37,1ebf4471-9f75-4659-9a9d-92b65442f2cf,,Trận đấu tối qua mãn nhãn thật sự!,2024-10-09 18:19:09,2025-07-27 19:12:31
11,13,b633242c-be5a-4e15-ac8d-989253896723,,Mọi người nghĩ sao về thị trường chứng khoán tuần tới?,2025-06-22 23:40:37,
1675,40,44c69e12-ec0a-4b17-a693-1f046beb4922,,Ai có kinh nghiệm du lịch một mình không?,2021-06-04 08:23:56,2022-06-06 17:46:56
306,49,a2d5e807-e029-498a-b712-cff822988c18,15,"Mình vừa cập nhật xong, có vẻ mượt hơn nhưng hơi nóng máy.",2025-01-12 02:56:42,2025-03-02 22:41:27
1386,31,ea410176-f32c-4a93-b7bb-88f45b627720,341,"Mình nghĩ ngược lại, đây là cơ hội tốt để bắt đáy một số mã tiềm năng.",2025-10-10 18:59:59,2025-10-12 08:58:04
895,30,5d95432f-fd4f-4afe-a9b4-c848100d686f,,Cầu thủ yêu thích của mọi người là ai?,2022-09-10 05:37:41,2023-02-01 00:48:06
1814,25,0714c841-a675-410e-9c8a-4f53dbaf0f64,1494,Hoàn toàn đồng ý với @thang.vo19. Tiềm năng của AI là vô hạn.,2025-07-06 21:40:00,2025-08-29 05:58:33
203,21,f71236dc-e977-45d8-96b4-d2b25a04b364,,Lãi suất tiết kiệm dạo này có vẻ không hấp dẫn lắm.,2021-10-09 20:05:56,
1055,32,3409096c-49f5-4e2c-8d80-75f550174be7,851,Bạn @phong.vo78 có thể chia sẻ thêm về chi phí được không?,2025-02-02 04:32:47,2025-08-09 08:08:05
521,12,43447286-19ba-4680-a442-17e7e6baaed6,,Trận đấu tối qua mãn nhãn thật sự!,2023-11-08 10:17:23,2025-04-07 15:31:03
392,3,b636b593-f99a-4047-99c5-d84d0be7abef,,Trận đấu tối qua mãn nhãn thật sự!,2023-01-30 22:07:30,2024-07-23 16:08:34
894,33,5d95432f-fd4f-4afe-a9b4-c848100d686f,,Lãi suất tiết kiệm dạo này có vẻ không hấp dẫn lắm.,2024-03-30 05:08:26,2025-08-10 23:57:47
847,41,3c3e87f2-aeed-42fc-858d-c7d68a888977,147,"Tôi đồng ý với @dung.phan6, giai đoạn này nên cẩn trọng.",2025-04-17 00:04:32,2025-08-31 08:40:01
1476,23,e81305a7-21a8-4641-ae75-8018bfc3feb4,1459,"@cuong.nguyen87 nói có lý, đa dạng hóa danh mục là chiến lược an toàn nhất.",2025-05-05 14:34:58,2025-09-27 18:06:22
1324,34,9ee675a6-df62-4830-b7cf-882716155ab2,213,"Mình cũng từng đến đó, cảnh đẹp thực sự nhưng dịch vụ chưa tốt lắm.",2025-04-08 10:03:18,2025-07-16 13:21:29
785,47,02682162-576c-4e38-acc1-3112c0d1b8cc,626,Hoàn toàn đồng ý với @minh.hoang39. Tiềm năng của AI là vô hạn.,2025-10-11 09:40:10,
562,28,4f196b62-051a-4252-8f90-3f551a46764a,,Bạn nghĩ ai sẽ vô địch giải năm nay?,2021-03-07 12:59:48,2021-06-27 11:37:01
1310,27,3ce44e1a-9a8b-4da5-8152-2970fafb2922,,"Có ai có kinh nghiệm đầu tư vàng không, chia sẻ cho mình với!",2025-01-06 21:43:51,
1168,40,a475ef2c-d5c9-48a4-83ef-d04d1595b97e,,Ai có kinh nghiệm du lịch một mình không?,2023-12-11 11:12:15,
683,5,efc806fe-553d-41b2-9be3-0c55e6416007,202,"Tôi đồng ý với @huy.phan78, giai đoạn này nên cẩn trọng.",2025-10-07 06:06:10,2025-10-11 13:07:32
857,50,8243517e-bd6d-4c37-85ca-7ab9e2cbf7f3,570,"@an.nguyen54, siêu phẩm của cầu thủ đó đúng là không thể tin được!",2025-09-30 00:26:49,
1939,5,4932a133-4308-4b70-94a3-42ffe287bb72,794,"Cảm ơn chia sẻ của @long.vo80, rất hữu ích cho người mới như mình.",2025-05-24 17:05:02,2025-05-28 06:59:10
467,35,1b9190c4-9957-48d4-b8e2-e751d28ae4e9,260,Hoàn toàn đồng ý với @an.ly81. Tiềm năng của AI là vô hạn.,2025-09-10 06:20:50,2025-09-25 04:54:42
1419,40,84b8c629-f1f2-412f-8c6f-a868ac314122,628,"Mình không nghĩ vậy, @giang.dang12. Phong độ của họ khá thất thường.",2022-08-23 00:56:08,2023-08-18 02:48:31
1062,14,2ba25d27-054a-4276-b617-b09400506beb,296,"@dung.do40, siêu phẩm của cầu thủ đó đúng là không thể tin được!",2022-03-21 21:15:49,2023-03-14 00:24:08
890,12,fcc059ed-49fc-406b-92b1-126308905dfa,501,"Mình vừa cập nhật xong, có vẻ mượt hơn nhưng hơi nóng máy.",2025-10-08 06:01:44,2025-10-09 16:09:15
503,48,1866def4-c854-4bcc-a696-595f48c456c7,295,"Mình cũng từng đến đó, cảnh đẹp thực sự nhưng dịch vụ chưa tốt lắm.",2025-10-03 18:31:53,2025-10-08 18:52:30
1913,4,81e5b657-e22e-4b31-9ce4-68417ad208b3,352,Hoàn toàn đồng ý với @cuong.nguyen2. Tiềm năng của AI là vô hạn.,2023-05-29 16:58:41,2023-07-09 13:52:13
1892,14,be842cff-a287-403f-8e0e-435ce85830f5,,Mẫu điện thoại mới ra mắt có đáng tiền không?,2022-03-23 10:22:29,2023-04-25 10:55:20
299,9,345fa40b-a3ba-4e25-9f11-e2887cfbfacb,63,"Mình nghĩ ngược lại, đây là cơ hội tốt để bắt đáy một số mã tiềm năng.",2025-09-18 22:31:31,2025-10-05 13:45:09
1051,22,3409096c-49f5-4e2c-8d80-75f550174be7,400,Chính xác! Lối chơi của đội bóng này quá thuyết phục.,2023-03-16 09:01:27,2023-12-19 13:16:43
1833,45,adece442-cc7e-40b7-9e85-f0c1817b849e,,Cầu thủ yêu thích của mọi người là ai?,2021-10-22 13:12:51,2023-11-27 19:58:22
1535,23,b76402a1-b85b-40a3-b858-c954f5f0c5a6,377,"Mình cũng từng đến đó, cảnh đẹp thực sự nhưng dịch vụ chưa tốt lắm.",2024-10-28 14:49:49,2024-12-15 19:31:56
1558,29,890c97b5-b1df-41c1-a192-4f6a6b86c165,1149,Bạn @uyen.dang39 có thể chia sẻ thêm về chi phí được không?,2025-06-22 01:35:26,
1626,45,4615fdae-422e-4cf2-bf1e-46b8c3c3d7de,,Ai có kinh nghiệm du lịch một mình không?,2022-04-20 11:44:09,
1588,30,de2a2b2d-ecf8-4c2c-894b-ddf63680f99a,275,Bạn @ha.ngo45 có thể chia sẻ thêm về chi phí được không?,2025-10-05 13:59:20,2025-10-10 20:53:07
430,9,74634cae-680b-4d85-bab8-9a9062fc4ee0,243,Chính xác! Lối chơi của đội bóng này quá thuyết phục.,2025-04-09 03:44:44,2025-06-03 21:43:15
856,33,8243517e-bd6d-4c37-85ca-7ab9e2cbf7f3,182,"Mình cũng từng đến đó, cảnh đẹp thực sự nhưng dịch vụ chưa tốt lắm.",2025-01-03 17:40:06,2025-03-08 09:18:26
1670,31,665e29a7-8bc4-4988-b103-40afcf4bde3a,1301,"Mình không nghĩ vậy, @ngoc.ho30. Phong độ của họ khá thất thường.",2025-10-10 18:02:16,
501,12,1866def4-c854-4bcc-a696-595f48c456c7,,Hệ điều hành mới cập nhật có lỗi gì không mọi người?,2024-12-02 09:36:32,2025-04-17 14:16:14
1294,6,7762a243-b058-43c0-8673-e8dec2b7e69a,900,Chính xác! Lối chơi của đội bóng này quá thuyết phục.,2024-08-15 18:14:46,
1266,42,67110453-c058-44ab-9f08-5c921b596755,533,Chính xác! Lối chơi của đội bóng này quá thuyết phục.,2025-09-14 07:01:07,2025-09-23 08:23:25
651,9,ad2a3765-cfd9-47b7-abe2-24b6b027fa33,171,Chính xác! Lối chơi của đội bóng này quá thuyết phục.,2025-04-24 18:50:50,2025-10-07 16:37:14
409,40,0f8c2cba-0c9f-4de9-9cfb-e4c3a8aa3020,278,"Mình không nghĩ vậy, @tuan.vo80. Phong độ của họ khá thất thường.",2025-08-14 23:07:56,2025-09-22 10:35:18
1010,31,b750f3e9-2058-44de-8f1d-581034609513,,Trận đấu tối qua mãn nhãn thật sự!,2023-07-03 19:18:07,2024-09-02 08:47:20
546,16,72d7d5d0-90ce-45d6-aff6-594b45892680,256,"@an.ly81, siêu phẩm của cầu thủ đó đúng là không thể tin được!",2025-07-19 07:42:38,2025-09-05 12:01:20
1073,21,5e53bdd5-f2c2-4f9b-b4a3-2b6f75fb71a0,641,Chính xác! Lối chơi của đội bóng này quá thuyết phục.,2025-05-25 15:17:43,2025-09-07 03:15:27
849,1,3c3e87f2-aeed-42fc-858d-c7d68a888977,456,"Cảm ơn gợi ý của @mai.ngo85, mình sẽ cân nhắc địa điểm này.",2025-08-07 15:39:23,
1864,12,1a064d11-5236-4b8a-a25c-ac002772b2ad,656,Chính xác! Lối chơi của đội bóng này quá thuyết phục.,2024-11-25 07:36:35,2025-06-05 18:13:29
573,13,4f196b62-051a-4252-8f90-3f551a46764a,252,Chính xác! Lối chơi của đội bóng này quá thuyết phục.,2024-08-02 22:36:39,
1508,17,83985159-bd84-419d-bf60-254aebb0262f,,Mình đang tìm review chi tiết về chuyến đi Hà Giang.,2021-08-14 15:59:29,2023-02-05 00:21:36
478,6,068eab4c-e244-4067-a25b-5c39c4243335,359,"@cuong.nguyen2 nói có lý, đa dạng hóa danh mục là chiến lược an toàn nhất.",2025-04-12 17:42:16,2025-08-03 20:22:04
1095,37,37848612-cce9-420c-b9c5-165185a1cf47,740,"Tôi đồng ý với @huy.dang91, giai đoạn này nên cẩn trọng.",2025-07-29 03:00:30,2025-09-27 11:39:30
1191,13,80a5f18d-bdd2-40f9-80db-38bbba7c030f,508,"Tôi đồng ý với @nam.le67, giai đoạn này nên cẩn trọng.",2025-02-02 17:17:34,2025-06-24 10:13:31
611,28,b3fea15e-e79d-47c5-9654-871ab8adf20b,,Hệ điều hành mới cập nhật có lỗi gì không mọi người?,2023-05-21 10:12:13,2024-12-20 21:55:59
150,45,f0f22b95-c10f-42e1-92b4-bcb0899b945e,119,"Cảm ơn gợi ý của @minh.vu48, mình sẽ cân nhắc địa điểm này.",2025-09-15 22:24:18,2025-09-26 11:24:51
1398,35,e82426f4-ca2c-44a2-9725-ed860ac12326,105,Bạn @nam.nguyen21 có thể chia sẻ thêm về chi phí được không?,2025-06-29 10:58:56,
505,24,1866def4-c854-4bcc-a696-595f48c456c7,175,"Mình không nghĩ vậy, @giang.ho49. Phong độ của họ khá thất thường.",2024-12-19 22:35:43,2025-08-12 23:29:09
1495,30,f4e8c5e8-1322-4d81-8395-e0d785d687f5,1002,"Mình vừa cập nhật xong, có vẻ mượt hơn nhưng hơi nóng máy.",2024-07-05 02:40:33,2025-06-30 00:32:53
1352,12,b267cf12-0d28-491b-b821-12def71bd372,,Mẫu điện thoại mới ra mắt có đáng tiền không?,2022-09-30 02:29:09,2023-05-19 20:29:21
1314,37,094e686b-9dbc-48d9-869f-d24e52e5399a,,Cổ phiếu ngành công nghệ đang dẫn dắt thị trường.,2023-04-30 07:35:43,2025-03-26 09:26:08
1283,28,fa374107-8ef3-4371-94d5-29decd2b8e52,,AI đang thay đổi thế giới nhanh hơn chúng ta tưởng.,2024-05-07 04:15:12,2024-09-25 00:46:52
1503,37,f4e8c5e8-1322-4d81-8395-e0d785d687f5,424,"@lan.nguyen31 nói có lý, đa dạng hóa danh mục là chiến lược an toàn nhất.",2025-08-01 01:49:51,2025-08-12 13:54:12
1148,11,903d2e0b-4282-4864-bf5a-f93fbcb0548d,56,"Mình không nghĩ vậy, @nga.phan87. Phong độ của họ khá thất thường.",2024-09-17 18:46:42,2024-12-11 09:57:13
1846,10,0d19b59f-5a3d-4058-8fdb-1c3304aca010,1448,"Cảm ơn chia sẻ của @chi.ngo35, rất hữu ích cho người mới như mình.",2025-10-09 03:20:27,2025-10-12 13:54:57
283,48,82c35ed5-c8c5-48f3-97ed-b3ced4113a1b,,AI đang thay đổi thế giới nhanh hơn chúng ta tưởng.,2025-08-13 02:33:31,2025-09-04 10:33:02
1207,1,54f99967-b1e7-4381-a84b-b371f4dca18b,,Mình đang tìm review chi tiết về chuyến đi Hà Giang.,2022-12-18 22:21:56,2025-06-02 05:33:55
1137,47,cbfb55b3-3380-4ef8-951b-8cb61c37e9d6,,Mẫu điện thoại mới ra mắt có đáng tiền không?,2021-06-06 06:17:10,2024-12-12 05:41:36
1941,23,9f477750-6d9d-45b4-86d3-cd04ac98795e,,"Có ai có kinh nghiệm đầu tư vàng không, chia sẻ cho mình với!",2025-05-15 21:35:16,2025-09-19 01:41:24
528,19,6f3311a2-30ea-47fc-816b-00a60a5793c2,428,"Tôi đồng ý với @tuan.le89, giai đoạn này nên cẩn trọng.",2025-08-15 03:45:22,2025-09-15 12:48:27
1349,32,b267cf12-0d28-491b-b821-12def71bd372,1126,"Mình không nghĩ vậy, @trung.duong7. Phong độ của họ khá thất thường.",2025-08-29 00:01:07,2025-09-27 18:44:38
1629,26,4615fdae-422e-4cf2-bf1e-46b8c3c3d7de,1605,"Mình không nghĩ vậy, @anh.nguyen33. Phong độ của họ khá thất thường.",2025-06-20 01:13:01,2025-08-12 02:31:46
1709,50,470e881c-26f1-4872-8ce1-f347784a6267,1636,"Pin của máy này đúng là một điểm trừ lớn, @hung.ho48 ạ.",2023-09-28 04:40:29,2023-11-18 18:33:22
326,45,2d377520-e359-48c2-b2d6-cf0de98f9cce,,"Có ai có kinh nghiệm đầu tư vàng không, chia sẻ cho mình với!",2022-07-19 08:26:31,2025-08-16 22:55:37
1225,32,7343136b-2e88-4971-b8fa-5c716baf69c5,1118,"Mình cũng từng đến đó, cảnh đẹp thực sự nhưng dịch vụ chưa tốt lắm.",2024-07-12 15:53:38,2024-10-18 20:15:51
1280,42,fa374107-8ef3-4371-94d5-29decd2b8e52,,Trận đấu tối qua mãn nhãn thật sự!,2025-01-05 10:15:10,
1475,35,e81305a7-21a8-4641-ae75-8018bfc3feb4,4,"Pin của máy này đúng là một điểm trừ lớn, @thao.tran50 ạ.",2023-01-03 00:15:22,
1089,21,8b62d81c-10ea-4575-8b2e-5f56f3a99119,609,Bạn @quan.dang49 có thể chia sẻ thêm về chi phí được không?,2025-09-19 15:05:22,2025-10-06 03:08:07
968,17,ac2f79b5-3bce-4b00-bf99-69ae46a13db3,560,Bạn @vy.vo57 có thể chia sẻ thêm về chi phí được không?,2025-10-10 00:11:11,2025-10-12 05:23:07
868,45,5f39590f-e3eb-4b91-80f9-8c5b67dc03dc,119,"@minh.vu48 nói có lý, đa dạng hóa danh mục là chiến lược an toàn nhất.",2025-08-20 06:17:11,2025-09-29 00:39:57
1107,5,be74f3ec-3189-4022-b23f-1e59efe4bf85,,Mẫu điện thoại mới ra mắt có đáng tiền không?,2024-04-06 19:09:39,2025-02-26 16:14:39
678,33,efc806fe-553d-41b2-9be3-0c55e6416007,121,"Cảm ơn chia sẻ của @minh.vu48, rất hữu ích cho người mới như mình.",2025-06-22 08:25:39,2025-08-23 01:35:41
1415,49,84b8c629-f1f2-412f-8c6f-a868ac314122,100,Chính xác! Lối chơi của đội bóng này quá thuyết phục.,2025-10-10 07:20:30,2025-10-12 02:55:40
1027,19,6c2b17dc-1858-4419-8276-6599c7b6ed41,748,"Cảm ơn gợi ý của @son.do14, mình sẽ cân nhắc địa điểm này.",2025-08-16 10:50:13,2025-10-08 07:55:59
1743,4,c22e109c-a0b9-4658-9be1-5cb534b5abdd,,AI đang thay đổi thế giới nhanh hơn chúng ta tưởng.,2023-08-11 17:10:41,
1211,46,54f99967-b1e7-4381-a84b-b371f4dca18b,,Ai có kinh nghiệm du lịch một mình không?,2024-10-27 09:32:26,2025-05-10 20:00:14
813,28,cb00707d-f5d5-4eda-883a-0e9c5fc13d05,572,"Mình nghĩ ngược lại, đây là cơ hội tốt để bắt đáy một số mã tiềm năng.",2025-09-14 11:50:10,
165,11,e83a5f3b-f2b2-4060-ba11-a0a2c6cb812a,,Mọi người nghĩ sao về thị trường chứng khoán tuần tới?,2022-06-16 22:48:14,
969,29,ac2f79b5-3bce-4b00-bf99-69ae46a13db3,602,"Tôi đồng ý với @son.ly57, giai đoạn này nên cẩn trọng.",2025-07-21 23:32:51,2025-09-09 20:08:41
1853,32,0d19b59f-5a3d-4058-8fdb-1c3304aca010,793,"Mình cũng từng đến đó, cảnh đẹp thực sự nhưng dịch vụ chưa tốt lắm.",2025-06-17 18:07:19,2025-09-22 23:53:56
827,18,b2b47876-8099-4ce4-b666-44e60cfc9229,751,Chính xác! Lối chơi của đội bóng này quá thuyết phục.,2025-10-03 09:20:19,2025-10-09 09:26:46
212,37,da97631f-a81c-4c05-b568-75b060d3146c,54,"@nga.phan87, siêu phẩm của cầu thủ đó đúng là không thể tin được!",2025-05-02 18:17:24,2025-05-14 21:05:05
434,43,4fec1d3b-ecb4-4afd-bc73-90260504daae,301,"Cảm ơn chia sẻ của @an.pham92, rất hữu ích cho người mới như mình.",2025-09-10 07:49:45,2025-10-03 04:16:33
1467,37,bf46abbb-42e1-4a7b-a932-a518c66f6f1b,,AI đang thay đổi thế giới nhanh hơn chúng ta tưởng.,2021-11-05 17:09:28,2024-11-19 00:16:59
1268,22,67110453-c058-44ab-9f08-5c921b596755,,Trận đấu tối qua mãn nhãn thật sự!,2024-07-24 06:41:31,2024-08-25 18:32:58
1625,36,4615fdae-422e-4cf2-bf1e-46b8c3c3d7de,,Cổ phiếu ngành công nghệ đang dẫn dắt thị trường.,2021-07-03 18:11:26,2021-09-07 18:36:11
1621,28,4615fdae-422e-4cf2-bf1e-46b8c3c3d7de,1490,"Mình nghĩ ngược lại, đây là cơ hội tốt để bắt đáy một số mã tiềm năng.",2025-10-09 02:15:42,2025-10-10 18:59:15
1241,47,e837d69b-6aba-49f1-a605-f9a6acc535c9,1137,Chính xác! Lối chơi của đội bóng này quá thuyết phục.,2024-01-10 01:18:24,2025-01-20 13:35:18
300,33,345fa40b-a3ba-4e25-9f11-e2887cfbfacb,,Ai có kinh nghiệm du lịch một mình không?,2024-07-10 11:20:56,2025-07-21 07:08:29
1926,10,8970e406-9b50-4e00-a95a-5981ff43a890,1903,"@dung.dang2, siêu phẩm của cầu thủ đó đúng là không thể tin được!",2025-10-12 09:45:20,
581,16,0476ace2-36fe-49be-b038-85d603426a3b,73,Chính xác! Lối chơi của đội bóng này quá thuyết phục.,2023-06-23 11:48:50,2023-10-03 06:08:59
1139,50,cbfb55b3-3380-4ef8-951b-8cb61c37e9d6,570,Hoàn toàn đồng ý với @an.nguyen54. Tiềm năng của AI là vô hạn.,2025-04-29 16:15:21,
1313,36,094e686b-9dbc-48d9-869f-d24e52e5399a,,Ai có kinh nghiệm du lịch một mình không?,2023-12-15 18:08:05,
1033,43,6c2b17dc-1858-4419-8276-6599c7b6ed41,168,"Mình không nghĩ vậy, @trung.dang27. Phong độ của họ khá thất thường.",2024-11-20 07:28:57,2025-03-12 15:12:12
1899,4,be842cff-a287-403f-8e0e-435ce85830f5,1870,"Mình cũng từng đến đó, cảnh đẹp thực sự nhưng dịch vụ chưa tốt lắm.",2025-09-25 19:53:24,
65,13,6fa3fa03-a468-4ae0-8789-2f0d52493a6a,16,"Cảm ơn gợi ý của @phuong.nguyen29, mình sẽ cân nhắc địa điểm này.",2025-06-04 10:45:40,2025-09-01 04:05:34
566,42,4f196b62-051a-4252-8f90-3f551a46764a,429,"Tôi đồng ý với @tuan.le89, giai đoạn này nên cẩn trọng.",2025-10-06 08:52:04,2025-10-08 11:57:21
1090,30,8b62d81c-10ea-4575-8b2e-5f56f3a99119,,Cổ phiếu ngành công nghệ đang dẫn dắt thị trường.,2021-01-21 05:41:52,
207,15,f71236dc-e977-45d8-96b4-d2b25a04b364,115,"Mình nghĩ ngược lại, đây là cơ hội tốt để bắt đáy một số mã tiềm năng.",2025-03-25 23:26:56,2025-05-18 04:04:44
405,25,0f8c2cba-0c9f-4de9-9cfb-e4c3a8aa3020,58,"@nga.phan87 nói có lý, đa dạng hóa danh mục là chiến lược an toàn nhất.",2023-11-01 00:40:06,
416,45,6d0aaf6e-3dfe-4890-aefb-8bb73af2c068,234,"Mình không nghĩ vậy, @nga.bui96. Phong độ của họ khá thất thường.",2025-09-30 21:59:19,2025-10-02 21:20:06
1891,43,5bce3b43-5474-4d71-ac81-8d186e5a2903,1673,"Cảm ơn gợi ý của @thanh.huynh46, mình sẽ cân nhắc địa điểm này.",2023-06-01 12:13:42,
1429,50,dd030d04-62d8-4be3-b442-614741d98e47,1274,"Mình cũng từng đến đó, cảnh đẹp thực sự nhưng dịch vụ chưa tốt lắm.",2025-08-12 05:54:47,2025-10-03 14:49:57
1092,44,8b62d81c-10ea-4575-8b2e-5f56f3a99119,,Mình đang tìm review chi tiết về chuyến đi Hà Giang.,2023-07-15 07:06:41,2023-10-29 02:21:14
495,11,7ec5de65-3d71-4efc-a56e-49ddf8096a1a,25,"Mình nghĩ ngược lại, đây là cơ hội tốt để bắt đáy một số mã tiềm năng.",2023-05-05 12:50:30,2025-05-05 09:36:20
496,17,7ec5de65-3d71-4efc-a56e-49ddf8096a1a,,Mình đang tìm review chi tiết về chuyến đi Hà Giang.,2021-10-09 18:10:13,
181,45,26221568-2dd9-4f97-87cc-30caf520e300,,Trận đấu tối qua mãn nhãn thật sự!,2024-09-25 09:16:15,2025-08-22 21:31:07
1124,37,461f4df7-ebed-4c69-8f17-2db9e68af074,946,Hoàn toàn đồng ý với @ngoc.phan89. Tiềm năng của AI là vô hạn.,2023-02-13 00:35:41,
1111,7,be74f3ec-3189-4022-b23f-1e59efe4bf85,12,"Mình không nghĩ vậy, @phuong.nguyen29. Phong độ của họ khá thất thường.",2025-01-13 14:40:12,2025-10-01 03:48:44
66,36,6fa3fa03-a468-4ae0-8789-2f0d52493a6a,40,"Mình không nghĩ vậy, @giang.vu12. Phong độ của họ khá thất thường.",2022-05-09 09:23:13,2025-06-16 09:40:11
441,15,9ea02c82-0222-47b0-b7e8-1685eaf1a7d7,,Bạn nghĩ ai sẽ vô địch giải năm nay?,2022-08-03 07:41:25,2023-05-31 15:57:14
14,3,b633242c-be5a-4e15-ac8d-989253896723,,Mình đang tìm review chi tiết về chuyến đi Hà Giang.,2021-02-12 08:21:03,
456,1,3d597ea0-7f18-489a-8855-e09c59ba9241,92,"@linh.nguyen73 nói có lý, đa dạng hóa danh mục là chiến lược an toàn nhất.",2024-09-14 05:35:10,2025-01-25 02:48:02
1094,8,37848612-cce9-420c-b9c5-165185a1cf47,607,"Pin của máy này đúng là một điểm trừ lớn, @quan.dang49 ạ.",2025-08-20 13:57:29,2025-09-08 22:32:39
1235,31,97f9eaea-801b-44c2-99d2-119882ed170a,713,"Mình nghĩ ngược lại, đây là cơ hội tốt để bắt đáy một số mã tiềm năng.",2025-10-12 13:26:20,
1596,1,de2a2b2d-ecf8-4c2c-894b-ddf63680f99a,1557,"Pin của máy này đúng là một điểm trừ lớn, @dung.duong70 ạ.",2022-10-14 06:46:06,2023-01-09 07:03:21
718,49,b191e786-b25e-4774-b46a-d81200752052,667,"Tôi đồng ý với @thang.duong74, giai đoạn này nên cẩn trọng.",2025-09-17 04:52:49,2025-09-23 09:47:54
1516,37,d253c5c7-9841-4c5a-b9b8-e48ccdef41c6,735,"Pin của máy này đúng là một điểm trừ lớn, @huy.dang91 ạ.",2025-07-25 01:06:10,2025-10-06 13:14:24
986,49,090e12ce-980c-4f11-8812-340313f78ed0,,AI đang thay đổi thế giới nhanh hơn chúng ta tưởng.,2023-09-10 21:47:19,2024-08-03 01:57:29
1355,26,b267cf12-0d28-491b-b821-12def71bd372,701,Hoàn toàn đồng ý với @trung.hoang33. Tiềm năng của AI là vô hạn.,2022-11-04 17:59:50,2024-05-29 05:19:42
1230,50,97f9eaea-801b-44c2-99d2-119882ed170a,1150,"Cảm ơn gợi ý của @uyen.dang39, mình sẽ cân nhắc địa điểm này.",2025-06-18 13:21:36,2025-08-03 16:23:54
1895,37,be842cff-a287-403f-8e0e-435ce85830f5,798,Hoàn toàn đồng ý với @long.vo80. Tiềm năng của AI là vô hạn.,2025-01-15 21:47:59,2025-07-04 21:19:30
132,38,e8d237e0-6434-4187-b557-9ec1b593b219,82,"Mình không nghĩ vậy, @quan.ly33. Phong độ của họ khá thất thường.",2025-02-09 15:16:21,2025-09-08 23:00:47
397,48,b636b593-f99a-4047-99c5-d84d0be7abef,,Lãi suất tiết kiệm dạo này có vẻ không hấp dẫn lắm.,2021-09-15 13:55:07,2024-02-26 10:09:10
764,34,71559a06-dc20-4bd6-a856-b7d3dfc7342c,224,"Pin của máy này đúng là một điểm trừ lớn, @minh.ngo82 ạ.",2025-10-11 12:25:08,2025-10-12 07:24:00
741,41,4a94fc33-9f2a-4411-946b-36e55744c86a,50,"Cảm ơn gợi ý của @cuong.do38, mình sẽ cân nhắc địa điểm này.",2025-07-27 13:19:01,2025-08-20 10:49:23
271,34,e31c97ef-6df9-4973-830e-296b7767e786,224,"Cảm ơn gợi ý của @minh.ngo82, mình sẽ cân nhắc địa điểm này.",2025-05-03 03:58:15,2025-08-05 10:24:39
1395,3,e82426f4-ca2c-44a2-9725-ed860ac12326,387,Chính xác! Lối chơi của đội bóng này quá thuyết phục.,2025-09-27 04:24:28,
907,49,5d95432f-fd4f-4afe-a9b4-c848100d686f,337,Hoàn toàn đồng ý với @viet.huynh65. Tiềm năng của AI là vô hạn.,2025-07-22 00:02:24,2025-09-04 07:12:01
605,21,b3fea15e-e79d-47c5-9654-871ab8adf20b,453,"@mai.ngo85, siêu phẩm của cầu thủ đó đúng là không thể tin được!",2025-07-31 08:53:33,2025-10-08 00:16:13
1173,6,a475ef2c-d5c9-48a4-83ef-d04d1595b97e,615,"Mình vừa cập nhật xong, có vẻ mượt hơn nhưng hơi nóng máy.",2025-02-27 18:03:51,
321,26,2d377520-e359-48c2-b2d6-cf0de98f9cce,,"Có ai có kinh nghiệm đầu tư vàng không, chia sẻ cho mình với!",2022-05-12 08:03:41,2024-03-28 19:55:04
1555,9,890c97b5-b1df-41c1-a192-4f6a6b86c165,20,Bạn @uyen.huynh30 có thể chia sẻ thêm về chi phí được không?,2024-11-22 10:02:32,2025-09-29 15:35:20
946,37,c76ec385-7bb5-4a48-9a2d-8e417c95909f,,AI đang thay đổi thế giới nhanh hơn chúng ta tưởng.,2023-02-01 10:52:25,2023-07-28 11:54:13
1438,31,baf3ea12-992f-4397-8b59-b2fd97ab99e6,1098,"Tôi đồng ý với @giang.dang84, giai đoạn này nên cẩn trọng.",2025-10-09 00:10:08,2025-10-10 05:54:08
1870,4,6be9cf23-fa35-47d5-88d2-bba3a6336bff,1286,"@giang.ho44 nói có lý, đa dạng hóa danh mục là chiến lược an toàn nhất.",2025-09-04 09:57:21,2025-10-03 23:22:53
1220,23,7343136b-2e88-4971-b8fa-5c716baf69c5,83,"Mình vừa cập nhật xong, có vẻ mượt hơn nhưng hơi nóng máy.",2024-09-07 23:59:26,
1390,16,ea410176-f32c-4a93-b7bb-88f45b627720,899,"Tôi đồng ý với @phuc.ho97, giai đoạn này nên cẩn trọng.",2024-09-23 19:11:58,
618,12,039c7ae3-9a6f-4f22-867c-a8d4c2115798,494,Hoàn toàn đồng ý với @nga.nguyen17. Tiềm năng của AI là vô hạn.,2025-02-27 11:45:57,2025-04-22 00:59:16
1546,33,d0ae899a-a47e-40e7-a1d6-d1535cd14050,877,Chính xác! Lối chơi của đội bóng này quá thuyết phục.,2025-02-20 00:26:28,2025-06-15 19:53:12
702,17,3f4ede28-9173-47ec-922c-2bdad505777f,,Mọi người nghĩ sao về thị trường chứng khoán tuần tới?,2023-05-14 01:49:28,2024-09-06 01:46:03
722,46,03131c47-3d3b-4c55-9335-ba7174b609bb,76,"Pin của máy này đúng là một điểm trừ lớn, @dung.bui21 ạ.",2023-08-05 22:51:41,2025-05-31 07:43:31
1915,11,81e5b657-e22e-4b31-9ce4-68417ad208b3,1091,"Cảm ơn chia sẻ của @linh.hoang53, rất hữu ích cho người mới như mình.",2022-10-12 22:31:05,2023-10-11 07:16:37
1518,25,d253c5c7-9841-4c5a-b9b8-e48ccdef41c6,1151,"Cảm ơn chia sẻ của @uyen.dang39, rất hữu ích cho người mới như mình.",2025-08-12 09:01:07,2025-09-24 14:16:59
1524,10,d253c5c7-9841-4c5a-b9b8-e48ccdef41c6,,"Có ai có kinh nghiệm đầu tư vàng không, chia sẻ cho mình với!",2022-03-24 13:16:26,2022-12-27 04:10:03
653,8,ad2a3765-cfd9-47b7-abe2-24b6b027fa33,578,Bạn @an.huynh62 có thể chia sẻ thêm về chi phí được không?,2025-04-04 15:25:57,2025-05-13 18:01:09
1811,44,4468bf7b-945c-46a2-a3dc-a29b8c8a0171,458,"Cảm ơn chia sẻ của @mai.ngo85, rất hữu ích cho người mới như mình.",2025-06-25 19:51:47,2025-08-29 07:48:14
1260,4,6f0a44cd-03bc-4d05-89e8-677b1a1c9629,870,"Mình cũng từng đến đó, cảnh đẹp thực sự nhưng dịch vụ chưa tốt lắm.",2025-04-24 07:21:55,2025-05-21 05:52:58
1393,13,ea410176-f32c-4a93-b7bb-88f45b627720,779,"Cảm ơn gợi ý của @quan.tran70, mình sẽ cân nhắc địa điểm này.",2025-09-05 14:45:52,2025-10-02 03:26:26
290,31,29feb88b-ca36-446f-97e6-d6a3c959d61f,,Ai có kinh nghiệm du lịch một mình không?,2022-02-07 10:07:02,2023-04-28 05:27:13
395,32,b636b593-f99a-4047-99c5-d84d0be7abef,,Hè này nên đi biển nào đẹp mà vắng người nhỉ?,2024-10-24 00:37:06,2025-06-05 19:55:43
805,33,c25a8e93-9bf2-4c5f-a2ce-e12169e11ad0,678,"@hung.le27, siêu phẩm của cầu thủ đó đúng là không thể tin được!",2025-07-17 07:57:03,2025-08-30 22:50:44
1069,44,7c920e25-1bed-4916-9eb7-ec3877f257d3,544,"@chi.vu70, siêu phẩm của cầu thủ đó đúng là không thể tin được!",2025-05-23 00:34:57,2025-09-25 11:48:20
1478,11,e81305a7-21a8-4641-ae75-8018bfc3feb4,690,"@dung.ngo80 nói có lý, đa dạng hóa danh mục là chiến lược an toàn nhất.",2025-10-05 00:30:23,
1910,21,d965c94d-c07e-41e0-bebc-ef03e65ba249,1208,"@chi.dang36, siêu phẩm của cầu thủ đó đúng là không thể tin được!",2025-10-12 03:03:44,
1199,21,54f99967-b1e7-4381-a84b-b371f4dca18b,1180,"Pin của máy này đúng là một điểm trừ lớn, @ngoc.hoang71 ạ.",2025-09-16 18:56:16,2025-10-02 01:58:04
54,37,6eed39c9-83b8-43e6-95ab-83c9625e1bf8,,Cầu thủ yêu thích của mọi người là ai?,2021-09-30 09:39:30,2024-07-15 20:48:28
1958,6,32946ab7-b119-433b-82b1-d0b14ea7b46e,,Hệ điều hành mới cập nhật có lỗi gì không mọi người?,2024-05-14 11:48:31,2024-05-24 05:02:16
1923,13,8970e406-9b50-4e00-a95a-5981ff43a890,508,Bạn @nam.le67 có thể chia sẻ thêm về chi phí được không?,2025-05-26 19:22:14,2025-07-19 11:40:18
1166,44,a475ef2c-d5c9-48a4-83ef-d04d1595b97e,335,"Cảm ơn chia sẻ của @viet.huynh65, rất hữu ích cho người mới như mình.",2025-04-19 14:33:46,2025-06-27 12:40:51
435,37,4fec1d3b-ecb4-4afd-bc73-90260504daae,,Mẫu điện thoại mới ra mắt có đáng tiền không?,2022-05-07 02:13:17,2023-03-10 01:07:35
1776,5,c3b6ca30-981d-4d63-b9e6-bebe433bb0c1,594,"Mình không nghĩ vậy, @son.ly57. Phong độ của họ khá thất thường.",2023-11-11 06:20:29,2025-05-28 14:29:45
861,37,8243517e-bd6d-4c37-85ca-7ab9e2cbf7f3,312,Bạn @thao.le45 có thể chia sẻ thêm về chi phí được không?,2024-12-06 17:10:09,2025-10-04 06:10:42
159,30,c2b7fb43-1a1f-43be-bb58-459a6035034c,,Mẫu điện thoại mới ra mắt có đáng tiền không?,2022-08-27 10:02:43,2023-09-14 08:59:23
972,47,ac2f79b5-3bce-4b00-bf99-69ae46a13db3,763,"@huong.huynh38 nói có lý, đa dạng hóa danh mục là chiến lược an toàn nhất.",2025-10-12 10:10:09,
1285,42,fa374107-8ef3-4371-94d5-29decd2b8e52,569,"Mình vừa cập nhật xong, có vẻ mượt hơn nhưng hơi nóng máy.",2025-09-20 00:39:21,2025-10-03 11:49:36
602,29,4ededee4-76ee-4d43-9438-b527547a026a,146,Bạn @dung.phan6 có thể chia sẻ thêm về chi phí được không?,2025-01-24 17:00:29,2025-05-24 13:34:02
1657,33,d1635d17-86e6-4541-8a63-69f6903f7e07,1469,"Mình nghĩ ngược lại, đây là cơ hội tốt để bắt đáy một số mã tiềm năng.",2025-07-10 17:45:59,2025-09-29 09:42:14
169,17,e83a5f3b-f2b2-4060-ba11-a0a2c6cb812a,1,"Pin của máy này đúng là một điểm trừ lớn, @thao.tran50 ạ.",2025-09-01 16:39:14,2025-09-20 14:40:25
523,11,43447286-19ba-4680-a442-17e7e6baaed6,,Ai có kinh nghiệm du lịch một mình không?,2024-05-12 23:26:05,2024-09-30 09:38:03
1468,14,bf46abbb-42e1-4a7b-a932-a518c66f6f1b,984,"Cảm ơn chia sẻ của @trung.phan13, rất hữu ích cho người mới như mình.",2025-04-22 13:06:40,
1432,46,baf3ea12-992f-4397-8b59-b2fd97ab99e6,,Hè này nên đi biển nào đẹp mà vắng người nhỉ?,2024-11-20 05:47:14,2025-04-12 13:58:01
910,38,eea6a721-d4a0-472a-89df-4aab251135fd,,Mình đang tìm review chi tiết về chuyến đi Hà Giang.,2023-12-21 03:56:43,2024-10-03 20:50:16
1589,3,de2a2b2d-ecf8-4c2c-894b-ddf63680f99a,,Hè này nên đi biển nào đẹp mà vắng người nhỉ?,2022-03-12 09:48:31,2024-04-16 01:02:56
1794,23,7afacbe8-4df4-46b9-a1f3-945294431bb0,,Trận đấu tối qua mãn nhãn thật sự!,2023-11-22 00:00:15,2025-01-20 14:59:54
1405,36,2ed9319f-2ae6-402b-af4a-60afa76d3a0e,880,"@trung.nguyen9 nói có lý, đa dạng hóa danh mục là chiến lược an toàn nhất.",2025-08-12 11:57:45,2025-09-29 05:50:18
936,9,68730859-9553-4fd9-bef2-555effa9a24f,864,"Mình vừa cập nhật xong, có vẻ mượt hơn nhưng hơi nóng máy.",2025-06-21 13:53:10,2025-06-29 02:19:56
488,49,b592d1cc-e74f-4760-bf41-ef1dea7a3534,,Hệ điều hành mới cập nhật có lỗi gì không mọi người?,2024-03-08 14:23:36,
1151,25,903d2e0b-4282-4864-bf5a-f93fbcb0548d,249,"Mình vừa cập nhật xong, có vẻ mượt hơn nhưng hơi nóng máy.",2025-08-12 04:00:27,
893,41,fcc059ed-49fc-406b-92b1-126308905dfa,3,"Mình cũng từng đến đó, cảnh đẹp thực sự nhưng dịch vụ chưa tốt lắm.",2025-03-31 12:50:28,2025-10-09 20:14:25
1734,32,a1b3e507-127b-4966-931e-49e72a9fd248,,Hè này nên đi biển nào đẹp mà vắng người nhỉ?,2024-01-01 12:20:04,2024-02-29 05:45:51
796,4,ad430d70-4140-4b24-a017-69775e91dccb,,Hệ điều hành mới cập nhật có lỗi gì không mọi người?,2022-08-17 10:07:57,
675,26,efc806fe-553d-41b2-9be3-0c55e6416007,,AI đang thay đổi thế giới nhanh hơn chúng ta tưởng.,2023-09-27 10:21:13,2025-05-31 18:40:39
1590,48,de2a2b2d-ecf8-4c2c-894b-ddf63680f99a,397,"Mình nghĩ ngược lại, đây là cơ hội tốt để bắt đáy một số mã tiềm năng.",2022-06-14 10:16:12,
697,12,31031836-669c-4a2d-b2b1-0c68a167f3d9,677,"Pin của máy này đúng là một điểm trừ lớn, @hung.le27 ạ.",2025-10-07 19:37:37,2025-10-12 10:09:13
423,17,010eff4b-ca48-4e8f-9eac-1145aae6b35a,227,"Mình nghĩ ngược lại, đây là cơ hội tốt để bắt đáy một số mã tiềm năng.",2025-09-25 10:41:17,
1549,8,d0ae899a-a47e-40e7-a1d6-d1535cd14050,,Bạn nghĩ ai sẽ vô địch giải năm nay?,2024-09-05 09:16:12,2025-08-21 13:43:58
1639,1,8dc985de-9394-4139-9ad1-37987eaf5e6a,1596,"Cảm ơn chia sẻ của @an.ly72, rất hữu ích cho người mới như mình.",2023-09-28 08:29:03,
1856,35,0d19b59f-5a3d-4058-8fdb-1c3304aca010,,Ai có kinh nghiệm du lịch một mình không?,2024-05-08 19:00:22,2025-08-05 01:59:12
825,49,b2b47876-8099-4ce4-b666-44e60cfc9229,,"Có ai có kinh nghiệm đầu tư vàng không, chia sẻ cho mình với!",2023-01-07 18:48:08,2025-09-10 16:07:54
1375,39,425306e0-588b-4e46-b172-a24a9fb85667,,Lãi suất tiết kiệm dạo này có vẻ không hấp dẫn lắm.,2021-02-17 16:30:10,2025-05-09 08:15:12
1162,13,a475ef2c-d5c9-48a4-83ef-d04d1595b97e,573,"@an.nguyen54 nói có lý, đa dạng hóa danh mục là chiến lược an toàn nhất.",2024-10-26 07:39:35,2025-09-05 11:12:40
550,35,1ebf4471-9f75-4659-9a9d-92b65442f2cf,338,Bạn @viet.huynh65 có thể chia sẻ thêm về chi phí được không?,2025-05-28 21:55:35,2025-09-25 08:00:13
554,19,1ebf4471-9f75-4659-9a9d-92b65442f2cf,,"Có ai có kinh nghiệm đầu tư vàng không, chia sẻ cho mình với!",2021-09-10 15:18:41,2025-09-22 03:24:19
1117,34,be74f3ec-3189-4022-b23f-1e59efe4bf85,1057,"Pin của máy này đúng là một điểm trừ lớn, @hieu.tran16 ạ.",2025-05-17 07:00:35,2025-08-01 10:35:06
1213,33,54f99967-b1e7-4381-a84b-b371f4dca18b,442,"Tôi đồng ý với @thao.tran88, giai đoạn này nên cẩn trọng.",2024-10-24 06:29:18,2025-02-04 01:39:12
398,11,b636b593-f99a-4047-99c5-d84d0be7abef,,Ai có kinh nghiệm du lịch một mình không?,2023-02-15 18:49:12,2025-06-21 13:21:21
138,28,730bb91f-fe34-432c-b167-8db8a48c8e7d,10,"@phuong.nguyen29, siêu phẩm của cầu thủ đó đúng là không thể tin được!",2024-07-20 20:14:24,2025-05-31 13:58:04
1526,16,d253c5c7-9841-4c5a-b9b8-e48ccdef41c6,1368,"Cảm ơn gợi ý của @yen.le9, mình sẽ cân nhắc địa điểm này.",2024-08-18 02:12:34,2025-06-03 09:10:49
1446,49,9d4cf3d6-6e24-4b32-a470-d1c9d7ee29a5,,Hè này nên đi biển nào đẹp mà vắng người nhỉ?,2025-05-17 15:18:42,2025-08-19 09:47:24
994,13,27171e8b-0e9d-4d94-b60f-0414e202474e,417,"Mình vừa cập nhật xong, có vẻ mượt hơn nhưng hơi nóng máy.",2025-08-01 09:55:21,2025-08-05 13:37:04
706,43,3f4ede28-9173-47ec-922c-2bdad505777f,,Cổ phiếu ngành công nghệ đang dẫn dắt thị trường.,2024-01-17 19:51:58,2025-06-23 22:03:47
886,11,fcc059ed-49fc-406b-92b1-126308905dfa,340,"Mình vừa cập nhật xong, có vẻ mượt hơn nhưng hơi nóng máy.",2024-02-24 16:32:21,2024-03-24 18:14:42
446,41,9ea02c82-0222-47b0-b7e8-1685eaf1a7d7,421,"@lan.nguyen31 nói có lý, đa dạng hóa danh mục là chiến lược an toàn nhất.",2025-01-11 03:09:46,2025-01-26 08:35:41
1381,2,ea410176-f32c-4a93-b7bb-88f45b627720,976,"Mình cũng từng đến đó, cảnh đẹp thực sự nhưng dịch vụ chưa tốt lắm.",2025-07-04 14:04:30,
1713,45,470e881c-26f1-4872-8ce1-f347784a6267,1454,"Mình cũng từng đến đó, cảnh đẹp thực sự nhưng dịch vụ chưa tốt lắm.",2025-07-13 01:47:11,2025-09-12 20:17:53
1251,49,6f0a44cd-03bc-4d05-89e8-677b1a1c9629,,Hè này nên đi biển nào đẹp mà vắng người nhỉ?,2023-04-11 00:17:21,2023-11-16 10:44:10
1534,9,b76402a1-b85b-40a3-b858-c954f5f0c5a6,,AI đang thay đổi thế giới nhanh hơn chúng ta tưởng.,2022-01-10 12:10:59,2023-08-21 07:40:21
1826,5,0fbb0e48-77cc-40c0-8a7f-3bc6dcebd879,,Mình đang tìm review chi tiết về chuyến đi Hà Giang.,2021-11-13 03:59:20,2023-10-10 10:32:35
1259,7,6f0a44cd-03bc-4d05-89e8-677b1a1c9629,39,Chính xác! Lối chơi của đội bóng này quá thuyết phục.,2025-09-12 16:30:08,2025-10-09 05:08:06
552,43,1ebf4471-9f75-4659-9a9d-92b65442f2cf,301,"Cảm ơn gợi ý của @an.pham92, mình sẽ cân nhắc địa điểm này.",2025-09-09 13:44:15,2025-09-16 16:26:26
642,12,b8aeaea7-fc15-49e6-9716-0e7a3e47e485,610,"Mình cũng từng đến đó, cảnh đẹp thực sự nhưng dịch vụ chưa tốt lắm.",2025-05-16 03:40:15,2025-07-04 00:24:42
924,39,d237f7a5-889b-4d82-ba71-5a182faddcfb,200,"Mình cũng từng đến đó, cảnh đẹp thực sự nhưng dịch vụ chưa tốt lắm.",2025-10-06 19:50:50,2025-10-10 03:11:10
1145,45,cbfb55b3-3380-4ef8-951b-8cb61c37e9d6,150,"Pin của máy này đúng là một điểm trừ lớn, @dung.phan6 ạ.",2025-09-23 05:02:01,2025-10-05 11:00:19
1048,28,3409096c-49f5-4e2c-8d80-75f550174be7,534,Chính xác! Lối chơi của đội bóng này quá thuyết phục.,2024-05-29 18:02:24,2025-08-17 23:45:23
142,27,f0f22b95-c10f-42e1-92b4-bcb0899b945e,53,Bạn @cuong.do38 có thể chia sẻ thêm về chi phí được không?,2023-07-19 01:33:37,
134,23,e8d237e0-6434-4187-b557-9ec1b593b219,,Cổ phiếu ngành công nghệ đang dẫn dắt thị trường.,2022-01-17 02:22:16,
72,33,6fa3fa03-a468-4ae0-8789-2f0d52493a6a,,Trận đấu tối qua mãn nhãn thật sự!,2021-01-13 10:02:13,2024-04-02 00:52:41
122,5,9fce07f6-a324-4ca3-ba5b-34b8cdf5e772,8,"Mình nghĩ ngược lại, đây là cơ hội tốt để bắt đáy một số mã tiềm năng.",2023-03-24 01:15:23,
963,15,ac2f79b5-3bce-4b00-bf99-69ae46a13db3,,AI đang thay đổi thế giới nhanh hơn chúng ta tưởng.,2022-03-06 04:25:17,2023-12-01 22:52:20
595,13,4ededee4-76ee-4d43-9438-b527547a026a,508,Chính xác! Lối chơi của đội bóng này quá thuyết phục.,2024-08-08 14:12:09,2025-10-10 12:37:22
394,30,b636b593-f99a-4047-99c5-d84d0be7abef,,Lãi suất tiết kiệm dạo này có vẻ không hấp dẫn lắm.,2022-10-09 12:07:21,2025-01-17 11:22:24
1473,30,e81305a7-21a8-4641-ae75-8018bfc3feb4,356,"Mình cũng từng đến đó, cảnh đẹp thực sự nhưng dịch vụ chưa tốt lắm.",2023-08-17 02:47:41,
1118,32,be74f3ec-3189-4022-b23f-1e59efe4bf85,,AI đang thay đổi thế giới nhanh hơn chúng ta tưởng.,2022-06-08 05:40:01,
40,36,e93f824e-29ba-4795-9bb2-3056bf1ef180,,Ai có kinh nghiệm du lịch một mình không?,2022-02-08 17:24:10,2025-04-03 10:46:18
1047,28,3409096c-49f5-4e2c-8d80-75f550174be7,611,"Cảm ơn gợi ý của @quan.dang49, mình sẽ cân nhắc địa điểm này.",2025-07-26 18:37:43,2025-09-02 13:54:09
1001,13,27171e8b-0e9d-4d94-b60f-0414e202474e,660,Hoàn toàn đồng ý với @thang.duong74. Tiềm năng của AI là vô hạn.,2025-07-27 02:40:23,2025-09-28 01:40:51
1602,23,b18beb4a-d0e9-405a-84d6-c77559c4dfd0,167,"Mình nghĩ ngược lại, đây là cơ hội tốt để bắt đáy một số mã tiềm năng.",2025-07-30 12:37:47,2025-10-03 01:33:44
770,43,71559a06-dc20-4bd6-a856-b7d3dfc7342c,274,"Cảm ơn gợi ý của @ha.ngo45, mình sẽ cân nhắc địa điểm này.",2025-10-12 08:08:12,
1674,3,44c69e12-ec0a-4b17-a693-1f046beb4922,1291,"Mình nghĩ ngược lại, đây là cơ hội tốt để bắt đáy một số mã tiềm năng.",2025-08-15 00:11:13,2025-09-28 04:17:40
121,33,9fce07f6-a324-4ca3-ba5b-34b8cdf5e772,72,"Cảm ơn gợi ý của @thanh.nguyen93, mình sẽ cân nhắc địa điểm này.",2021-01-23 09:50:25,2025-05-07 06:55:29
745,7,4a94fc33-9f2a-4411-946b-36e55744c86a,,Mình đang tìm review chi tiết về chuyến đi Hà Giang.,2024-01-23 20:58:50,2024-03-16 06:19:43
1203,41,54f99967-b1e7-4381-a84b-b371f4dca18b,147,"Mình không nghĩ vậy, @dung.phan6. Phong độ của họ khá thất thường.",2025-04-17 14:00:29,2025-09-10 03:26:28
328,11,2d377520-e359-48c2-b2d6-cf0de98f9cce,56,"@nga.phan87 nói có lý, đa dạng hóa danh mục là chiến lược an toàn nhất.",2024-06-22 22:24:02,2024-10-31 11:14:07
818,31,cb00707d-f5d5-4eda-883a-0e9c5fc13d05,759,Hoàn toàn đồng ý với @dung.ho16. Tiềm năng của AI là vô hạn.,2025-09-25 16:24:39,2025-10-10 18:45:05
1637,1,8dc985de-9394-4139-9ad1-37987eaf5e6a,1557,"Pin của máy này đúng là một điểm trừ lớn, @dung.duong70 ạ.",2025-08-22 21:47:53,2025-09-02 20:26:01
1008,4,b750f3e9-2058-44de-8f1d-581034609513,,Ai có kinh nghiệm du lịch một mình không?,2021-11-06 15:27:06,2025-03-21 12:34:27
1919,1,81e5b657-e22e-4b31-9ce4-68417ad208b3,1198,"Mình cũng từng đến đó, cảnh đẹp thực sự nhưng dịch vụ chưa tốt lắm.",2025-02-28 02:22:50,
369,25,fc164408-145d-450e-84f6-df51ec926eca,129,Chính xác! Lối chơi của đội bóng này quá thuyết phục.,2025-04-16 10:11:13,2025-06-27 08:52:28
1032,40,6c2b17dc-1858-4419-8276-6599c7b6ed41,,Mình đang tìm review chi tiết về chuyến đi Hà Giang.,2023-10-05 12:55:01,2024-05-25 11:35:25
1492,20,07f8cbfc-da67-4091-8c29-807a6e51702d,909,"Mình vừa cập nhật xong, có vẻ mượt hơn nhưng hơi nóng máy.",2025-09-17 14:48:04,
1561,14,890c97b5-b1df-41c1-a192-4f6a6b86c165,432,"Mình nghĩ ngược lại, đây là cơ hội tốt để bắt đáy một số mã tiềm năng.",2025-10-12 12:37:04,
1184,39,c989f043-1fda-49c3-80df-f91cbb2c9778,,Hệ điều hành mới cập nhật có lỗi gì không mọi người?,2021-05-31 08:21:04,2023-02-14 09:30:06
656,12,ad2a3765-cfd9-47b7-abe2-24b6b027fa33,588,Chính xác! Lối chơi của đội bóng này quá thuyết phục.,2024-08-30 17:24:08,
170,35,1d837871-8735-4141-83d9-592d9aef042a,105,"@nam.nguyen21, siêu phẩm của cầu thủ đó đúng là không thể tin được!",2024-09-11 19:19:26,
845,3,4dd170a4-98d7-4fff-bfa0-2bf249a5e9b9,,Hè này nên đi biển nào đẹp mà vắng người nhỉ?,2024-06-03 14:04:17,
622,27,039c7ae3-9a6f-4f22-867c-a8d4c2115798,266,"Mình nghĩ ngược lại, đây là cơ hội tốt để bắt đáy một số mã tiềm năng.",2025-08-05 16:59:19,2025-10-01 15:06:29
1691,15,9fd87b6b-e1d6-4866-80a8-81acf6f4f257,115,"Cảm ơn gợi ý của @an.duong29, mình sẽ cân nhắc địa điểm này.",2025-02-12 22:49:38,2025-06-23 16:55:21
287,20,29feb88b-ca36-446f-97e6-d6a3c959d61f,102,"Cảm ơn chia sẻ của @nam.nguyen21, rất hữu ích cho người mới như mình.",2023-11-07 00:37:48,2025-08-15 17:39:13
433,11,74634cae-680b-4d85-bab8-9a9062fc4ee0,56,"@nga.phan87 nói có lý, đa dạng hóa danh mục là chiến lược an toàn nhất.",2024-07-13 09:01:52,2024-11-12 12:02:42
1769,21,b13543fe-01b6-461e-a0ca-69f31cc0aa2d,453,"Pin của máy này đúng là một điểm trừ lớn, @mai.ngo85 ạ.",2025-07-06 02:54:27,2025-07-18 21:18:33
1312,49,3ce44e1a-9a8b-4da5-8152-2970fafb2922,1251,"Mình vừa cập nhật xong, có vẻ mượt hơn nhưng hơi nóng máy.",2025-02-08 22:48:40,
414,16,6d0aaf6e-3dfe-4890-aefb-8bb73af2c068,89,"Mình vừa cập nhật xong, có vẻ mượt hơn nhưng hơi nóng máy.",2024-07-05 00:39:27,2024-11-10 09:20:29
1072,50,5e53bdd5-f2c2-4f9b-b4a3-2b6f75fb71a0,77,"Mình vừa cập nhật xong, có vẻ mượt hơn nhưng hơi nóng máy.",2023-04-06 04:41:25,2024-04-03 19:02:34
474,39,068eab4c-e244-4067-a25b-5c39c4243335,31,"Cảm ơn gợi ý của @khanh.tran16, mình sẽ cân nhắc địa điểm này.",2024-06-29 01:12:36,2024-09-15 07:34:10
937,8,68730859-9553-4fd9-bef2-555effa9a24f,329,Chính xác! Lối chơi của đội bóng này quá thuyết phục.,2025-10-09 13:15:26,2025-10-12 13:53:22
1332,7,74c820c9-1b60-47da-ae3d-c78c21166412,1106,"Mình không nghĩ vậy, @ha.ngo61. Phong độ của họ khá thất thường.",2025-10-11 22:13:38,
1906,37,d965c94d-c07e-41e0-bebc-ef03e65ba249,1503,"Mình cũng từng đến đó, cảnh đẹp thực sự nhưng dịch vụ chưa tốt lắm.",2025-09-06 07:53:16,
163,41,c2b7fb43-1a1f-43be-bb58-459a6035034c,3,Chính xác! Lối chơi của đội bóng này quá thuyết phục.,2024-10-07 13:44:32,2025-03-17 07:26:31
1611,16,b18beb4a-d0e9-405a-84d6-c77559c4dfd0,1064,"Mình cũng từng đến đó, cảnh đẹp thực sự nhưng dịch vụ chưa tốt lắm.",2025-09-05 23:50:13,
35,17,0163cf9b-fe10-4ac9-a33e-d76fcadb87ba,,Bạn nghĩ ai sẽ vô địch giải năm nay?,2023-12-14 11:06:35,2024-03-05 23:21:50
557,23,1ebf4471-9f75-4659-9a9d-92b65442f2cf,,Ai có kinh nghiệm du lịch một mình không?,2024-07-29 19:28:32,2024-09-01 17:26:47
237,43,45d67185-7732-46ce-b99c-93197a66fb41,6,"Mình vừa cập nhật xong, có vẻ mượt hơn nhưng hơi nóng máy.",2024-12-20 05:49:56,
1866,5,6be9cf23-fa35-47d5-88d2-bba3a6336bff,,Trận đấu tối qua mãn nhãn thật sự!,2021-09-25 10:54:53,2023-02-10 23:14:40
840,6,4dd170a4-98d7-4fff-bfa0-2bf249a5e9b9,648,"Tôi đồng ý với @phuc.ngo62, giai đoạn này nên cẩn trọng.",2025-09-10 13:27:45,2025-10-05 03:48:15
1942,10,9f477750-6d9d-45b4-86d3-cd04ac98795e,673,"Cảm ơn gợi ý của @hung.le27, mình sẽ cân nhắc địa điểm này.",2025-06-11 11:25:06,2025-09-23 07:57:30
1646,26,f628255e-4b29-4bd5-9cf2-211976e376f7,1629,"Cảm ơn chia sẻ của @thao.le58, rất hữu ích cho người mới như mình.",2025-07-22 05:44:36,2025-08-23 01:52:03
1614,20,0b5b8c26-f5e6-4918-94b6-97cb81144a1e,1441,Chính xác! Lối chơi của đội bóng này quá thuyết phục.,2024-12-21 10:55:35,
709,17,b191e786-b25e-4774-b46a-d81200752052,560,"Mình không nghĩ vậy, @vy.vo57. Phong độ của họ khá thất thường.",2025-10-12 00:25:23,
590,5,a47cdb13-8db0-4494-bf08-a08f41f97b02,,Bạn nghĩ ai sẽ vô địch giải năm nay?,2021-02-09 02:25:29,2021-06-25 09:34:56
1679,23,44c69e12-ec0a-4b17-a693-1f046beb4922,,Hệ điều hành mới cập nhật có lỗi gì không mọi người?,2024-07-12 07:29:22,2024-11-25 08:55:55
603,32,4ededee4-76ee-4d43-9438-b527547a026a,,AI đang thay đổi thế giới nhanh hơn chúng ta tưởng.,2024-01-25 12:49:05,
1763,8,2a134a47-bcc3-42af-bb1a-3b35b483bcaa,607,"@quan.dang49 nói có lý, đa dạng hóa danh mục là chiến lược an toàn nhất.",2025-03-28 00:24:38,2025-05-20 06:26:37
1258,32,6f0a44cd-03bc-4d05-89e8-677b1a1c9629,1118,"Mình cũng từng đến đó, cảnh đẹp thực sự nhưng dịch vụ chưa tốt lắm.",2023-12-01 09:57:10,2023-12-28 13:01:44
1214,45,7343136b-2e88-4971-b8fa-5c716baf69c5,,Cầu thủ yêu thích của mọi người là ai?,2021-10-20 11:44:51,
719,40,b191e786-b25e-4774-b46a-d81200752052,628,"Pin của máy này đúng là một điểm trừ lớn, @giang.dang12 ạ.",2023-03-13 08:56:00,2025-01-11 00:11:25
676,24,efc806fe-553d-41b2-9be3-0c55e6416007,,Hệ điều hành mới cập nhật có lỗi gì không mọi người?,2025-01-12 15:31:16,
279,15,82c35ed5-c8c5-48f3-97ed-b3ced4113a1b,,Hè này nên đi biển nào đẹp mà vắng người nhỉ?,2022-01-23 19:29:01,2025-02-06 06:23:49
164,19,e83a5f3b-f2b2-4060-ba11-a0a2c6cb812a,24,Bạn @huy.phan72 có thể chia sẻ thêm về chi phí được không?,2022-10-16 20:56:08,2023-11-05 20:52:28
1384,17,ea410176-f32c-4a93-b7bb-88f45b627720,103,"Mình vừa cập nhật xong, có vẻ mượt hơn nhưng hơi nóng máy.",2025-06-16 03:59:02,2025-07-14 02:48:49
572,28,4f196b62-051a-4252-8f90-3f551a46764a,422,"Mình vừa cập nhật xong, có vẻ mượt hơn nhưng hơi nóng máy.",2025-08-14 05:06:05,
1464,24,bf46abbb-42e1-4a7b-a932-a518c66f6f1b,574,"Mình cũng từng đến đó, cảnh đẹp thực sự nhưng dịch vụ chưa tốt lắm.",2025-08-12 16:22:54,
1601,16,b18beb4a-d0e9-405a-84d6-c77559c4dfd0,,Ai có kinh nghiệm du lịch một mình không?,2025-09-21 10:14:52,
244,16,45d67185-7732-46ce-b99c-93197a66fb41,89,"Mình nghĩ ngược lại, đây là cơ hội tốt để bắt đáy một số mã tiềm năng.",2024-12-03 06:58:06,2025-06-11 10:46:03
1612,45,b18beb4a-d0e9-405a-84d6-c77559c4dfd0,879,"Cảm ơn chia sẻ của @trung.nguyen9, rất hữu ích cho người mới như mình.",2025-06-19 10:41:10,2025-07-21 12:44:03
1098,31,37848612-cce9-420c-b9c5-165185a1cf47,654,"Mình cũng từng đến đó, cảnh đẹp thực sự nhưng dịch vụ chưa tốt lắm.",2025-10-07 12:42:00,2025-10-08 19:26:21
1006,25,b750f3e9-2058-44de-8f1d-581034609513,427,"Tôi đồng ý với @lan.nguyen31, giai đoạn này nên cẩn trọng.",2025-08-27 01:42:21,
1447,34,9d4cf3d6-6e24-4b32-a470-d1c9d7ee29a5,213,"Cảm ơn gợi ý của @phong.bui21, mình sẽ cân nhắc địa điểm này.",2025-01-13 01:37:46,2025-10-11 14:14:23
512,32,43447286-19ba-4680-a442-17e7e6baaed6,439,"Mình cũng từng đến đó, cảnh đẹp thực sự nhưng dịch vụ chưa tốt lắm.",2025-03-27 10:19:29,2025-09-01 21:54:40
1545,32,d0ae899a-a47e-40e7-a1d6-d1535cd14050,585,"@quan.ho94, siêu phẩm của cầu thủ đó đúng là không thể tin được!",2022-02-04 10:19:06,
1190,7,80a5f18d-bdd2-40f9-80db-38bbba7c030f,12,"Mình vừa cập nhật xong, có vẻ mượt hơn nhưng hơi nóng máy.",2024-05-01 11:21:18,
1219,6,7343136b-2e88-4971-b8fa-5c716baf69c5,478,"Mình nghĩ ngược lại, đây là cơ hội tốt để bắt đáy một số mã tiềm năng.",2025-09-17 18:53:13,2025-10-05 02:01:08
1722,5,052ebf6c-7419-48de-b86d-f5d2ea1b5069,,Mọi người nghĩ sao về thị trường chứng khoán tuần tới?,2021-07-23 01:02:10,2022-12-21 18:17:19
227,17,84f7e735-21d6-4080-a3f7-91c4b1e57446,35,"Mình vừa cập nhật xong, có vẻ mượt hơn nhưng hơi nóng máy.",2025-08-14 21:51:55,2025-09-23 14:16:02
108,16,48bc63e9-543c-41fa-a4f3-452366917166,73,"Cảm ơn gợi ý của @dung.bui21, mình sẽ cân nhắc địa điểm này.",2025-07-31 00:55:44,2025-08-18 05:22:32
12,7,b633242c-be5a-4e15-ac8d-989253896723,,Mình đang tìm review chi tiết về chuyến đi Hà Giang.,2023-11-20 13:11:04,
289,10,29feb88b-ca36-446f-97e6-d6a3c959d61f,148,"Mình nghĩ ngược lại, đây là cơ hội tốt để bắt đáy một số mã tiềm năng.",2025-10-05 17:20:36,2025-10-09 13:02:20
1543,8,d0ae899a-a47e-40e7-a1d6-d1535cd14050,302,"Cảm ơn chia sẻ của @an.pham92, rất hữu ích cho người mới như mình.",2023-11-04 03:55:11,2024-09-25 21:30:08
1894,6,be842cff-a287-403f-8e0e-435ce85830f5,1049,"@yen.pham41 nói có lý, đa dạng hóa danh mục là chiến lược an toàn nhất.",2025-09-17 22:14:35,2025-09-22 16:22:58
531,28,6f3311a2-30ea-47fc-816b-00a60a5793c2,422,"Mình không nghĩ vậy, @lan.nguyen31. Phong độ của họ khá thất thường.",2025-02-25 05:14:48,
1136,7,cbfb55b3-3380-4ef8-951b-8cb61c37e9d6,,Mình đang tìm review chi tiết về chuyến đi Hà Giang.,2021-09-27 08:31:27,2023-03-24 13:52:40
1512,39,83985159-bd84-419d-bf60-254aebb0262f,776,"Pin của máy này đúng là một điểm trừ lớn, @huong.huynh38 ạ.",2025-09-16 10:58:00,2025-10-12 12:09:39
68,1,6fa3fa03-a468-4ae0-8789-2f0d52493a6a,29,"Mình không nghĩ vậy, @khanh.tran16. Phong độ của họ khá thất thường.",2023-01-08 07:56:45,2024-10-10 05:37:47
1600,47,b18beb4a-d0e9-405a-84d6-c77559c4dfd0,1137,"Tôi đồng ý với @tuan.vo26, giai đoạn này nên cẩn trọng.",2025-03-25 22:29:57,2025-06-07 05:26:13
608,4,b3fea15e-e79d-47c5-9654-871ab8adf20b,,Mẫu điện thoại mới ra mắt có đáng tiền không?,2025-08-19 09:12:14,
817,41,cb00707d-f5d5-4eda-883a-0e9c5fc13d05,767,"Cảm ơn gợi ý của @huong.huynh38, mình sẽ cân nhắc địa điểm này.",2025-07-03 13:33:45,2025-09-12 21:26:25
646,10,b8aeaea7-fc15-49e6-9716-0e7a3e47e485,542,Chính xác! Lối chơi của đội bóng này quá thuyết phục.,2025-10-11 22:58:56,
152,36,f0f22b95-c10f-42e1-92b4-bcb0899b945e,40,"Pin của máy này đúng là một điểm trừ lớn, @giang.vu12 ạ.",2023-10-05 12:56:51,2025-04-28 13:03:44
942,41,c76ec385-7bb5-4a48-9a2d-8e417c95909f,431,"@tuan.le89, siêu phẩm của cầu thủ đó đúng là không thể tin được!",2024-11-10 00:24:03,2025-09-04 05:10:23
1805,28,4468bf7b-945c-46a2-a3dc-a29b8c8a0171,611,"@quan.dang49, siêu phẩm của cầu thủ đó đúng là không thể tin được!",2024-04-06 06:47:29,2025-05-24 13:01:50
1070,15,7c920e25-1bed-4916-9eb7-ec3877f257d3,,Cầu thủ yêu thích của mọi người là ai?,2025-05-02 05:19:50,
1177,9,c989f043-1fda-49c3-80df-f91cbb2c9778,823,"Cảm ơn chia sẻ của @ly.duong1, rất hữu ích cho người mới như mình.",2025-09-23 13:45:32,2025-09-30 07:18:25
194,22,31ed8aee-fc75-4c82-b2fd-79886f7f2975,70,"Mình nghĩ ngược lại, đây là cơ hội tốt để bắt đáy một số mã tiềm năng.",2021-03-23 04:45:53,2023-03-31 08:31:59
126,35,558cdd20-e089-414a-b7bd-18fca64d2608,105,Hoàn toàn đồng ý với @nam.nguyen21. Tiềm năng của AI là vô hạn.,2025-05-07 13:15:03,2025-07-23 16:56:57
1521,46,d253c5c7-9841-4c5a-b9b8-e48ccdef41c6,127,Hoàn toàn đồng ý với @long.pham43. Tiềm năng của AI là vô hạn.,2025-09-15 08:25:59,2025-10-07 19:10:00
105,35,068b8c0a-8f78-423d-b293-1ad31d4ada34,4,"@thao.tran50, siêu phẩm của cầu thủ đó đúng là không thể tin được!",2024-04-09 20:03:44,2024-10-22 10:28:03
38,21,e93f824e-29ba-4795-9bb2-3056bf1ef180,,Mẫu điện thoại mới ra mắt có đáng tiền không?,2022-11-18 08:26:55,2023-08-02 21:17:57
437,16,4fec1d3b-ecb4-4afd-bc73-90260504daae,425,"Cảm ơn gợi ý của @lan.nguyen31, mình sẽ cân nhắc địa điểm này.",2025-09-17 06:02:42,2025-09-25 22:31:56
263,30,3659ba56-1673-4e28-a06e-494184f2b2f1,84,Chính xác! Lối chơi của đội bóng này quá thuyết phục.,2024-01-07 20:37:54,2024-09-06 14:37:44
200,39,f71236dc-e977-45d8-96b4-d2b25a04b364,30,Bạn @khanh.tran16 có thể chia sẻ thêm về chi phí được không?,2025-10-04 02:56:37,
1289,9,7762a243-b058-43c0-8673-e8dec2b7e69a,,Cầu thủ yêu thích của mọi người là ai?,2022-04-23 08:29:23,2024-01-26 16:26:11
197,31,31ed8aee-fc75-4c82-b2fd-79886f7f2975,,Bạn nghĩ ai sẽ vô địch giải năm nay?,2021-09-04 01:56:03,2022-06-04 15:49:43
855,43,8243517e-bd6d-4c37-85ca-7ab9e2cbf7f3,770,"Mình vừa cập nhật xong, có vẻ mượt hơn nhưng hơi nóng máy.",2025-10-12 10:48:09,
783,27,02682162-576c-4e38-acc1-3112c0d1b8cc,,Trận đấu tối qua mãn nhãn thật sự!,2021-01-20 07:00:06,2022-05-21 07:11:40
713,31,b191e786-b25e-4774-b46a-d81200752052,665,"Cảm ơn gợi ý của @thang.duong74, mình sẽ cân nhắc địa điểm này.",2025-10-12 06:32:01,
492,22,b592d1cc-e74f-4760-bf41-ef1dea7a3534,,Hè này nên đi biển nào đẹp mà vắng người nhỉ?,2021-08-12 10:33:43,
1237,40,97f9eaea-801b-44c2-99d2-119882ed170a,559,"@vy.vo57, siêu phẩm của cầu thủ đó đúng là không thể tin được!",2025-08-07 16:37:59,2025-09-09 22:37:51
726,27,03131c47-3d3b-4c55-9335-ba7174b609bb,,"Có ai có kinh nghiệm đầu tư vàng không, chia sẻ cho mình với!",2021-11-14 17:32:01,2024-12-09 12:58:24
1007,18,b750f3e9-2058-44de-8f1d-581034609513,897,"Cảm ơn gợi ý của @phuc.ho97, mình sẽ cân nhắc địa điểm này.",2025-10-12 00:02:54,
1875,24,5faa0c5e-ef10-4b57-9a7d-9e2d69316dd5,616,"Mình nghĩ ngược lại, đây là cơ hội tốt để bắt đáy một số mã tiềm năng.",2025-07-08 23:37:44,2025-09-06 03:33:23
1081,45,5e53bdd5-f2c2-4f9b-b4a3-2b6f75fb71a0,,Cầu thủ yêu thích của mọi người là ai?,2024-07-21 07:09:27,
246,23,ef26d43b-4f10-4163-8174-6210edb0dceb,,Bạn nghĩ ai sẽ vô địch giải năm nay?,2024-06-22 23:59:15,
362,20,fc164408-145d-450e-84f6-df51ec926eca,,Hè này nên đi biển nào đẹp mà vắng người nhỉ?,2022-09-11 22:29:36,2024-02-10 21:40:56
765,46,71559a06-dc20-4bd6-a856-b7d3dfc7342c,635,Bạn @giang.dang12 có thể chia sẻ thêm về chi phí được không?,2024-01-31 23:20:23,
1482,48,a8255759-7882-4aef-8a4d-72c2db336798,283,"Cảm ơn gợi ý của @tuan.vo80, mình sẽ cân nhắc địa điểm này.",2025-08-22 21:57:50,2025-10-01 14:05:11
1818,33,0714c841-a675-410e-9c8a-4f53dbaf0f64,568,"Tôi đồng ý với @an.nguyen54, giai đoạn này nên cẩn trọng.",2025-04-10 10:37:15,2025-07-18 04:36:31
1227,17,7343136b-2e88-4971-b8fa-5c716baf69c5,,"Có ai có kinh nghiệm đầu tư vàng không, chia sẻ cho mình với!",2023-09-18 07:32:12,2024-07-10 10:26:29
1798,21,4468bf7b-945c-46a2-a3dc-a29b8c8a0171,1615,"Mình không nghĩ vậy, @an.pham40. Phong độ của họ khá thất thường.",2025-07-14 06:06:52,2025-08-10 00:34:56
1071,47,7c920e25-1bed-4916-9eb7-ec3877f257d3,,AI đang thay đổi thế giới nhanh hơn chúng ta tưởng.,2024-12-06 17:42:56,
1610,8,b18beb4a-d0e9-405a-84d6-c77559c4dfd0,728,"Mình không nghĩ vậy, @yen.ngo79. Phong độ của họ khá thất thường.",2023-06-03 23:44:43,2023-08-19 08:28:09
1705,45,e34bce11-986f-4fd2-827a-a1cbad17a758,,Hệ điều hành mới cập nhật có lỗi gì không mọi người?,2025-09-11 03:07:24,2025-09-21 03:33:10
865,18,5f39590f-e3eb-4b91-80f9-8c5b67dc03dc,74,"Pin của máy này đúng là một điểm trừ lớn, @dung.bui21 ạ.",2025-09-20 17:13:15,2025-10-02 21:57:40
687,8,3ee7afc0-161c-4e12-87c4-6d8999d8ddf3,578,"Cảm ơn gợi ý của @an.huynh62, mình sẽ cân nhắc địa điểm này.",2024-07-02 18:38:35,
522,12,43447286-19ba-4680-a442-17e7e6baaed6,348,Hoàn toàn đồng ý với @cuong.nguyen2. Tiềm năng của AI là vô hạn.,2025-10-12 08:12:08,
251,1,ef26d43b-4f10-4163-8174-6210edb0dceb,,Ai có kinh nghiệm du lịch một mình không?,2022-12-09 05:24:12,2023-02-02 18:43:19
1578,21,dcc6fec8-9b34-4630-b0c0-58473b4b05d3,381,"Pin của máy này đúng là một điểm trừ lớn, @phuong.dang46 ạ.",2025-04-05 07:11:48,
988,47,090e12ce-980c-4f11-8812-340313f78ed0,763,Chính xác! Lối chơi của đội bóng này quá thuyết phục.,2025-10-11 08:42:06,
191,13,31ed8aee-fc75-4c82-b2fd-79886f7f2975,65,"Pin của máy này đúng là một điểm trừ lớn, @thanh.nguyen93 ạ.",2025-09-12 14:34:35,2025-10-05 16:44:16
356,30,2ce01aad-5a0e-481d-b48c-382fe9a44381,57,"Mình nghĩ ngược lại, đây là cơ hội tốt để bắt đáy một số mã tiềm năng.",2023-06-01 22:59:51,
1485,38,a8255759-7882-4aef-8a4d-72c2db336798,1018,"Mình nghĩ ngược lại, đây là cơ hội tốt để bắt đáy một số mã tiềm năng.",2025-04-21 13:26:34,
759,31,94c76233-4baa-4ee0-a608-23aa9e3f0d10,,Lãi suất tiết kiệm dạo này có vẻ không hấp dẫn lắm.,2025-09-01 08:08:04,2025-09-18 18:46:00
516,25,43447286-19ba-4680-a442-17e7e6baaed6,129,"Tôi đồng ý với @long.pham43, giai đoạn này nên cẩn trọng.",2025-08-26 00:41:35,2025-09-08 23:24:23
78,1,2cc4a664-5344-4d07-9400-8642f7a67053,,Cổ phiếu ngành công nghệ đang dẫn dắt thị trường.,2023-05-21 01:59:04,2024-04-12 09:44:34
466,44,1b9190c4-9957-48d4-b8e2-e751d28ae4e9,,Lãi suất tiết kiệm dạo này có vẻ không hấp dẫn lắm.,2021-02-12 10:53:36,2023-08-17 03:36:51
345,13,84e33ae0-3e05-49c9-8493-a57f9083ea0f,205,"Mình cũng từng đến đó, cảnh đẹp thực sự nhưng dịch vụ chưa tốt lắm.",2025-10-08 03:15:56,2025-10-12 04:47:06
1711,43,470e881c-26f1-4872-8ce1-f347784a6267,,Ai có kinh nghiệm du lịch một mình không?,2025-07-22 07:33:17,2025-09-01 18:25:44
1808,30,4468bf7b-945c-46a2-a3dc-a29b8c8a0171,,Hè này nên đi biển nào đẹp mà vắng người nhỉ?,2022-09-21 23:17:34,2022-11-01 23:07:46
1479,47,a8255759-7882-4aef-8a4d-72c2db336798,972,Bạn @thanh.dang25 có thể chia sẻ thêm về chi phí được không?,2025-10-12 11:13:14,
211,48,da97631f-a81c-4c05-b568-75b060d3146c,7,"@thao.tran50, siêu phẩm của cầu thủ đó đúng là không thể tin được!",2025-09-12 01:46:08,
464,31,3d597ea0-7f18-489a-8855-e09c59ba9241,197,Hoàn toàn đồng ý với @trang.ho69. Tiềm năng của AI là vô hạn.,2022-06-03 18:07:17,2022-12-25 23:33:22
1693,49,9fd87b6b-e1d6-4866-80a8-81acf6f4f257,1206,"Pin của máy này đúng là một điểm trừ lớn, @chi.dang36 ạ.",2025-09-27 02:04:34,2025-09-28 08:54:07
612,26,b3fea15e-e79d-47c5-9654-871ab8adf20b,321,"Mình không nghĩ vậy, @giang.pham59. Phong độ của họ khá thất thường.",2025-10-05 20:40:51,2025-10-09 01:11:45
468,37,1b9190c4-9957-48d4-b8e2-e751d28ae4e9,,Mình đang tìm review chi tiết về chuyến đi Hà Giang.,2021-01-29 19:36:31,2022-07-09 08:10:22
1885,2,5bce3b43-5474-4d71-ac81-8d186e5a2903,,Hệ điều hành mới cập nhật có lỗi gì không mọi người?,2023-05-09 02:13:23,
278,40,82c35ed5-c8c5-48f3-97ed-b3ced4113a1b,,Hệ điều hành mới cập nhật có lỗi gì không mọi người?,2025-07-23 07:23:06,2025-09-11 16:10:02
874,32,63ae476b-8130-4f9f-a3b1-94840053357c,,"Có ai có kinh nghiệm đầu tư vàng không, chia sẻ cho mình với!",2023-09-28 01:41:28,
1647,3,f628255e-4b29-4bd5-9cf2-211976e376f7,465,"Cảm ơn chia sẻ của @quan.tran78, rất hữu ích cho người mới như mình.",2025-10-12 04:58:10,
883,26,65ff0f55-d26e-426f-99da-abe81fc884b6,118,"Mình vừa cập nhật xong, có vẻ mượt hơn nhưng hơi nóng máy.",2024-08-17 14:21:13,2025-01-07 19:54:35
799,29,ad430d70-4140-4b24-a017-69775e91dccb,,Hè này nên đi biển nào đẹp mà vắng người nhỉ?,2021-03-04 22:50:12,2023-09-13 10:55:55
205,13,f71236dc-e977-45d8-96b4-d2b25a04b364,11,"@phuong.nguyen29, siêu phẩm của cầu thủ đó đúng là không thể tin được!",2025-09-30 01:25:35,2025-10-05 18:10:24
555,14,1ebf4471-9f75-4659-9a9d-92b65442f2cf,220,"Tôi đồng ý với @phong.bui21, giai đoạn này nên cẩn trọng.",2025-09-07 06:04:40,
801,28,ad430d70-4140-4b24-a017-69775e91dccb,534,"Mình nghĩ ngược lại, đây là cơ hội tốt để bắt đáy một số mã tiềm năng.",2025-04-30 08:53:08,2025-09-23 03:46:30
262,5,3659ba56-1673-4e28-a06e-494184f2b2f1,122,Bạn @minh.vu48 có thể chia sẻ thêm về chi phí được không?,2024-01-03 21:43:57,2024-10-27 08:06:42
1922,28,8970e406-9b50-4e00-a95a-5981ff43a890,,Mình đang tìm review chi tiết về chuyến đi Hà Giang.,2021-05-26 21:29:13,
601,10,4ededee4-76ee-4d43-9438-b527547a026a,447,"Mình vừa cập nhật xong, có vẻ mượt hơn nhưng hơi nóng máy.",2025-10-10 08:19:35,2025-10-12 14:36:36
1908,20,d965c94d-c07e-41e0-bebc-ef03e65ba249,1614,"Pin của máy này đúng là một điểm trừ lớn, @an.pham40 ạ.",2025-07-25 17:55:22,2025-09-04 19:24:22
1388,27,ea410176-f32c-4a93-b7bb-88f45b627720,323,Chính xác! Lối chơi của đội bóng này quá thuyết phục.,2024-06-26 15:03:46,2025-05-03 13:34:53
358,7,2ce01aad-5a0e-481d-b48c-382fe9a44381,157,"@chi.ho52, siêu phẩm của cầu thủ đó đúng là không thể tin được!",2025-06-23 19:51:09,2025-08-19 10:34:34
1944,17,9f477750-6d9d-45b4-86d3-cd04ac98795e,,Lãi suất tiết kiệm dạo này có vẻ không hấp dẫn lắm.,2023-04-26 04:50:02,2025-01-04 22:30:00
1441,20,baf3ea12-992f-4397-8b59-b2fd97ab99e6,1186,"@minh.ngo29 nói có lý, đa dạng hóa danh mục là chiến lược an toàn nhất.",2024-09-24 22:12:26,2025-04-04 23:49:39
470,20,068eab4c-e244-4067-a25b-5c39c4243335,287,"Mình không nghĩ vậy, @an.huynh11. Phong độ của họ khá thất thường.",2025-10-04 08:30:12,2025-10-08 23:51:46
712,4,b191e786-b25e-4774-b46a-d81200752052,352,"@cuong.nguyen2 nói có lý, đa dạng hóa danh mục là chiến lược an toàn nhất.",2025-08-02 16:23:21,2025-09-24 04:29:08
1391,5,ea410176-f32c-4a93-b7bb-88f45b627720,,Mẫu điện thoại mới ra mắt có đáng tiền không?,2023-05-29 08:37:39,2023-08-08 16:25:58
636,34,b90b4730-cfb7-453d-8f46-364d39e9693c,224,"Mình vừa cập nhật xong, có vẻ mượt hơn nhưng hơi nóng máy.",2025-08-13 20:54:31,
1460,18,bf46abbb-42e1-4a7b-a932-a518c66f6f1b,751,"Mình vừa cập nhật xong, có vẻ mượt hơn nhưng hơi nóng máy.",2025-10-12 09:44:35,
1066,14,7c920e25-1bed-4916-9eb7-ec3877f257d3,,Mình đang tìm review chi tiết về chuyến đi Hà Giang.,2025-05-07 12:42:49,2025-08-12 23:54:51
1044,43,3a9f9977-8f1f-4051-8b13-6a3ce848d0fa,1033,"Cảm ơn chia sẻ của @ly.tran34, rất hữu ích cho người mới như mình.",2025-07-31 05:35:26,2025-08-25 13:33:55
147,41,f0f22b95-c10f-42e1-92b4-bcb0899b945e,3,"Mình cũng từng đến đó, cảnh đẹp thực sự nhưng dịch vụ chưa tốt lắm.",2024-06-24 04:20:52,2025-03-24 16:34:06
1348,14,b267cf12-0d28-491b-b821-12def71bd372,1066,"Mình vừa cập nhật xong, có vẻ mượt hơn nhưng hơi nóng máy.",2025-05-29 10:49:41,2025-09-02 12:56:45
657,14,ad2a3765-cfd9-47b7-abe2-24b6b027fa33,220,"Mình cũng từng đến đó, cảnh đẹp thực sự nhưng dịch vụ chưa tốt lắm.",2025-06-25 02:31:39,2025-10-04 15:19:20
1703,38,e34bce11-986f-4fd2-827a-a1cbad17a758,324,"Mình nghĩ ngược lại, đây là cơ hội tốt để bắt đáy một số mã tiềm năng.",2022-01-21 23:06:16,2024-06-28 17:34:23
1807,38,4468bf7b-945c-46a2-a3dc-a29b8c8a0171,1604,"Cảm ơn gợi ý của @anh.nguyen33, mình sẽ cân nhắc địa điểm này.",2025-10-09 05:33:15,2025-10-12 00:38:58
1505,39,f4e8c5e8-1322-4d81-8395-e0d785d687f5,,"Có ai có kinh nghiệm đầu tư vàng không, chia sẻ cho mình với!",2021-05-13 02:16:48,
499,18,7ec5de65-3d71-4efc-a56e-49ddf8096a1a,,Hệ điều hành mới cập nhật có lỗi gì không mọi người?,2023-11-03 06:09:09,2025-03-10 11:04:43
1869,7,6be9cf23-fa35-47d5-88d2-bba3a6336bff,,Lãi suất tiết kiệm dạo này có vẻ không hấp dẫn lắm.,2024-10-29 17:37:26,2025-02-04 16:24:36
254,21,ef26d43b-4f10-4163-8174-6210edb0dceb,203,"Cảm ơn gợi ý của @huy.phan78, mình sẽ cân nhắc địa điểm này.",2024-09-29 07:20:49,2025-02-09 10:07:05
83,23,4433fa69-510c-417c-b819-49c35b6ebd09,5,Hoàn toàn đồng ý với @thao.tran50. Tiềm năng của AI là vô hạn.,2024-06-10 05:26:40,
351,24,2ce01aad-5a0e-481d-b48c-382fe9a44381,247,Hoàn toàn đồng ý với @thanh.dang32. Tiềm năng của AI là vô hạn.,2024-05-17 15:43:48,
1336,13,74c820c9-1b60-47da-ae3d-c78c21166412,,Mọi người nghĩ sao về thị trường chứng khoán tuần tới?,2022-06-22 04:53:48,2022-08-05 22:19:20
420,11,010eff4b-ca48-4e8f-9eac-1145aae6b35a,398,"@long.do30, siêu phẩm của cầu thủ đó đúng là không thể tin được!",2023-11-27 13:47:05,
389,50,b636b593-f99a-4047-99c5-d84d0be7abef,261,Chính xác! Lối chơi của đội bóng này quá thuyết phục.,2024-11-26 12:24:50,2025-03-23 05:29:33
655,19,ad2a3765-cfd9-47b7-abe2-24b6b027fa33,428,Chính xác! Lối chơi của đội bóng này quá thuyết phục.,2025-10-08 22:34:59,2025-10-10 21:48:30
22,19,5c732c78-6c05-4d6b-9a31-adc02ce52b1f,,Mình đang tìm review chi tiết về chuyến đi Hà Giang.,2022-11-09 07:47:43,2024-11-06 08:39:51
688,28,3ee7afc0-161c-4e12-87c4-6d8999d8ddf3,611,"Mình cũng từng đến đó, cảnh đẹp thực sự nhưng dịch vụ chưa tốt lắm.",2024-10-10 07:52:51,2024-11-03 23:59:31
1114,32,be74f3ec-3189-4022-b23f-1e59efe4bf85,,Ai có kinh nghiệm du lịch một mình không?,2024-09-13 12:54:26,
1397,11,e82426f4-ca2c-44a2-9725-ed860ac12326,,Cầu thủ yêu thích của mọi người là ai?,2025-02-09 06:37:17,2025-05-11 16:44:22
63,9,6eed39c9-83b8-43e6-95ab-83c9625e1bf8,49,"@cuong.do38, siêu phẩm của cầu thủ đó đúng là không thể tin được!",2025-05-11 10:31:28,2025-06-15 09:13:23
652,28,ad2a3765-cfd9-47b7-abe2-24b6b027fa33,138,"@binh.hoang29, siêu phẩm của cầu thủ đó đúng là không thể tin được!",2025-04-17 21:20:28,2025-08-05 22:06:01
110,40,48bc63e9-543c-41fa-a4f3-452366917166,,Bạn nghĩ ai sẽ vô địch giải năm nay?,2021-07-01 01:40:22,2024-06-21 00:05:47
228,12,84f7e735-21d6-4080-a3f7-91c4b1e57446,,"Có ai có kinh nghiệm đầu tư vàng không, chia sẻ cho mình với!",2024-10-18 19:42:05,2025-07-23 02:41:32
155,26,c2b7fb43-1a1f-43be-bb58-459a6035034c,117,"Mình nghĩ ngược lại, đây là cơ hội tốt để bắt đáy một số mã tiềm năng.",2024-11-09 06:57:10,2025-07-23 23:45:57
1724,44,052ebf6c-7419-48de-b86d-f5d2ea1b5069,366,Hoàn toàn đồng ý với @uyen.nguyen28. Tiềm năng của AI là vô hạn.,2024-12-01 17:01:27,2025-08-13 15:37:05
1345,48,b267cf12-0d28-491b-b821-12def71bd372,,AI đang thay đổi thế giới nhanh hơn chúng ta tưởng.,2021-08-06 04:56:59,2025-06-03 20:17:11
58,25,6eed39c9-83b8-43e6-95ab-83c9625e1bf8,,Trận đấu tối qua mãn nhãn thật sự!,2022-11-13 19:51:52,2024-05-08 07:44:51
561,4,4f196b62-051a-4252-8f90-3f551a46764a,,Mình đang tìm review chi tiết về chuyến đi Hà Giang.,2022-04-10 07:59:40,2022-07-04 13:43:00
1359,23,981e5ea6-b2ae-4aad-a217-f3999a1eca3b,966,Chính xác! Lối chơi của đội bóng này quá thuyết phục.,2023-03-25 16:20:12,2024-09-19 13:03:23
1189,36,80a5f18d-bdd2-40f9-80db-38bbba7c030f,644,"Mình vừa cập nhật xong, có vẻ mượt hơn nhưng hơi nóng máy.",2025-10-03 10:39:25,2025-10-09 08:41:23
139,1,730bb91f-fe34-432c-b167-8db8a48c8e7d,,Mọi người nghĩ sao về thị trường chứng khoán tuần tới?,2023-03-04 16:04:24,2024-05-01 10:13:50
1912,22,81e5b657-e22e-4b31-9ce4-68417ad208b3,1608,"Mình không nghĩ vậy, @anh.nguyen33. Phong độ của họ khá thất thường.",2024-04-15 12:14:09,2025-01-20 22:20:41
1914,5,81e5b657-e22e-4b31-9ce4-68417ad208b3,1246,Bạn @ngoc.dang72 có thể chia sẻ thêm về chi phí được không?,2025-08-30 23:33:52,2025-09-12 17:15:06
1426,34,f69db992-2925-4862-9f3d-b866bdc7f173,1196,"Cảm ơn gợi ý của @minh.ngo29, mình sẽ cân nhắc địa điểm này.",2025-06-01 03:52:48,2025-06-25 09:12:16
1529,29,b76402a1-b85b-40a3-b858-c954f5f0c5a6,1121,Hoàn toàn đồng ý với @trung.duong7. Tiềm năng của AI là vô hạn.,2025-10-10 17:12:52,
958,46,ac2f79b5-3bce-4b00-bf99-69ae46a13db3,418,"Mình không nghĩ vậy, @lan.nguyen31. Phong độ của họ khá thất thường.",2022-04-03 22:47:16,2024-02-12 04:17:27
913,10,eea6a721-d4a0-472a-89df-4aab251135fd,447,"Mình vừa cập nhật xong, có vẻ mượt hơn nhưng hơi nóng máy.",2025-10-09 18:52:25,2025-10-11 20:12:09
1052,14,3409096c-49f5-4e2c-8d80-75f550174be7,830,Bạn @ly.duong1 có thể chia sẻ thêm về chi phí được không?,2024-07-28 10:30:26,2025-07-29 06:57:12
390,15,b636b593-f99a-4047-99c5-d84d0be7abef,199,"Pin của máy này đúng là một điểm trừ lớn, @huy.phan78 ạ.",2025-08-18 05:03:52,2025-09-03 06:57:00
1129,5,461f4df7-ebed-4c69-8f17-2db9e68af074,682,"Cảm ơn gợi ý của @hung.le27, mình sẽ cân nhắc địa điểm này.",2024-11-19 01:23:41,2025-02-13 12:35:53
370,30,fc164408-145d-450e-84f6-df51ec926eca,,AI đang thay đổi thế giới nhanh hơn chúng ta tưởng.,2022-06-29 03:44:17,2024-09-07 09:11:09
411,30,6d0aaf6e-3dfe-4890-aefb-8bb73af2c068,263,"Cảm ơn gợi ý của @vy.hoang43, mình sẽ cân nhắc địa điểm này.",2025-01-05 09:09:43,2025-04-03 23:34:24
1317,20,094e686b-9dbc-48d9-869f-d24e52e5399a,372,Bạn @uyen.nguyen28 có thể chia sẻ thêm về chi phí được không?,2024-08-09 00:59:27,2024-09-15 22:10:49
372,20,fc164408-145d-450e-84f6-df51ec926eca,183,"Tôi đồng ý với @ha.phan84, giai đoạn này nên cẩn trọng.",2024-06-08 14:47:34,2025-08-03 22:33:46
1299,40,7762a243-b058-43c0-8673-e8dec2b7e69a,1168,"@huong.bui8 nói có lý, đa dạng hóa danh mục là chiến lược an toàn nhất.",2024-06-14 11:39:39,2024-12-20 04:34:10
483,5,f80007f3-1699-4187-a951-9485f726f93a,457,"Cảm ơn gợi ý của @mai.ngo85, mình sẽ cân nhắc địa điểm này.",2025-03-08 22:52:42,2025-09-21 01:54:07
93,18,23b59c80-4a91-47ee-b051-7eacf6f2ca41,74,"Cảm ơn chia sẻ của @dung.bui21, rất hữu ích cho người mới như mình.",2025-09-16 15:11:00,2025-09-20 12:03:34
1607,10,b18beb4a-d0e9-405a-84d6-c77559c4dfd0,1524,"@ngoc.huynh8 nói có lý, đa dạng hóa danh mục là chiến lược an toàn nhất.",2024-06-13 09:20:33,2025-05-29 00:08:49
266,27,3659ba56-1673-4e28-a06e-494184f2b2f1,201,"Mình cũng từng đến đó, cảnh đẹp thực sự nhưng dịch vụ chưa tốt lắm.",2025-05-17 09:55:23,2025-08-11 16:17:04
870,4,63ae476b-8130-4f9f-a3b1-94840053357c,561,Hoàn toàn đồng ý với @an.nguyen54. Tiềm năng của AI là vô hạn.,2023-12-31 16:19:14,
766,32,71559a06-dc20-4bd6-a856-b7d3dfc7342c,695,Bạn @thang.duong88 có thể chia sẻ thêm về chi phí được không?,2025-08-18 04:49:05,2025-08-25 08:57:17
888,43,fcc059ed-49fc-406b-92b1-126308905dfa,448,"Mình vừa cập nhật xong, có vẻ mượt hơn nhưng hơi nóng máy.",2025-10-09 17:02:50,2025-10-12 14:10:41
264,15,3659ba56-1673-4e28-a06e-494184f2b2f1,,Cầu thủ yêu thích của mọi người là ai?,2024-08-06 04:19:21,2025-06-18 00:00:30
1160,39,903d2e0b-4282-4864-bf5a-f93fbcb0548d,809,"Mình không nghĩ vậy, @minh.vu25. Phong độ của họ khá thất thường.",2024-09-14 12:15:12,2025-08-27 21:22:58
1867,26,6be9cf23-fa35-47d5-88d2-bba3a6336bff,,Mình đang tìm review chi tiết về chuyến đi Hà Giang.,2021-11-13 11:23:22,2021-12-02 22:12:33
1437,3,baf3ea12-992f-4397-8b59-b2fd97ab99e6,210,"Cảm ơn gợi ý của @phong.bui21, mình sẽ cân nhắc địa điểm này.",2025-10-07 09:46:01,2025-10-11 12:45:30
9,12,b633242c-be5a-4e15-ac8d-989253896723,,AI đang thay đổi thế giới nhanh hơn chúng ta tưởng.,2023-05-13 23:00:22,2025-09-05 07:39:27
382,30,674d8dfb-d588-4512-8ca9-941665abd3ba,,Hè này nên đi biển nào đẹp mà vắng người nhỉ?,2022-06-20 13:42:28,2024-10-03 09:21:07
1506,32,f4e8c5e8-1322-4d81-8395-e0d785d687f5,,Mình đang tìm review chi tiết về chuyến đi Hà Giang.,2022-08-21 12:32:38,
1766,49,2a134a47-bcc3-42af-bb1a-3b35b483bcaa,1427,"Mình không nghĩ vậy, @vy.vu83. Phong độ của họ khá thất thường.",2025-10-02 16:02:12,2025-10-11 20:20:29
1673,43,44c69e12-ec0a-4b17-a693-1f046beb4922,,AI đang thay đổi thế giới nhanh hơn chúng ta tưởng.,2022-09-03 04:44:18,2025-05-09 19:41:09
1825,12,0fbb0e48-77cc-40c0-8a7f-3bc6dcebd879,887,"Pin của máy này đúng là một điểm trừ lớn, @trung.hoang67 ạ.",2025-04-21 19:01:04,2025-08-30 01:24:37
53,27,33694092-0610-4088-8274-cedd56c1a2ec,,Hè này nên đi biển nào đẹp mà vắng người nhỉ?,2023-02-09 03:54:09,2024-12-18 20:46:30
1800,3,4468bf7b-945c-46a2-a3dc-a29b8c8a0171,,Cổ phiếu ngành công nghệ đang dẫn dắt thị trường.,2021-12-02 22:34:26,2022-02-06 14:18:09
1728,21,052ebf6c-7419-48de-b86d-f5d2ea1b5069,,Mẫu điện thoại mới ra mắt có đáng tiền không?,2022-02-17 00:47:17,2022-10-24 16:09:38
1239,4,97f9eaea-801b-44c2-99d2-119882ed170a,1169,Bạn @huong.bui8 có thể chia sẻ thêm về chi phí được không?,2025-06-01 01:46:34,2025-09-08 01:54:20
329,8,2d377520-e359-48c2-b2d6-cf0de98f9cce,259,"Cảm ơn gợi ý của @an.ly81, mình sẽ cân nhắc địa điểm này.",2025-08-22 08:02:01,2025-10-10 13:07:43
1658,48,d1635d17-86e6-4541-8a63-69f6903f7e07,135,"@uyen.hoang77 nói có lý, đa dạng hóa danh mục là chiến lược an toàn nhất.",2025-02-21 09:51:06,
366,44,fc164408-145d-450e-84f6-df51ec926eca,,Ai có kinh nghiệm du lịch một mình không?,2021-04-10 04:00:49,2025-04-30 02:53:59
623,47,039c7ae3-9a6f-4f22-867c-a8d4c2115798,176,"Mình không nghĩ vậy, @giang.ho49. Phong độ của họ khá thất thường.",2025-10-12 14:30:30,
1717,33,470e881c-26f1-4872-8ce1-f347784a6267,781,"Pin của máy này đúng là một điểm trừ lớn, @quan.tran70 ạ.",2024-12-24 05:40:56,2025-04-25 11:37:07
918,15,eea6a721-d4a0-472a-89df-4aab251135fd,268,"@vy.hoang43 nói có lý, đa dạng hóa danh mục là chiến lược an toàn nhất.",2025-08-31 10:09:59,2025-09-15 02:07:28
473,36,068eab4c-e244-4067-a25b-5c39c4243335,452,"Pin của máy này đúng là một điểm trừ lớn, @mai.ngo85 ạ.",2025-07-17 19:33:00,2025-09-26 08:23:10
1340,11,74c820c9-1b60-47da-ae3d-c78c21166412,,Cầu thủ yêu thích của mọi người là ai?,2025-08-08 17:44:36,2025-08-15 23:17:54
343,14,84e33ae0-3e05-49c9-8493-a57f9083ea0f,113,"Tôi đồng ý với @an.duong29, giai đoạn này nên cẩn trọng.",2025-08-05 03:09:07,2025-10-03 18:38:03
900,6,5d95432f-fd4f-4afe-a9b4-c848100d686f,,Cầu thủ yêu thích của mọi người là ai?,2024-07-04 14:29:58,2024-08-22 07:48:36
1855,50,0d19b59f-5a3d-4058-8fdb-1c3304aca010,570,"Cảm ơn gợi ý của @an.nguyen54, mình sẽ cân nhắc địa điểm này.",2024-08-19 05:23:21,2025-06-29 22:12:17
539,36,72d7d5d0-90ce-45d6-aff6-594b45892680,109,"@phong.le95, siêu phẩm của cầu thủ đó đúng là không thể tin được!",2025-08-30 20:55:07,2025-09-13 01:43:44
374,24,fc164408-145d-450e-84f6-df51ec926eca,,Mẫu điện thoại mới ra mắt có đáng tiền không?,2024-06-08 18:34:58,2025-06-23 07:30:24
1110,18,be74f3ec-3189-4022-b23f-1e59efe4bf85,530,"@an.huynh79, siêu phẩm của cầu thủ đó đúng là không thể tin được!",2025-09-30 12:35:01,2025-10-07 06:30:13
217,3,da97631f-a81c-4c05-b568-75b060d3146c,,Cầu thủ yêu thích của mọi người là ai?,2022-06-02 20:29:24,
598,37,4ededee4-76ee-4d43-9438-b527547a026a,360,"Pin của máy này đúng là một điểm trừ lớn, @uyen.nguyen28 ạ.",2025-08-19 20:15:13,
1802,6,4468bf7b-945c-46a2-a3dc-a29b8c8a0171,226,"@minh.ngo82 nói có lý, đa dạng hóa danh mục là chiến lược an toàn nhất.",2025-06-11 08:14:29,2025-07-04 05:52:44
1888,3,5bce3b43-5474-4d71-ac81-8d186e5a2903,,Mẫu điện thoại mới ra mắt có đáng tiền không?,2025-01-30 02:48:17,2025-06-25 01:41:10
1311,15,3ce44e1a-9a8b-4da5-8152-2970fafb2922,836,"@minh.hoang64 nói có lý, đa dạng hóa danh mục là chiến lược an toàn nhất.",2024-07-14 03:20:00,2025-06-27 06:47:34
1155,26,903d2e0b-4282-4864-bf5a-f93fbcb0548d,760,"Cảm ơn chia sẻ của @dung.ho16, rất hữu ích cho người mới như mình.",2025-09-16 21:29:42,2025-09-22 10:05:58
1278,24,fa374107-8ef3-4371-94d5-29decd2b8e52,616,"Tôi đồng ý với @minh.hoang39, giai đoạn này nên cẩn trọng.",2025-02-09 12:08:33,2025-07-22 11:00:28
884,39,65ff0f55-d26e-426f-99da-abe81fc884b6,809,"Mình cũng từng đến đó, cảnh đẹp thực sự nhưng dịch vụ chưa tốt lắm.",2023-06-21 14:00:40,2024-02-27 07:26:13
282,30,82c35ed5-c8c5-48f3-97ed-b3ced4113a1b,275,"@ha.ngo45 nói có lý, đa dạng hóa danh mục là chiến lược an toàn nhất.",2025-09-29 20:21:47,
1608,22,b18beb4a-d0e9-405a-84d6-c77559c4dfd0,,Hè này nên đi biển nào đẹp mà vắng người nhỉ?,2023-03-19 14:45:10,2024-07-11 11:29:15
3,41,b1c13a86-f3f3-4296-9ba5-03cce3a8b118,,Trận đấu tối qua mãn nhãn thật sự!,2024-04-02 07:32:11,2025-04-15 17:08:28
428,19,74634cae-680b-4d85-bab8-9a9062fc4ee0,317,Hoàn toàn đồng ý với @an.ly78. Tiềm năng của AI là vô hạn.,2025-08-07 07:11:48,2025-09-24 04:55:35
1181,36,c989f043-1fda-49c3-80df-f91cbb2c9778,1122,"Cảm ơn gợi ý của @trung.duong7, mình sẽ cân nhắc địa điểm này.",2025-10-11 15:07:21,
1082,29,5e53bdd5-f2c2-4f9b-b4a3-2b6f75fb71a0,,AI đang thay đổi thế giới nhanh hơn chúng ta tưởng.,2024-06-28 03:58:32,2025-09-07 07:17:19
1404,36,2ed9319f-2ae6-402b-af4a-60afa76d3a0e,,Lãi suất tiết kiệm dạo này có vẻ không hấp dẫn lắm.,2021-06-03 11:00:16,
1934,33,4932a133-4308-4b70-94a3-42ffe287bb72,1273,"Cảm ơn gợi ý của @dung.bui67, mình sẽ cân nhắc địa điểm này.",2025-05-03 21:00:35,2025-05-15 21:12:00
869,16,5f39590f-e3eb-4b91-80f9-8c5b67dc03dc,160,"Mình nghĩ ngược lại, đây là cơ hội tốt để bắt đáy một số mã tiềm năng.",2025-09-17 22:00:28,2025-10-01 18:25:13
1284,45,fa374107-8ef3-4371-94d5-29decd2b8e52,,Mình đang tìm review chi tiết về chuyến đi Hà Giang.,2025-08-22 07:27:10,2025-10-05 00:08:03
568,33,4f196b62-051a-4252-8f90-3f551a46764a,,AI đang thay đổi thế giới nhanh hơn chúng ta tưởng.,2023-11-24 16:27:57,
819,4,cb00707d-f5d5-4eda-883a-0e9c5fc13d05,177,"Mình cũng từng đến đó, cảnh đẹp thực sự nhưng dịch vụ chưa tốt lắm.",2023-05-28 20:26:35,2024-10-02 03:16:45
146,29,f0f22b95-c10f-42e1-92b4-bcb0899b945e,101,"Pin của máy này đúng là một điểm trừ lớn, @nam.nguyen21 ạ.",2025-01-18 20:58:14,2025-02-23 13:28:10
257,25,9f010aa5-3bc0-454a-943d-06055f729f48,129,Bạn @long.pham43 có thể chia sẻ thêm về chi phí được không?,2024-10-17 16:28:45,
1445,9,9d4cf3d6-6e24-4b32-a470-d1c9d7ee29a5,936,"Tôi đồng ý với @phuong.vu22, giai đoạn này nên cẩn trọng.",2025-07-23 14:35:55,
1078,31,5e53bdd5-f2c2-4f9b-b4a3-2b6f75fb71a0,290,"Mình vừa cập nhật xong, có vẻ mượt hơn nhưng hơi nóng máy.",2023-06-09 20:13:21,2024-02-18 10:33:54
193,41,31ed8aee-fc75-4c82-b2fd-79886f7f2975,163,Bạn @chi.ho52 có thể chia sẻ thêm về chi phí được không?,2024-11-18 05:57:45,2025-07-08 20:11:37
1876,26,5faa0c5e-ef10-4b57-9a7d-9e2d69316dd5,675,"@hung.le27 nói có lý, đa dạng hóa danh mục là chiến lược an toàn nhất.",2025-06-25 15:31:27,2025-09-24 14:11:30
966,23,ac2f79b5-3bce-4b00-bf99-69ae46a13db3,,Cầu thủ yêu thích của mọi người là ai?,2022-08-27 21:48:13,2024-07-15 15:51:16
1079,25,5e53bdd5-f2c2-4f9b-b4a3-2b6f75fb71a0,504,"Tôi đồng ý với @nam.le67, giai đoạn này nên cẩn trọng.",2025-07-29 15:17:50,
1827,49,adece442-cc7e-40b7-9e85-f0c1817b849e,1174,Hoàn toàn đồng ý với @ngoc.hoang71. Tiềm năng của AI là vô hạn.,2025-09-01 03:52:01,2025-09-26 10:46:07
341,31,84e33ae0-3e05-49c9-8493-a57f9083ea0f,214,"@phong.bui21 nói có lý, đa dạng hóa danh mục là chiến lược an toàn nhất.",2025-09-25 11:13:27,2025-10-10 22:31:31
877,33,63ae476b-8130-4f9f-a3b1-94840053357c,442,"Mình không nghĩ vậy, @thao.tran88. Phong độ của họ khá thất thường.",2025-01-18 23:02:04,2025-04-13 18:12:47
1931,30,4932a133-4308-4b70-94a3-42ffe287bb72,1588,"@an.ly72 nói có lý, đa dạng hóa danh mục là chiến lược an toàn nhất.",2025-10-12 03:27:32,
793,32,ad430d70-4140-4b24-a017-69775e91dccb,,Mình đang tìm review chi tiết về chuyến đi Hà Giang.,2024-10-06 16:42:48,2025-07-31 23:49:37
86,36,4433fa69-510c-417c-b819-49c35b6ebd09,40,"Pin của máy này đúng là một điểm trừ lớn, @giang.vu12 ạ.",2022-12-18 09:29:20,2025-02-09 00:39:55
1576,23,dcc6fec8-9b34-4630-b0c0-58473b4b05d3,,Hệ điều hành mới cập nhật có lỗi gì không mọi người?,2022-07-14 11:32:26,2023-04-26 02:33:03
736,24,6d0ff78f-d123-4e4d-8ad9-f561b7c2bfa1,,Bạn nghĩ ai sẽ vô địch giải năm nay?,2022-03-28 10:11:34,2022-06-10 15:28:02
859,25,8243517e-bd6d-4c37-85ca-7ab9e2cbf7f3,558,"Pin của máy này đúng là một điểm trừ lớn, @vy.vo57 ạ.",2025-08-12 18:05:46,2025-08-19 12:42:36
1097,3,37848612-cce9-420c-b9c5-165185a1cf47,,Ai có kinh nghiệm du lịch một mình không?,2023-10-26 10:19:53,2024-11-09 13:37:46
1392,21,ea410176-f32c-4a93-b7bb-88f45b627720,,Mình đang tìm review chi tiết về chuyến đi Hà Giang.,2024-01-08 17:16:11,
599,30,4ededee4-76ee-4d43-9438-b527547a026a,84,"Mình vừa cập nhật xong, có vẻ mượt hơn nhưng hơi nóng máy.",2023-01-05 17:35:43,
1633,48,8dc985de-9394-4139-9ad1-37987eaf5e6a,283,"Cảm ơn gợi ý của @tuan.vo80, mình sẽ cân nhắc địa điểm này.",2025-08-16 22:00:33,
1274,50,fa374107-8ef3-4371-94d5-29decd2b8e52,1140,"Tôi đồng ý với @tuan.vo26, giai đoạn này nên cẩn trọng.",2025-06-09 19:20:31,2025-09-15 10:04:29
733,9,6d0ff78f-d123-4e4d-8ad9-f561b7c2bfa1,,AI đang thay đổi thế giới nhanh hơn chúng ta tưởng.,2024-08-16 16:26:46,2025-07-08 03:16:01
1840,15,199e9964-4bd3-4256-9712-80cbec5f60e5,1423,Hoàn toàn đồng ý với @dung.bui17. Tiềm năng của AI là vô hạn.,2025-10-03 20:52:58,2025-10-10 00:26:09
809,39,c25a8e93-9bf2-4c5f-a2ce-e12169e11ad0,31,Chính xác! Lối chơi của đội bóng này quá thuyết phục.,2023-05-04 07:25:49,2025-04-07 18:32:55
991,50,090e12ce-980c-4f11-8812-340313f78ed0,140,Chính xác! Lối chơi của đội bóng này quá thuyết phục.,2025-02-28 17:07:05,2025-08-20 02:08:48
1297,16,7762a243-b058-43c0-8673-e8dec2b7e69a,,Ai có kinh nghiệm du lịch một mình không?,2021-08-23 02:28:59,
1196,34,80a5f18d-bdd2-40f9-80db-38bbba7c030f,999,"Mình cũng từng đến đó, cảnh đẹp thực sự nhưng dịch vụ chưa tốt lắm.",2023-03-08 03:21:28,
834,42,9337146c-7a85-4297-93f9-527dae26627c,173,"@giang.ho49 nói có lý, đa dạng hóa danh mục là chiến lược an toàn nhất.",2025-10-08 07:35:03,
222,26,da97631f-a81c-4c05-b568-75b060d3146c,80,"@quan.ly33 nói có lý, đa dạng hóa danh mục là chiến lược an toàn nhất.",2025-04-05 04:27:36,2025-07-01 09:56:39
344,1,84e33ae0-3e05-49c9-8493-a57f9083ea0f,68,"Mình không nghĩ vậy, @thanh.nguyen93. Phong độ của họ khá thất thường.",2025-04-14 09:26:47,2025-05-11 22:04:00
746,27,4a94fc33-9f2a-4411-946b-36e55744c86a,,Mình đang tìm review chi tiết về chuyến đi Hà Giang.,2023-05-19 01:16:10,2024-03-22 09:15:01
230,46,84f7e735-21d6-4080-a3f7-91c4b1e57446,198,Hoàn toàn đồng ý với @trang.ho69. Tiềm năng của AI là vô hạn.,2025-07-13 07:31:51,
378,4,674d8dfb-d588-4512-8ca9-941665abd3ba,,Ai có kinh nghiệm du lịch một mình không?,2024-06-14 18:09:40,2025-01-30 05:16:49
513,26,43447286-19ba-4680-a442-17e7e6baaed6,222,"Mình nghĩ ngược lại, đây là cơ hội tốt để bắt đáy một số mã tiềm năng.",2025-09-14 11:50:31,2025-09-18 01:36:54
1286,4,7762a243-b058-43c0-8673-e8dec2b7e69a,694,"Mình cũng từng đến đó, cảnh đẹp thực sự nhưng dịch vụ chưa tốt lắm.",2025-02-01 04:45:26,
274,43,e31c97ef-6df9-4973-830e-296b7767e786,6,"Mình vừa cập nhật xong, có vẻ mượt hơn nhưng hơi nóng máy.",2025-10-09 08:59:31,2025-10-12 12:18:24
1020,26,f7917acf-8898-48f9-9230-807efbf161dd,,Cổ phiếu ngành công nghệ đang dẫn dắt thị trường.,2025-05-04 22:00:17,
593,3,4ededee4-76ee-4d43-9438-b527547a026a,236,"@quan.ly98, siêu phẩm của cầu thủ đó đúng là không thể tin được!",2025-08-26 17:08:47,2025-10-09 22:02:25
360,37,fc164408-145d-450e-84f6-df51ec926eca,212,"Mình nghĩ ngược lại, đây là cơ hội tốt để bắt đáy một số mã tiềm năng.",2025-06-23 18:52:58,
701,26,3f4ede28-9173-47ec-922c-2bdad505777f,179,Chính xác! Lối chơi của đội bóng này quá thuyết phục.,2022-06-04 18:17:12,2025-07-15 07:26:08
816,13,cb00707d-f5d5-4eda-883a-0e9c5fc13d05,,Cầu thủ yêu thích của mọi người là ai?,2023-05-24 23:35:34,2024-09-09 00:34:25
1264,35,67110453-c058-44ab-9f08-5c921b596755,1014,"Cảm ơn chia sẻ của @anh.tran72, rất hữu ích cho người mới như mình.",2025-03-14 08:37:18,2025-05-23 21:27:14
1632,48,4615fdae-422e-4cf2-bf1e-46b8c3c3d7de,114,"Pin của máy này đúng là một điểm trừ lớn, @an.duong29 ạ.",2025-09-15 02:08:37,2025-09-17 06:07:01
145,19,f0f22b95-c10f-42e1-92b4-bcb0899b945e,42,"@giang.vu12 nói có lý, đa dạng hóa danh mục là chiến lược an toàn nhất.",2024-07-17 01:48:48,2025-05-13 12:17:47
1874,30,6be9cf23-fa35-47d5-88d2-bba3a6336bff,,Cổ phiếu ngành công nghệ đang dẫn dắt thị trường.,2025-03-31 04:39:27,2025-07-11 18:09:48
1758,16,2a134a47-bcc3-42af-bb1a-3b35b483bcaa,899,"Mình nghĩ ngược lại, đây là cơ hội tốt để bắt đáy một số mã tiềm năng.",2024-08-19 20:58:10,2025-01-08 23:01:11
1026,30,6c2b17dc-1858-4419-8276-6599c7b6ed41,263,Hoàn toàn đồng ý với @vy.hoang43. Tiềm năng của AI là vô hạn.,2025-06-23 23:05:50,2025-08-20 11:38:41
402,31,0f8c2cba-0c9f-4de9-9cfb-e4c3a8aa3020,361,Chính xác! Lối chơi của đội bóng này quá thuyết phục.,2022-05-10 10:36:45,2022-11-23 00:56:55
229,5,84f7e735-21d6-4080-a3f7-91c4b1e57446,43,Chính xác! Lối chơi của đội bóng này quá thuyết phục.,2025-09-04 17:54:40,2025-09-19 19:31:40
1487,11,07f8cbfc-da67-4091-8c29-807a6e51702d,,Hệ điều hành mới cập nhật có lỗi gì không mọi người?,2024-12-25 15:39:08,
259,8,9f010aa5-3bc0-454a-943d-06055f729f48,206,"Mình vừa cập nhật xong, có vẻ mượt hơn nhưng hơi nóng máy.",2022-12-07 13:42:10,2023-10-01 22:29:49
490,43,b592d1cc-e74f-4760-bf41-ef1dea7a3534,168,"Mình cũng từng đến đó, cảnh đẹp thực sự nhưng dịch vụ chưa tốt lắm.",2022-12-05 10:49:56,2024-05-28 17:35:35
567,11,4f196b62-051a-4252-8f90-3f551a46764a,523,"Mình vừa cập nhật xong, có vẻ mượt hơn nhưng hơi nóng máy.",2025-04-10 21:12:17,
757,39,94c76233-4baa-4ee0-a608-23aa9e3f0d10,31,"Cảm ơn gợi ý của @khanh.tran16, mình sẽ cân nhắc địa điểm này.",2025-03-20 10:43:07,2025-08-25 20:46:44
700,12,3f4ede28-9173-47ec-922c-2bdad505777f,,Mọi người nghĩ sao về thị trường chứng khoán tuần tới?,2022-07-29 09:00:29,2022-12-13 08:47:42
425,16,010eff4b-ca48-4e8f-9eac-1145aae6b35a,244,"Cảm ơn gợi ý của @quan.ly98, mình sẽ cân nhắc địa điểm này.",2025-06-12 07:25:15,2025-06-22 14:40:29
537,7,72d7d5d0-90ce-45d6-aff6-594b45892680,88,"Tôi đồng ý với @linh.nguyen73, giai đoạn này nên cẩn trọng.",2025-10-05 23:42:40,2025-10-08 06:40:08
664,7,b056bf4f-5fca-41ed-a4d6-4e80beeb7d9b,157,"Mình cũng từng đến đó, cảnh đẹp thực sự nhưng dịch vụ chưa tốt lắm.",2025-09-14 17:11:48,2025-09-24 05:17:20
1522,37,d253c5c7-9841-4c5a-b9b8-e48ccdef41c6,,AI đang thay đổi thế giới nhanh hơn chúng ta tưởng.,2022-04-29 22:52:13,2024-12-17 12:02:40
1851,22,0d19b59f-5a3d-4058-8fdb-1c3304aca010,637,"Pin của máy này đúng là một điểm trừ lớn, @giang.dang12 ạ.",2025-08-16 19:48:15,2025-08-25 21:21:10
707,14,3f4ede28-9173-47ec-922c-2bdad505777f,220,Chính xác! Lối chơi của đội bóng này quá thuyết phục.,2025-09-05 11:08:00,2025-09-09 18:02:54
1418,3,84b8c629-f1f2-412f-8c6f-a868ac314122,392,"Mình không nghĩ vậy, @long.do30. Phong độ của họ khá thất thường.",2024-07-01 09:17:33,
1785,37,c3b6ca30-981d-4d63-b9e6-bebe433bb0c1,219,"Cảm ơn chia sẻ của @phong.bui21, rất hữu ích cho người mới như mình.",2024-06-01 04:47:40,2025-05-17 10:18:05
630,36,b90b4730-cfb7-453d-8f46-364d39e9693c,539,"Mình vừa cập nhật xong, có vẻ mượt hơn nhưng hơi nóng máy.",2025-10-03 15:57:00,2025-10-10 05:23:28
113,14,9bc45ca6-ead5-452f-9835-b57f4afa4c6b,106,"Tôi đồng ý với @phong.le95, giai đoạn này nên cẩn trọng.",2025-05-07 19:25:41,2025-06-21 03:14:18
160,16,c2b7fb43-1a1f-43be-bb58-459a6035034c,73,"Mình không nghĩ vậy, @dung.bui21. Phong độ của họ khá thất thường.",2025-04-23 20:16:52,2025-08-11 02:05:16
1902,16,d965c94d-c07e-41e0-bebc-ef03e65ba249,1043,"Cảm ơn chia sẻ của @anh.nguyen7, rất hữu ích cho người mới như mình.",2025-08-13 03:33:25,2025-09-15 01:11:59
45,21,e93f824e-29ba-4795-9bb2-3056bf1ef180,,Trận đấu tối qua mãn nhãn thật sự!,2024-08-16 17:14:35,
851,32,3c3e87f2-aeed-42fc-858d-c7d68a888977,585,"Mình không nghĩ vậy, @quan.ho94. Phong độ của họ khá thất thường.",2024-12-10 13:44:39,2025-02-12 13:36:51
87,34,4433fa69-510c-417c-b819-49c35b6ebd09,18,"@uyen.huynh30, siêu phẩm của cầu thủ đó đúng là không thể tin được!",2024-05-21 20:50:54,2025-08-12 00:59:13
1801,19,4468bf7b-945c-46a2-a3dc-a29b8c8a0171,987,"Mình cũng từng đến đó, cảnh đẹp thực sự nhưng dịch vụ chưa tốt lắm.",2025-01-24 03:48:51,2025-02-21 12:11:38
285,50,82c35ed5-c8c5-48f3-97ed-b3ced4113a1b,149,"Mình vừa cập nhật xong, có vẻ mượt hơn nhưng hơi nóng máy.",2025-07-16 15:08:17,2025-08-16 02:39:43
421,41,010eff4b-ca48-4e8f-9eac-1145aae6b35a,,Mẫu điện thoại mới ra mắt có đáng tiền không?,2021-08-09 10:26:53,2022-12-03 09:13:52
1815,45,0714c841-a675-410e-9c8a-4f53dbaf0f64,363,"Mình vừa cập nhật xong, có vẻ mượt hơn nhưng hơi nóng máy.",2025-10-12 14:33:29,
1277,38,fa374107-8ef3-4371-94d5-29decd2b8e52,,Ai có kinh nghiệm du lịch một mình không?,2021-06-09 03:31:44,2024-12-10 08:24:29
350,9,2ce01aad-5a0e-481d-b48c-382fe9a44381,304,"Mình nghĩ ngược lại, đây là cơ hội tốt để bắt đáy một số mã tiềm năng.",2024-06-01 13:53:14,2025-05-21 13:19:57
386,31,b636b593-f99a-4047-99c5-d84d0be7abef,290,"@an.huynh11 nói có lý, đa dạng hóa danh mục là chiến lược an toàn nhất.",2023-04-25 03:51:16,
658,26,b056bf4f-5fca-41ed-a4d6-4e80beeb7d9b,,Bạn nghĩ ai sẽ vô địch giải năm nay?,2023-02-27 09:37:37,2025-08-24 11:12:18
1901,42,d965c94d-c07e-41e0-bebc-ef03e65ba249,1898,"Mình cũng từng đến đó, cảnh đẹp thực sự nhưng dịch vụ chưa tốt lắm.",2025-09-10 11:34:35,2025-09-24 03:36:44
804,35,c25a8e93-9bf2-4c5f-a2ce-e12169e11ad0,260,"Mình vừa cập nhật xong, có vẻ mượt hơn nhưng hơi nóng máy.",2025-09-29 13:34:21,2025-10-07 10:32:22
308,49,a2d5e807-e029-498a-b712-cff822988c18,,Hè này nên đi biển nào đẹp mà vắng người nhỉ?,2022-04-04 11:54:28,
1754,34,c22e109c-a0b9-4658-9be1-5cb534b5abdd,,Bạn nghĩ ai sẽ vô địch giải năm nay?,2021-03-27 04:02:59,2025-06-24 21:18:35
1799,49,4468bf7b-945c-46a2-a3dc-a29b8c8a0171,,Hệ điều hành mới cập nhật có lỗi gì không mọi người?,2024-01-04 20:36:15,2025-07-09 05:37:35
610,12,b3fea15e-e79d-47c5-9654-871ab8adf20b,584,"Mình cũng từng đến đó, cảnh đẹp thực sự nhưng dịch vụ chưa tốt lắm.",2024-05-05 01:53:42,2025-06-10 19:12:46
1715,50,470e881c-26f1-4872-8ce1-f347784a6267,1429,Hoàn toàn đồng ý với @vy.vu83. Tiềm năng của AI là vô hạn.,2025-08-23 05:53:50,2025-10-12 12:59:01
400,22,0f8c2cba-0c9f-4de9-9cfb-e4c3a8aa3020,,Mình đang tìm review chi tiết về chuyến đi Hà Giang.,2021-03-22 03:00:07,2024-10-16 11:40:55
64,20,6eed39c9-83b8-43e6-95ab-83c9625e1bf8,,Mọi người nghĩ sao về thị trường chứng khoán tuần tới?,2022-01-11 10:03:03,2025-01-07 14:24:07
445,16,9ea02c82-0222-47b0-b7e8-1685eaf1a7d7,89,Hoàn toàn đồng ý với @linh.nguyen73. Tiềm năng của AI là vô hạn.,2025-01-21 22:01:23,2025-04-03 08:32:46
880,36,63ae476b-8130-4f9f-a3b1-94840053357c,862,"Mình cũng từng đến đó, cảnh đẹp thực sự nhưng dịch vụ chưa tốt lắm.",2025-05-02 03:52:19,
1765,34,2a134a47-bcc3-42af-bb1a-3b35b483bcaa,1057,Hoàn toàn đồng ý với @hieu.tran16. Tiềm năng của AI là vô hạn.,2025-08-23 21:39:45,2025-10-02 21:14:38
1690,50,9fd87b6b-e1d6-4866-80a8-81acf6f4f257,1150,"Mình nghĩ ngược lại, đây là cơ hội tốt để bắt đáy một số mã tiềm năng.",2025-08-30 17:41:13,
1038,38,3a9f9977-8f1f-4051-8b13-6a3ce848d0fa,,Mình đang tìm review chi tiết về chuyến đi Hà Giang.,2025-05-07 11:24:19,2025-07-21 16:16:30
29,1,0163cf9b-fe10-4ac9-a33e-d76fcadb87ba,,Trận đấu tối qua mãn nhãn thật sự!,2022-04-29 06:09:54,
725,12,03131c47-3d3b-4c55-9335-ba7174b609bb,94,"Cảm ơn chia sẻ của @linh.nguyen73, rất hữu ích cho người mới như mình.",2025-10-11 21:47:52,
604,18,b3fea15e-e79d-47c5-9654-871ab8adf20b,,Mình đang tìm review chi tiết về chuyến đi Hà Giang.,2021-08-19 09:13:33,2023-03-05 22:11:49
1245,32,e837d69b-6aba-49f1-a605-f9a6acc535c9,603,Bạn @son.ly57 có thể chia sẻ thêm về chi phí được không?,2025-09-19 03:53:32,
694,4,31031836-669c-4a2d-b2b1-0c68a167f3d9,177,"Tôi đồng ý với @giang.ho49, giai đoạn này nên cẩn trọng.",2024-04-15 16:25:10,2024-08-18 18:12:34
649,22,b8aeaea7-fc15-49e6-9716-0e7a3e47e485,112,"Mình vừa cập nhật xong, có vẻ mượt hơn nhưng hơi nóng máy.",2024-04-23 10:00:52,
1275,49,fa374107-8ef3-4371-94d5-29decd2b8e52,1068,Chính xác! Lối chơi của đội bóng này quá thuyết phục.,2025-10-09 10:41:20,2025-10-12 02:43:03
1698,31,e34bce11-986f-4fd2-827a-a1cbad17a758,1305,"Mình vừa cập nhật xong, có vẻ mượt hơn nhưng hơi nóng máy.",2023-10-02 07:48:15,2024-04-27 22:23:01
1149,29,903d2e0b-4282-4864-bf5a-f93fbcb0548d,75,"Mình vừa cập nhật xong, có vẻ mượt hơn nhưng hơi nóng máy.",2024-07-09 00:41:39,2025-07-17 08:45:58
393,29,b636b593-f99a-4047-99c5-d84d0be7abef,,Mẫu điện thoại mới ra mắt có đáng tiền không?,2022-05-06 10:20:26,
1000,24,27171e8b-0e9d-4d94-b60f-0414e202474e,756,"Pin của máy này đúng là một điểm trừ lớn, @dung.ho16 ạ.",2025-03-28 10:22:40,2025-10-11 08:44:54
1666,43,665e29a7-8bc4-4988-b103-40afcf4bde3a,,Hệ điều hành mới cập nhật có lỗi gì không mọi người?,2021-01-24 13:53:17,2023-07-30 05:02:58
686,7,3ee7afc0-161c-4e12-87c4-6d8999d8ddf3,517,Chính xác! Lối chơi của đội bóng này quá thuyết phục.,2025-10-07 04:43:30,
1749,45,c22e109c-a0b9-4658-9be1-5cb534b5abdd,277,Hoàn toàn đồng ý với @ha.ngo45. Tiềm năng của AI là vô hạn.,2025-09-22 04:25:00,2025-10-04 21:32:09
450,49,9ea02c82-0222-47b0-b7e8-1685eaf1a7d7,,AI đang thay đổi thế giới nhanh hơn chúng ta tưởng.,2024-10-30 03:37:18,2024-12-26 04:58:27
166,46,e83a5f3b-f2b2-4060-ba11-a0a2c6cb812a,127,"Mình nghĩ ngược lại, đây là cơ hội tốt để bắt đáy một số mã tiềm năng.",2025-03-22 18:56:12,2025-05-24 07:12:26
1474,2,e81305a7-21a8-4641-ae75-8018bfc3feb4,947,"Mình cũng từng đến đó, cảnh đẹp thực sự nhưng dịch vụ chưa tốt lắm.",2024-01-08 00:43:15,
171,9,1d837871-8735-4141-83d9-592d9aef042a,,Trận đấu tối qua mãn nhãn thật sự!,2024-12-14 09:45:55,2025-10-06 02:11:29
43,5,e93f824e-29ba-4795-9bb2-3056bf1ef180,8,Chính xác! Lối chơi của đội bóng này quá thuyết phục.,2024-03-22 07:48:24,2024-11-19 04:37:28
253,30,ef26d43b-4f10-4163-8174-6210edb0dceb,130,"@uyen.hoang77 nói có lý, đa dạng hóa danh mục là chiến lược an toàn nhất.",2024-01-15 14:13:48,2025-04-23 23:04:05
1132,37,461f4df7-ebed-4c69-8f17-2db9e68af074,468,"Mình cũng từng đến đó, cảnh đẹp thực sự nhưng dịch vụ chưa tốt lắm.",2023-03-12 04:24:32,2023-09-25 14:22:30
730,26,6d0ff78f-d123-4e4d-8ad9-f561b7c2bfa1,141,"Mình không nghĩ vậy, @binh.hoang29. Phong độ của họ khá thất thường.",2025-04-26 00:24:33,2025-09-13 18:25:08
1916,48,81e5b657-e22e-4b31-9ce4-68417ad208b3,1345,"Mình vừa cập nhật xong, có vẻ mượt hơn nhưng hơi nóng máy.",2025-10-02 18:23:00,2025-10-10 17:27:19
1762,35,2a134a47-bcc3-42af-bb1a-3b35b483bcaa,792,"Mình không nghĩ vậy, @long.vo80. Phong độ của họ khá thất thường.",2025-09-25 05:12:01,2025-10-10 10:33:41
379,37,674d8dfb-d588-4512-8ca9-941665abd3ba,212,Hoàn toàn đồng ý với @phong.bui21. Tiềm năng của AI là vô hạn.,2025-07-21 06:23:23,2025-10-09 16:09:28
1246,5,e837d69b-6aba-49f1-a605-f9a6acc535c9,419,"@lan.nguyen31 nói có lý, đa dạng hóa danh mục là chiến lược an toàn nhất.",2025-08-09 02:41:52,
1179,48,c989f043-1fda-49c3-80df-f91cbb2c9778,,Bạn nghĩ ai sẽ vô địch giải năm nay?,2025-09-08 00:37:42,2025-09-17 10:46:34
1950,42,9f477750-6d9d-45b4-86d3-cd04ac98795e,454,Chính xác! Lối chơi của đội bóng này quá thuyết phục.,2025-09-30 17:50:52,2025-10-11 05:49:24
1236,50,97f9eaea-801b-44c2-99d2-119882ed170a,991,"Pin của máy này đúng là một điểm trừ lớn, @trung.phan13 ạ.",2025-04-16 09:23:59,2025-09-26 04:43:16
626,47,039c7ae3-9a6f-4f22-867c-a8d4c2115798,367,"Pin của máy này đúng là một điểm trừ lớn, @uyen.nguyen28 ạ.",2025-10-11 04:04:57,
1356,9,b267cf12-0d28-491b-b821-12def71bd372,350,"@cuong.nguyen2 nói có lý, đa dạng hóa danh mục là chiến lược an toàn nhất.",2024-09-15 15:09:16,2025-05-19 22:09:00
258,29,9f010aa5-3bc0-454a-943d-06055f729f48,223,"Mình cũng từng đến đó, cảnh đẹp thực sự nhưng dịch vụ chưa tốt lắm.",2023-08-27 12:11:12,2025-03-14 01:34:23
1740,27,a1b3e507-127b-4966-931e-49e72a9fd248,1695,Chính xác! Lối chơi của đội bóng này quá thuyết phục.,2025-10-10 22:15:48,2025-10-11 14:00:45
1700,44,e34bce11-986f-4fd2-827a-a1cbad17a758,848,"@phong.vo78 nói có lý, đa dạng hóa danh mục là chiến lược an toàn nhất.",2025-08-01 08:22:45,
973,30,c1788a35-25d3-489c-a121-2a0c0cea43aa,84,"Mình cũng từng đến đó, cảnh đẹp thực sự nhưng dịch vụ chưa tốt lắm.",2023-12-25 17:09:13,2024-05-01 03:52:26
1935,40,4932a133-4308-4b70-94a3-42ffe287bb72,628,"Pin của máy này đúng là một điểm trừ lớn, @giang.dang12 ạ.",2025-02-05 14:12:30,2025-02-10 03:42:33
1879,3,5faa0c5e-ef10-4b57-9a7d-9e2d69316dd5,1800,"Mình cũng từng đến đó, cảnh đẹp thực sự nhưng dịch vụ chưa tốt lắm.",2022-10-18 09:40:19,2024-02-27 21:24:48
862,36,8243517e-bd6d-4c37-85ca-7ab9e2cbf7f3,109,Chính xác! Lối chơi của đội bóng này quá thuyết phục.,2023-12-04 00:19:47,2024-05-14 12:45:06
931,19,d237f7a5-889b-4d82-ba71-5a182faddcfb,,Hè này nên đi biển nào đẹp mà vắng người nhỉ?,2022-07-16 05:36:16,2022-08-13 04:13:50
1427,49,dd030d04-62d8-4be3-b442-614741d98e47,1302,"Mình nghĩ ngược lại, đây là cơ hội tốt để bắt đáy một số mã tiềm năng.",2025-06-16 17:10:31,
985,35,090e12ce-980c-4f11-8812-340313f78ed0,,Mình đang tìm review chi tiết về chuyến đi Hà Giang.,2021-02-03 05:00:13,2022-12-25 14:01:55
977,17,c1788a35-25d3-489c-a121-2a0c0cea43aa,496,Hoàn toàn đồng ý với @nga.nguyen17. Tiềm năng của AI là vô hạn.,2025-03-23 17:22:43,2025-08-09 13:28:34
1511,35,83985159-bd84-419d-bf60-254aebb0262f,,Trận đấu tối qua mãn nhãn thật sự!,2022-05-12 07:10:42,2024-04-05 12:16:32
1948,50,9f477750-6d9d-45b4-86d3-cd04ac98795e,1577,Bạn @chi.pham59 có thể chia sẻ thêm về chi phí được không?,2023-08-26 22:40:48,2024-10-31 15:28:09
47,5,33694092-0610-4088-8274-cedd56c1a2ec,43,"Tôi đồng ý với @giang.vu12, giai đoạn này nên cẩn trọng.",2025-09-17 10:47:27,2025-09-27 07:34:34
256,16,9f010aa5-3bc0-454a-943d-06055f729f48,73,"Mình cũng từng đến đó, cảnh đẹp thực sự nhưng dịch vụ chưa tốt lắm.",2024-09-03 13:58:23,
1767,11,b13543fe-01b6-461e-a0ca-69f31cc0aa2d,340,"Cảm ơn chia sẻ của @mai.ho42, rất hữu ích cho người mới như mình.",2025-06-18 13:46:52,2025-09-12 23:30:40
1945,47,9f477750-6d9d-45b4-86d3-cd04ac98795e,,Trận đấu tối qua mãn nhãn thật sự!,2024-09-13 20:04:56,
1360,6,981e5ea6-b2ae-4aad-a217-f3999a1eca3b,832,"Mình vừa cập nhật xong, có vẻ mượt hơn nhưng hơi nóng máy.",2025-05-31 08:02:53,2025-08-11 10:43:42
1862,28,1a064d11-5236-4b8a-a25c-ac002772b2ad,,Trận đấu tối qua mãn nhãn thật sự!,2025-03-16 05:35:05,
270,38,3659ba56-1673-4e28-a06e-494184f2b2f1,82,"@quan.ly33, siêu phẩm của cầu thủ đó đúng là không thể tin được!",2025-02-09 16:43:26,2025-03-25 09:27:11
457,5,3d597ea0-7f18-489a-8855-e09c59ba9241,,Hè này nên đi biển nào đẹp mà vắng người nhỉ?,2021-12-07 05:11:38,2024-07-01 04:51:29
1409,50,ae60094a-ce56-42f6-8a10-a68c0b3858bc,889,"@trung.hoang67 nói có lý, đa dạng hóa danh mục là chiến lược an toàn nhất.",2024-08-04 21:29:05,2025-05-20 11:35:07
1374,38,425306e0-588b-4e46-b172-a24a9fb85667,1088,"Mình không nghĩ vậy, @linh.hoang53. Phong độ của họ khá thất thường.",2025-03-18 00:02:49,2025-06-27 08:32:29
314,44,a2d5e807-e029-498a-b712-cff822988c18,,Bạn nghĩ ai sẽ vô địch giải năm nay?,2025-05-24 23:31:17,2025-09-13 10:10:25
116,32,9bc45ca6-ead5-452f-9835-b57f4afa4c6b,13,Chính xác! Lối chơi của đội bóng này quá thuyết phục.,2022-06-29 16:45:57,2023-09-02 08:08:46
1037,10,6c2b17dc-1858-4419-8276-6599c7b6ed41,,Hè này nên đi biển nào đẹp mà vắng người nhỉ?,2022-05-21 06:02:36,2025-03-11 07:56:53
401,3,0f8c2cba-0c9f-4de9-9cfb-e4c3a8aa3020,14,"Mình không nghĩ vậy, @phuong.nguyen29. Phong độ của họ khá thất thường.",2021-04-20 23:32:12,2024-02-01 14:32:23
1206,49,54f99967-b1e7-4381-a84b-b371f4dca18b,306,"@thao.le45, siêu phẩm của cầu thủ đó đúng là không thể tin được!",2025-08-26 22:07:06,2025-10-01 13:07:18
255,9,ef26d43b-4f10-4163-8174-6210edb0dceb,,Ai có kinh nghiệm du lịch một mình không?,2025-09-14 23:16:22,2025-09-25 04:08:19
892,38,fcc059ed-49fc-406b-92b1-126308905dfa,,Mẫu điện thoại mới ra mắt có đáng tiền không?,2023-05-05 22:47:50,2023-06-17 13:38:21
465,3,1b9190c4-9957-48d4-b8e2-e751d28ae4e9,387,"Cảm ơn gợi ý của @long.do30, mình sẽ cân nhắc địa điểm này.",2025-10-11 17:11:32,
17,8,6b654c3a-4ade-4da9-a267-5c9ab8730007,,Trận đấu tối qua mãn nhãn thật sự!,2021-03-13 13:12:43,
186,38,31ed8aee-fc75-4c82-b2fd-79886f7f2975,174,"Cảm ơn chia sẻ của @giang.ho49, rất hữu ích cho người mới như mình.",2025-09-12 23:07:36,2025-09-18 08:48:50
1122,36,461f4df7-ebed-4c69-8f17-2db9e68af074,967,"Cảm ơn gợi ý của @thanh.dang25, mình sẽ cân nhắc địa điểm này.",2025-10-10 22:15:24,2025-10-12 01:16:25
517,7,43447286-19ba-4680-a442-17e7e6baaed6,358,Bạn @cuong.nguyen2 có thể chia sẻ thêm về chi phí được không?,2025-08-22 14:16:57,2025-08-29 10:14:59
776,39,71559a06-dc20-4bd6-a856-b7d3dfc7342c,757,"Mình cũng từng đến đó, cảnh đẹp thực sự nhưng dịch vụ chưa tốt lắm.",2025-08-30 19:35:04,2025-09-03 22:07:00
1494,25,07f8cbfc-da67-4091-8c29-807a6e51702d,143,"Pin của máy này đúng là một điểm trừ lớn, @dung.phan6 ạ.",2025-05-08 22:49:36,2025-07-12 04:40:02
935,15,68730859-9553-4fd9-bef2-555effa9a24f,,Mình đang tìm review chi tiết về chuyến đi Hà Giang.,2021-06-07 15:04:50,2022-07-07 15:04:31
978,20,c1788a35-25d3-489c-a121-2a0c0cea43aa,914,Hoàn toàn đồng ý với @nam.do4. Tiềm năng của AI là vô hạn.,2025-05-09 08:41:05,
662,25,b056bf4f-5fca-41ed-a4d6-4e80beeb7d9b,143,Hoàn toàn đồng ý với @dung.phan6. Tiềm năng của AI là vô hạn.,2025-03-30 04:53:20,2025-10-02 11:42:04
1456,13,bf46abbb-42e1-4a7b-a932-a518c66f6f1b,1191,"@minh.ngo29 nói có lý, đa dạng hóa danh mục là chiến lược an toàn nhất.",2025-05-25 09:47:07,2025-09-28 09:54:50
852,33,3c3e87f2-aeed-42fc-858d-c7d68a888977,,Ai có kinh nghiệm du lịch một mình không?,2024-09-01 03:17:52,2024-11-05 14:03:39
1305,31,3ce44e1a-9a8b-4da5-8152-2970fafb2922,,Lãi suất tiết kiệm dạo này có vẻ không hấp dẫn lắm.,2021-02-17 15:09:03,
829,4,b2b47876-8099-4ce4-b666-44e60cfc9229,796,"@long.vo80 nói có lý, đa dạng hóa danh mục là chiến lược an toàn nhất.",2023-09-27 22:01:06,2023-11-15 10:29:15
1350,22,b267cf12-0d28-491b-b821-12def71bd372,492,"@ha.bui62 nói có lý, đa dạng hóa danh mục là chiến lược an toàn nhất.",2024-12-04 08:12:32,2025-04-28 22:32:50
178,40,1d837871-8735-4141-83d9-592d9aef042a,110,Bạn @phong.le95 có thể chia sẻ thêm về chi phí được không?,2023-09-15 11:45:06,
295,48,82a6e2a7-2fb1-4f26-b869-f784aeac3448,114,"Mình cũng từng đến đó, cảnh đẹp thực sự nhưng dịch vụ chưa tốt lắm.",2025-09-18 04:30:08,2025-10-01 12:02:36
1822,20,0fbb0e48-77cc-40c0-8a7f-3bc6dcebd879,1317,"Mình không nghĩ vậy, @nga.bui58. Phong độ của họ khá thất thường.",2024-11-18 12:59:19,2025-03-06 20:47:51
81,27,4433fa69-510c-417c-b819-49c35b6ebd09,,Lãi suất tiết kiệm dạo này có vẻ không hấp dẫn lắm.,2021-01-14 09:11:08,
482,46,f80007f3-1699-4187-a951-9485f726f93a,198,"Mình cũng từng đến đó, cảnh đẹp thực sự nhưng dịch vụ chưa tốt lắm.",2025-08-25 14:21:59,2025-09-14 02:58:35
1730,35,a1b3e507-127b-4966-931e-49e72a9fd248,4,Chính xác! Lối chơi của đội bóng này quá thuyết phục.,2025-09-05 05:47:25,2025-09-21 01:34:16
1358,43,981e5ea6-b2ae-4aad-a217-f3999a1eca3b,706,Hoàn toàn đồng ý với @trung.hoang33. Tiềm năng của AI là vô hạn.,2025-09-25 09:01:09,2025-09-27 02:59:03
1777,35,c3b6ca30-981d-4d63-b9e6-bebe433bb0c1,837,"Mình không nghĩ vậy, @minh.hoang64. Phong độ của họ khá thất thường.",2024-12-27 17:36:39,
1900,9,d965c94d-c07e-41e0-bebc-ef03e65ba249,133,"Mình nghĩ ngược lại, đây là cơ hội tốt để bắt đáy một số mã tiềm năng.",2023-08-08 18:51:19,2024-07-23 08:19:44
1428,13,dd030d04-62d8-4be3-b442-614741d98e47,1328,"Mình không nghĩ vậy, @phong.bui99. Phong độ của họ khá thất thường.",2025-10-12 13:26:55,
548,22,1ebf4471-9f75-4659-9a9d-92b65442f2cf,510,"Cảm ơn chia sẻ của @nam.le67, rất hữu ích cho người mới như mình.",2024-01-11 08:05:59,2025-01-13 02:44:52
71,4,6fa3fa03-a468-4ae0-8789-2f0d52493a6a,27,"Pin của máy này đúng là một điểm trừ lớn, @huy.phan72 ạ.",2021-10-02 04:30:23,2023-07-14 11:44:53
1613,45,0b5b8c26-f5e6-4918-94b6-97cb81144a1e,957,"Cảm ơn chia sẻ của @minh.ho7, rất hữu ích cho người mới như mình.",2025-08-28 15:04:00,2025-09-11 08:37:52
352,4,2ce01aad-5a0e-481d-b48c-382fe9a44381,27,Hoàn toàn đồng ý với @huy.phan72. Tiềm năng của AI là vô hạn.,2022-08-24 04:17:52,
1742,36,a1b3e507-127b-4966-931e-49e72a9fd248,1189,"Mình vừa cập nhật xong, có vẻ mượt hơn nhưng hơi nóng máy.",2025-10-05 00:19:52,2025-10-08 10:45:13
1572,48,dcc6fec8-9b34-4630-b0c0-58473b4b05d3,1271,"Mình cũng từng đến đó, cảnh đẹp thực sự nhưng dịch vụ chưa tốt lắm.",2024-04-23 16:47:07,2025-02-13 22:52:40
220,14,da97631f-a81c-4c05-b568-75b060d3146c,106,"Mình không nghĩ vậy, @phong.le95. Phong độ của họ khá thất thường.",2025-02-14 22:16:07,
158,47,c2b7fb43-1a1f-43be-bb58-459a6035034c,,AI đang thay đổi thế giới nhanh hơn chúng ta tưởng.,2024-08-13 23:12:48,
778,40,02682162-576c-4e38-acc1-3112c0d1b8cc,,AI đang thay đổi thế giới nhanh hơn chúng ta tưởng.,2022-12-08 23:35:40,2025-09-04 06:12:40
7,48,b1c13a86-f3f3-4296-9ba5-03cce3a8b118,,Bạn nghĩ ai sẽ vô địch giải năm nay?,2025-08-06 19:01:40,2025-10-03 05:06:03
338,35,ce2f2663-09fe-4373-a44e-3286b4b599cc,170,Bạn @giang.ho49 có thể chia sẻ thêm về chi phí được không?,2025-01-21 16:13:01,2025-08-21 03:46:16
889,50,fcc059ed-49fc-406b-92b1-126308905dfa,674,Bạn @hung.le27 có thể chia sẻ thêm về chi phí được không?,2024-02-26 00:16:17,2025-10-03 16:16:14
1559,43,890c97b5-b1df-41c1-a192-4f6a6b86c165,490,"Cảm ơn gợi ý của @ha.bui62, mình sẽ cân nhắc địa điểm này.",2025-05-03 21:26:14,2025-06-03 23:18:48
120,24,9fce07f6-a324-4ca3-ba5b-34b8cdf5e772,32,"Tôi đồng ý với @khanh.tran16, giai đoạn này nên cẩn trọng.",2025-08-01 22:38:07,2025-08-17 08:56:39
558,25,1ebf4471-9f75-4659-9a9d-92b65442f2cf,368,Hoàn toàn đồng ý với @uyen.nguyen28. Tiềm năng của AI là vô hạn.,2025-07-01 11:04:10,2025-09-28 09:29:40
735,37,6d0ff78f-d123-4e4d-8ad9-f561b7c2bfa1,468,"Mình vừa cập nhật xong, có vẻ mượt hơn nhưng hơi nóng máy.",2021-07-18 02:08:26,2021-10-12 09:11:20
628,40,b90b4730-cfb7-453d-8f46-364d39e9693c,110,"@phong.le95, siêu phẩm của cầu thủ đó đúng là không thể tin được!",2022-04-12 22:10:37,2025-09-28 19:08:55
1729,32,a1b3e507-127b-4966-931e-49e72a9fd248,1545,"Mình cũng từng đến đó, cảnh đẹp thực sự nhưng dịch vụ chưa tốt lắm.",2024-12-05 05:19:13,2025-07-28 22:54:10
1672,21,44c69e12-ec0a-4b17-a693-1f046beb4922,1073,Hoàn toàn đồng ý với @thao.vo55. Tiềm năng của AI là vô hạn.,2025-07-05 14:40:09,2025-10-11 20:59:12
698,43,3f4ede28-9173-47ec-922c-2bdad505777f,274,"@ha.ngo45, siêu phẩm của cầu thủ đó đúng là không thể tin được!",2025-10-12 07:29:11,
633,35,b90b4730-cfb7-453d-8f46-364d39e9693c,,Lãi suất tiết kiệm dạo này có vẻ không hấp dẫn lắm.,2022-01-12 15:59:47,
684,27,efc806fe-553d-41b2-9be3-0c55e6416007,313,"Cảm ơn gợi ý của @thao.le45, mình sẽ cân nhắc địa điểm này.",2025-03-21 18:07:46,2025-05-12 21:53:41
1759,14,2a134a47-bcc3-42af-bb1a-3b35b483bcaa,815,"@mai.pham55 nói có lý, đa dạng hóa danh mục là chiến lược an toàn nhất.",2021-12-13 15:35:49,
1779,47,c3b6ca30-981d-4d63-b9e6-bebe433bb0c1,1288,"Cảm ơn gợi ý của @giang.ho44, mình sẽ cân nhắc địa điểm này.",2025-03-20 15:58:51,2025-08-26 21:19:55
1058,27,2ba25d27-054a-4276-b617-b09400506beb,142,Bạn @dung.phan6 có thể chia sẻ thêm về chi phí được không?,2025-06-21 17:27:19,2025-09-01 19:33:23
61,20,6eed39c9-83b8-43e6-95ab-83c9625e1bf8,,Hệ điều hành mới cập nhật có lỗi gì không mọi người?,2023-04-21 04:02:45,2025-02-08 17:22:37
1747,27,c22e109c-a0b9-4658-9be1-5cb534b5abdd,,Mọi người nghĩ sao về thị trường chứng khoán tuần tới?,2021-09-06 10:33:20,2025-03-19 11:31:03
1371,41,981e5ea6-b2ae-4aad-a217-f3999a1eca3b,,Cổ phiếu ngành công nghệ đang dẫn dắt thị trường.,2022-02-19 01:56:27,2022-09-21 12:43:15
848,44,3c3e87f2-aeed-42fc-858d-c7d68a888977,475,"Mình không nghĩ vậy, @son.huynh36. Phong độ của họ khá thất thường.",2025-02-18 07:02:14,2025-09-27 10:17:03
1215,39,7343136b-2e88-4971-b8fa-5c716baf69c5,1184,"Mình vừa cập nhật xong, có vẻ mượt hơn nhưng hơi nóng máy.",2022-05-21 08:49:15,2025-06-28 04:09:55
710,4,b191e786-b25e-4774-b46a-d81200752052,177,Chính xác! Lối chơi của đội bóng này quá thuyết phục.,2024-10-25 09:56:10,2024-10-30 18:38:46
1677,39,44c69e12-ec0a-4b17-a693-1f046beb4922,757,"Mình nghĩ ngược lại, đây là cơ hội tốt để bắt đáy một số mã tiềm năng.",2025-08-10 04:45:25,2025-08-14 01:12:56
1491,47,07f8cbfc-da67-4091-8c29-807a6e51702d,996,"Mình nghĩ ngược lại, đây là cơ hội tốt để bắt đáy một số mã tiềm năng.",2024-06-14 15:48:13,2025-02-16 04:55:27
982,45,090e12ce-980c-4f11-8812-340313f78ed0,908,"@nam.do4, siêu phẩm của cầu thủ đó đúng là không thể tin được!",2025-10-11 01:44:18,
822,2,b2b47876-8099-4ce4-b666-44e60cfc9229,511,"Cảm ơn gợi ý của @nam.le67, mình sẽ cân nhắc địa điểm này.",2025-07-21 13:00:46,2025-10-02 08:18:52
762,33,71559a06-dc20-4bd6-a856-b7d3dfc7342c,591,Bạn @quan.ho94 có thể chia sẻ thêm về chi phí được không?,2025-01-13 20:29:52,2025-04-19 08:16:51
391,17,b636b593-f99a-4047-99c5-d84d0be7abef,35,"Pin của máy này đúng là một điểm trừ lớn, @khanh.tran16 ạ.",2024-03-30 07:39:21,2025-04-24 23:14:29
1372,18,981e5ea6-b2ae-4aad-a217-f3999a1eca3b,867,"Mình nghĩ ngược lại, đây là cơ hội tốt để bắt đáy một số mã tiềm năng.",2025-10-09 19:58:19,2025-10-11 20:18:49
28,18,0163cf9b-fe10-4ac9-a33e-d76fcadb87ba,,Cổ phiếu ngành công nghệ đang dẫn dắt thị trường.,2025-03-01 11:08:14,2025-03-11 13:01:35
1291,3,7762a243-b058-43c0-8673-e8dec2b7e69a,747,"@son.do14, siêu phẩm của cầu thủ đó đúng là không thể tin được!",2022-03-26 21:30:02,2025-03-24 04:45:35
916,18,eea6a721-d4a0-472a-89df-4aab251135fd,897,Chính xác! Lối chơi của đội bóng này quá thuyết phục.,2025-10-11 22:00:14,
586,35,a47cdb13-8db0-4494-bf08-a08f41f97b02,189,Chính xác! Lối chơi của đội bóng này quá thuyết phục.,2025-09-02 20:50:10,2025-09-29 05:04:07
8,5,b633242c-be5a-4e15-ac8d-989253896723,,Cổ phiếu ngành công nghệ đang dẫn dắt thị trường.,2022-03-31 02:12:57,2023-07-28 11:36:58
538,18,72d7d5d0-90ce-45d6-aff6-594b45892680,,"Có ai có kinh nghiệm đầu tư vàng không, chia sẻ cho mình với!",2025-06-28 06:11:21,2025-07-19 01:04:32
1753,32,c22e109c-a0b9-4658-9be1-5cb534b5abdd,724,"Mình vừa cập nhật xong, có vẻ mượt hơn nhưng hơi nóng máy.",2024-09-18 13:22:19,2025-05-24 13:04:47
665,31,b056bf4f-5fca-41ed-a4d6-4e80beeb7d9b,529,"Mình vừa cập nhật xong, có vẻ mượt hơn nhưng hơi nóng máy.",2025-10-11 07:29:22,
1598,46,de2a2b2d-ecf8-4c2c-894b-ddf63680f99a,1211,"Pin của máy này đúng là một điểm trừ lớn, @chi.dang36 ạ.",2025-09-04 08:20:43,2025-09-20 06:19:09
293,39,29feb88b-ca36-446f-97e6-d6a3c959d61f,225,"Mình vừa cập nhật xong, có vẻ mượt hơn nhưng hơi nóng máy.",2025-08-30 19:26:14,
872,42,63ae476b-8130-4f9f-a3b1-94840053357c,51,"Mình cũng từng đến đó, cảnh đẹp thực sự nhưng dịch vụ chưa tốt lắm.",2025-02-13 08:21:35,2025-08-26 10:34:56
1882,16,5faa0c5e-ef10-4b57-9a7d-9e2d69316dd5,1368,"@yen.le9 nói có lý, đa dạng hóa danh mục là chiến lược an toàn nhất.",2025-05-02 01:40:21,
1030,32,6c2b17dc-1858-4419-8276-6599c7b6ed41,240,"@quan.ly98, siêu phẩm của cầu thủ đó đúng là không thể tin được!",2021-04-25 13:31:54,2024-11-28 04:28:28
620,5,039c7ae3-9a6f-4f22-867c-a8d4c2115798,,Cổ phiếu ngành công nghệ đang dẫn dắt thị trường.,2023-10-19 17:19:09,
37,39,0163cf9b-fe10-4ac9-a33e-d76fcadb87ba,,Cầu thủ yêu thích của mọi người là ai?,2025-06-24 00:50:39,
1228,3,97f9eaea-801b-44c2-99d2-119882ed170a,663,Chính xác! Lối chơi của đội bóng này quá thuyết phục.,2025-10-03 14:38:37,2025-10-10 06:01:58
695,32,31031836-669c-4a2d-b2b1-0c68a167f3d9,240,"Cảm ơn chia sẻ của @quan.ly98, rất hữu ích cho người mới như mình.",2024-09-02 20:55:18,2024-11-04 12:43:45
1819,31,0714c841-a675-410e-9c8a-4f53dbaf0f64,402,"Mình không nghĩ vậy, @an.bui66. Phong độ của họ khá thất thường.",2024-08-12 08:12:02,2024-11-15 19:02:51
1176,47,c989f043-1fda-49c3-80df-f91cbb2c9778,951,"Mình nghĩ ngược lại, đây là cơ hội tốt để bắt đáy một số mã tiềm năng.",2025-05-18 01:33:02,2025-06-02 12:16:44
82,38,4433fa69-510c-417c-b819-49c35b6ebd09,,AI đang thay đổi thế giới nhanh hơn chúng ta tưởng.,2024-03-04 20:55:26,2025-05-04 01:53:17
1557,1,890c97b5-b1df-41c1-a192-4f6a6b86c165,,Trận đấu tối qua mãn nhãn thật sự!,2022-03-25 00:20:43,
418,46,010eff4b-ca48-4e8f-9eac-1145aae6b35a,,Cổ phiếu ngành công nghệ đang dẫn dắt thị trường.,2022-02-28 16:20:00,
1109,9,be74f3ec-3189-4022-b23f-1e59efe4bf85,936,"@phuong.vu22, siêu phẩm của cầu thủ đó đúng là không thể tin được!",2025-07-24 02:23:21,2025-07-28 11:09:35
1304,42,3ce44e1a-9a8b-4da5-8152-2970fafb2922,533,"Mình không nghĩ vậy, @chi.vu70. Phong độ của họ khá thất thường.",2025-09-23 22:49:46,2025-09-28 14:54:56
1832,6,adece442-cc7e-40b7-9e85-f0c1817b849e,,Cầu thủ yêu thích của mọi người là ai?,2024-02-16 12:18:08,2024-03-22 17:52:38
519,7,43447286-19ba-4680-a442-17e7e6baaed6,,Mọi người nghĩ sao về thị trường chứng khoán tuần tới?,2025-05-21 05:08:13,2025-10-01 02:51:04
1293,42,7762a243-b058-43c0-8673-e8dec2b7e69a,,Mẫu điện thoại mới ra mắt có đáng tiền không?,2022-05-14 20:24:40,2022-11-14 20:54:45
48,18,33694092-0610-4088-8274-cedd56c1a2ec,28,"Cảm ơn gợi ý của @khanh.tran16, mình sẽ cân nhắc địa điểm này.",2025-08-29 06:42:09,2025-10-10 03:42:52
737,38,6d0ff78f-d123-4e4d-8ad9-f561b7c2bfa1,174,Chính xác! Lối chơi của đội bóng này quá thuyết phục.,2025-08-20 05:24:44,2025-08-22 18:13:14
1123,23,461f4df7-ebed-4c69-8f17-2db9e68af074,,Lãi suất tiết kiệm dạo này có vẻ không hấp dẫn lắm.,2024-10-05 13:41:01,2025-09-23 20:01:14
1325,32,9ee675a6-df62-4830-b7cf-882716155ab2,1114,"Pin của máy này đúng là một điểm trừ lớn, @ha.ngo61 ạ.",2025-03-05 11:34:53,2025-03-08 01:01:18
443,43,9ea02c82-0222-47b0-b7e8-1685eaf1a7d7,347,"Mình nghĩ ngược lại, đây là cơ hội tốt để bắt đáy một số mã tiềm năng.",2025-05-10 09:21:41,2025-08-10 19:46:26
1296,41,7762a243-b058-43c0-8673-e8dec2b7e69a,50,Hoàn toàn đồng ý với @cuong.do38. Tiềm năng của AI là vô hạn.,2025-05-30 07:01:15,2025-06-06 01:20:38
1063,22,7c920e25-1bed-4916-9eb7-ec3877f257d3,70,"Cảm ơn gợi ý của @thanh.nguyen93, mình sẽ cân nhắc địa điểm này.",2024-05-14 11:55:36,2025-03-04 10:10:37
716,30,b191e786-b25e-4774-b46a-d81200752052,669,"Mình vừa cập nhật xong, có vẻ mượt hơn nhưng hơi nóng máy.",2025-08-09 18:34:06,2025-08-23 16:33:11
530,18,6f3311a2-30ea-47fc-816b-00a60a5793c2,316,Bạn @an.ly78 có thể chia sẻ thêm về chi phí được không?,2025-07-09 02:11:21,
891,38,fcc059ed-49fc-406b-92b1-126308905dfa,,Hệ điều hành mới cập nhật có lỗi gì không mọi người?,2022-11-27 09:34:03,2024-08-24 13:32:17
640,15,b8aeaea7-fc15-49e6-9716-0e7a3e47e485,,Cầu thủ yêu thích của mọi người là ai?,2023-02-09 11:44:51,2023-05-01 17:40:44
1824,14,0fbb0e48-77cc-40c0-8a7f-3bc6dcebd879,,Hệ điều hành mới cập nhật có lỗi gì không mọi người?,2022-05-19 16:46:24,
1025,46,6c2b17dc-1858-4419-8276-6599c7b6ed41,621,"Mình nghĩ ngược lại, đây là cơ hội tốt để bắt đáy một số mã tiềm năng.",2024-04-19 13:08:42,2025-03-26 03:08:26
383,44,674d8dfb-d588-4512-8ca9-941665abd3ba,,Hè này nên đi biển nào đẹp mà vắng người nhỉ?,2024-04-01 00:11:08,2024-05-03 08:24:59
1083,17,5e53bdd5-f2c2-4f9b-b4a3-2b6f75fb71a0,151,"Pin của máy này đúng là một điểm trừ lớn, @dung.phan6 ạ.",2025-09-07 19:36:14,2025-09-18 02:37:19
486,34,f80007f3-1699-4187-a951-9485f726f93a,271,"Cảm ơn chia sẻ của @ha.ngo45, rất hữu ích cho người mới như mình.",2025-08-27 01:45:53,2025-09-26 03:07:23
846,42,4dd170a4-98d7-4fff-bfa0-2bf249a5e9b9,,Hè này nên đi biển nào đẹp mà vắng người nhỉ?,2025-08-08 11:44:22,
1448,10,9d4cf3d6-6e24-4b32-a470-d1c9d7ee29a5,1185,Chính xác! Lối chơi của đội bóng này quá thuyết phục.,2025-08-15 04:28:33,
1858,32,1a064d11-5236-4b8a-a25c-ac002772b2ad,,Cổ phiếu ngành công nghệ đang dẫn dắt thị trường.,2024-07-27 19:36:16,2024-11-24 14:38:17
619,48,039c7ae3-9a6f-4f22-867c-a8d4c2115798,,Cầu thủ yêu thích của mọi người là ai?,2025-04-16 01:16:37,2025-09-28 00:31:12
75,29,2cc4a664-5344-4d07-9400-8642f7a67053,,AI đang thay đổi thế giới nhanh hơn chúng ta tưởng.,2022-12-26 04:26:40,2025-09-22 18:23:39
1835,26,adece442-cc7e-40b7-9e85-f0c1817b849e,80,"Pin của máy này đúng là một điểm trừ lớn, @quan.ly33 ạ.",2023-12-29 23:54:25,2024-06-12 04:48:51
1784,14,c3b6ca30-981d-4d63-b9e6-bebe433bb0c1,1561,Chính xác! Lối chơi của đội bóng này quá thuyết phục.,2025-10-12 14:35:29,
810,14,cb00707d-f5d5-4eda-883a-0e9c5fc13d05,106,"Mình nghĩ ngược lại, đây là cơ hội tốt để bắt đáy một số mã tiềm năng.",2025-08-19 11:57:12,2025-10-11 12:32:48
21,41,6b654c3a-4ade-4da9-a267-5c9ab8730007,3,"Pin của máy này đúng là một điểm trừ lớn, @thao.tran50 ạ.",2024-09-26 19:21:35,2025-08-02 05:34:30
1687,37,9fd87b6b-e1d6-4866-80a8-81acf6f4f257,598,"Tôi đồng ý với @son.ly57, giai đoạn này nên cẩn trọng.",2025-09-27 13:24:48,2025-09-30 20:06:21
788,37,02682162-576c-4e38-acc1-3112c0d1b8cc,385,"Mình không nghĩ vậy, @phuong.dang46. Phong độ của họ khá thất thường.",2024-11-01 22:42:25,2025-07-29 17:49:42
606,11,b3fea15e-e79d-47c5-9654-871ab8adf20b,495,Hoàn toàn đồng ý với @nga.nguyen17. Tiềm năng của AI là vô hạn.,2025-08-25 19:08:59,
312,37,a2d5e807-e029-498a-b712-cff822988c18,,Hệ điều hành mới cập nhật có lỗi gì không mọi người?,2023-06-10 22:26:50,2023-11-09 17:24:54
625,17,039c7ae3-9a6f-4f22-867c-a8d4c2115798,423,"Mình vừa cập nhật xong, có vẻ mượt hơn nhưng hơi nóng máy.",2025-09-26 13:00:15,2025-10-12 04:22:09
811,9,cb00707d-f5d5-4eda-883a-0e9c5fc13d05,243,"Pin của máy này đúng là một điểm trừ lớn, @quan.ly98 ạ.",2024-10-09 00:40:13,2024-10-16 22:14:43
1018,38,f7917acf-8898-48f9-9230-807efbf161dd,132,"@uyen.hoang77 nói có lý, đa dạng hóa danh mục là chiến lược an toàn nhất.",2025-03-13 00:47:45,2025-06-12 06:09:43
85,46,4433fa69-510c-417c-b819-49c35b6ebd09,76,"@dung.bui21 nói có lý, đa dạng hóa danh mục là chiến lược an toàn nhất.",2025-05-28 22:03:23,2025-06-11 01:39:29
821,49,b2b47876-8099-4ce4-b666-44e60cfc9229,41,"Mình vừa cập nhật xong, có vẻ mượt hơn nhưng hơi nóng máy.",2024-12-10 04:14:58,2025-10-08 02:10:37
1276,28,fa374107-8ef3-4371-94d5-29decd2b8e52,,"Có ai có kinh nghiệm đầu tư vàng không, chia sẻ cho mình với!",2025-09-20 01:25:03,2025-10-11 02:29:19
184,4,31ed8aee-fc75-4c82-b2fd-79886f7f2975,177,"Tôi đồng ý với @giang.ho49, giai đoạn này nên cẩn trọng.",2024-12-10 14:02:57,2025-03-08 06:59:50
1623,12,4615fdae-422e-4cf2-bf1e-46b8c3c3d7de,,Bạn nghĩ ai sẽ vô địch giải năm nay?,2022-11-14 13:00:58,
363,45,fc164408-145d-450e-84f6-df51ec926eca,119,"Pin của máy này đúng là một điểm trừ lớn, @minh.vu48 ạ.",2025-09-11 18:35:45,
693,31,31031836-669c-4a2d-b2b1-0c68a167f3d9,,Cầu thủ yêu thích của mọi người là ai?,2024-03-16 05:41:01,2025-07-24 11:15:16
111,42,9bc45ca6-ead5-452f-9835-b57f4afa4c6b,2,Hoàn toàn đồng ý với @thao.tran50. Tiềm năng của AI là vô hạn.,2024-02-29 18:26:23,2024-07-02 22:50:47
896,21,5d95432f-fd4f-4afe-a9b4-c848100d686f,254,"Cảm ơn gợi ý của @thanh.dang32, mình sẽ cân nhắc địa điểm này.",2024-10-31 10:11:46,2025-09-03 22:26:49
1481,39,a8255759-7882-4aef-8a4d-72c2db336798,474,Bạn @son.huynh36 có thể chia sẻ thêm về chi phí được không?,2024-07-01 12:48:59,2024-07-09 09:59:50
923,5,d237f7a5-889b-4d82-ba71-5a182faddcfb,457,"Mình nghĩ ngược lại, đây là cơ hội tốt để bắt đáy một số mã tiềm năng.",2024-08-09 15:53:37,2024-12-27 23:12:02
748,19,4a94fc33-9f2a-4411-946b-36e55744c86a,317,"Cảm ơn chia sẻ của @an.ly78, rất hữu ích cho người mới như mình.",2025-05-21 09:20:04,2025-08-23 23:47:43
1929,9,4932a133-4308-4b70-94a3-42ffe287bb72,,"Có ai có kinh nghiệm đầu tư vàng không, chia sẻ cho mình với!",2023-01-26 04:40:59,
1820,33,0fbb0e48-77cc-40c0-8a7f-3bc6dcebd879,1009,Chính xác! Lối chơi của đội bóng này quá thuyết phục.,2025-06-03 18:14:49,2025-07-15 12:32:40
1667,20,665e29a7-8bc4-4988-b103-40afcf4bde3a,61,"Mình nghĩ ngược lại, đây là cơ hội tốt để bắt đáy một số mã tiềm năng.",2023-06-21 00:04:30,2024-01-03 17:24:36
535,2,72d7d5d0-90ce-45d6-aff6-594b45892680,96,"Mình vừa cập nhật xong, có vẻ mượt hơn nhưng hơi nóng máy.",2025-01-26 11:57:07,
624,29,039c7ae3-9a6f-4f22-867c-a8d4c2115798,,Hệ điều hành mới cập nhật có lỗi gì không mọi người?,2022-04-23 00:52:03,2024-07-22 03:47:11
1797,28,7afacbe8-4df4-46b9-a1f3-945294431bb0,,Mình đang tìm review chi tiết về chuyến đi Hà Giang.,2023-02-02 01:39:20,
1194,5,80a5f18d-bdd2-40f9-80db-38bbba7c030f,,"Có ai có kinh nghiệm đầu tư vàng không, chia sẻ cho mình với!",2023-10-03 10:51:21,2024-04-18 11:17:00
1138,50,cbfb55b3-3380-4ef8-951b-8cb61c37e9d6,,Hè này nên đi biển nào đẹp mà vắng người nhỉ?,2023-06-05 23:22:49,2025-06-02 19:18:31
1581,6,f1c8d0c6-0d8a-4442-87f3-76a3350c696f,900,Chính xác! Lối chơi của đội bóng này quá thuyết phục.,2024-11-23 11:52:42,2024-11-29 07:06:53
1493,9,07f8cbfc-da67-4091-8c29-807a6e51702d,905,"Mình nghĩ ngược lại, đây là cơ hội tốt để bắt đáy một số mã tiềm năng.",2025-07-06 17:11:21,2025-09-13 09:54:53
480,13,f80007f3-1699-4187-a951-9485f726f93a,11,"Pin của máy này đúng là một điểm trừ lớn, @phuong.nguyen29 ạ.",2025-10-08 00:35:41,2025-10-10 08:41:14
215,25,da97631f-a81c-4c05-b568-75b060d3146c,,Mẫu điện thoại mới ra mắt có đáng tiền không?,2022-07-05 20:57:44,
182,33,26221568-2dd9-4f97-87cc-30caf520e300,,Lãi suất tiết kiệm dạo này có vẻ không hấp dẫn lắm.,2023-07-08 11:37:00,2025-03-21 18:34:10
342,17,84e33ae0-3e05-49c9-8493-a57f9083ea0f,,Hè này nên đi biển nào đẹp mà vắng người nhỉ?,2021-08-16 20:23:57,
789,37,02682162-576c-4e38-acc1-3112c0d1b8cc,,Hè này nên đi biển nào đẹp mà vắng người nhỉ?,2022-04-14 07:31:32,
156,47,c2b7fb43-1a1f-43be-bb58-459a6035034c,,Mẫu điện thoại mới ra mắt có đáng tiền không?,2024-03-16 02:56:29,2025-10-06 12:22:30
1519,15,d253c5c7-9841-4c5a-b9b8-e48ccdef41c6,997,"Pin của máy này đúng là một điểm trừ lớn, @anh.ho88 ạ.",2025-02-14 06:26:34,2025-09-11 05:47:47
971,15,ac2f79b5-3bce-4b00-bf99-69ae46a13db3,,AI đang thay đổi thế giới nhanh hơn chúng ta tưởng.,2024-02-25 06:48:19,2024-05-11 20:03:35
361,31,fc164408-145d-450e-84f6-df51ec926eca,,Mẫu điện thoại mới ra mắt có đáng tiền không?,2021-02-15 18:25:20,2021-11-06 17:08:53
1940,25,4932a133-4308-4b70-94a3-42ffe287bb72,405,Chính xác! Lối chơi của đội bóng này quá thuyết phục.,2025-05-19 23:57:30,2025-08-03 14:10:12
1100,30,37848612-cce9-420c-b9c5-165185a1cf47,,Mẫu điện thoại mới ra mắt có đáng tiền không?,2025-06-12 10:51:01,2025-08-07 11:24:04
1377,46,425306e0-588b-4e46-b172-a24a9fb85667,353,"Pin của máy này đúng là một điểm trừ lớn, @cuong.nguyen2 ạ.",2023-08-22 22:58:43,2023-10-14 04:52:08
995,39,27171e8b-0e9d-4d94-b60f-0414e202474e,989,"Mình cũng từng đến đó, cảnh đẹp thực sự nhưng dịch vụ chưa tốt lắm.",2025-10-12 00:32:18,
491,12,b592d1cc-e74f-4760-bf41-ef1dea7a3534,373,"Mình vừa cập nhật xong, có vẻ mượt hơn nhưng hơi nóng máy.",2025-10-12 13:57:13,
1003,45,b750f3e9-2058-44de-8f1d-581034609513,67,"Mình cũng từng đến đó, cảnh đẹp thực sự nhưng dịch vụ chưa tốt lắm.",2025-02-19 00:11:12,2025-10-08 11:03:06
507,22,1866def4-c854-4bcc-a696-595f48c456c7,,Bạn nghĩ ai sẽ vô địch giải năm nay?,2024-07-03 09:22:30,2024-10-04 02:17:39
1022,18,f7917acf-8898-48f9-9230-807efbf161dd,,AI đang thay đổi thế giới nhanh hơn chúng ta tưởng.,2025-08-24 07:13:42,2025-10-08 01:09:12
192,23,31ed8aee-fc75-4c82-b2fd-79886f7f2975,134,"Mình cũng từng đến đó, cảnh đẹp thực sự nhưng dịch vụ chưa tốt lắm.",2024-06-14 20:34:35,
1223,9,7343136b-2e88-4971-b8fa-5c716baf69c5,1016,"@anh.tran72, siêu phẩm của cầu thủ đó đúng là không thể tin được!",2024-03-25 13:08:09,
1537,46,b76402a1-b85b-40a3-b858-c954f5f0c5a6,,Mọi người nghĩ sao về thị trường chứng khoán tuần tới?,2021-03-17 01:40:16,2024-05-14 12:53:42
1848,13,0d19b59f-5a3d-4058-8fdb-1c3304aca010,11,Hoàn toàn đồng ý với @phuong.nguyen29. Tiềm năng của AI là vô hạn.,2025-10-08 00:04:38,2025-10-09 01:15:45
96,2,23b59c80-4a91-47ee-b051-7eacf6f2ca41,,Mẫu điện thoại mới ra mắt có đáng tiền không?,2024-07-11 21:54:12,2025-05-24 01:57:04
867,18,5f39590f-e3eb-4b91-80f9-8c5b67dc03dc,93,"@linh.nguyen73 nói có lý, đa dạng hóa danh mục là chiến lược an toàn nhất.",2025-10-06 01:25:01,2025-10-12 01:13:07
210,3,da97631f-a81c-4c05-b568-75b060d3146c,185,"Mình cũng từng đến đó, cảnh đẹp thực sự nhưng dịch vụ chưa tốt lắm.",2025-05-27 22:11:57,2025-09-10 17:07:47
462,1,3d597ea0-7f18-489a-8855-e09c59ba9241,91,"Mình cũng từng đến đó, cảnh đẹp thực sự nhưng dịch vụ chưa tốt lắm.",2024-07-01 22:27:54,2025-09-10 06:37:42
587,6,a47cdb13-8db0-4494-bf08-a08f41f97b02,23,"Cảm ơn gợi ý của @huy.phan72, mình sẽ cân nhắc địa điểm này.",2022-05-01 10:18:35,2022-10-23 22:00:32
1877,18,5faa0c5e-ef10-4b57-9a7d-9e2d69316dd5,93,"@linh.nguyen73, siêu phẩm của cầu thủ đó đúng là không thể tin được!",2025-10-11 18:57:31,
20,9,6b654c3a-4ade-4da9-a267-5c9ab8730007,,Cầu thủ yêu thích của mọi người là ai?,2024-10-31 13:54:17,2025-04-26 14:17:21
1587,6,de2a2b2d-ecf8-4c2c-894b-ddf63680f99a,,AI đang thay đổi thế giới nhanh hơn chúng ta tưởng.,2023-11-11 20:00:14,2025-06-01 04:06:57
843,11,4dd170a4-98d7-4fff-bfa0-2bf249a5e9b9,25,"Mình cũng từng đến đó, cảnh đẹp thực sự nhưng dịch vụ chưa tốt lắm.",2023-07-03 05:17:35,2023-12-11 03:20:25
1244,38,e837d69b-6aba-49f1-a605-f9a6acc535c9,1018,Hoàn toàn đồng ý với @anh.tran72. Tiềm năng của AI là vô hạn.,2025-07-14 03:26:00,
673,10,efc806fe-553d-41b2-9be3-0c55e6416007,,Bạn nghĩ ai sẽ vô địch giải năm nay?,2025-03-22 17:44:46,2025-04-14 19:52:30
639,23,b8aeaea7-fc15-49e6-9716-0e7a3e47e485,134,"Mình không nghĩ vậy, @uyen.hoang77. Phong độ của họ khá thất thường.",2023-12-03 15:27:27,2024-02-04 06:30:36
1631,8,4615fdae-422e-4cf2-bf1e-46b8c3c3d7de,,Mẫu điện thoại mới ra mắt có đáng tiền không?,2021-09-29 17:39:08,
347,43,2ce01aad-5a0e-481d-b48c-382fe9a44381,,Ai có kinh nghiệm du lịch một mình không?,2023-05-26 18:05:24,2024-12-23 03:20:19
261,50,3659ba56-1673-4e28-a06e-494184f2b2f1,,Trận đấu tối qua mãn nhãn thật sự!,2023-01-15 21:15:55,2024-06-18 06:35:02
208,29,f71236dc-e977-45d8-96b4-d2b25a04b364,,Ai có kinh nghiệm du lịch một mình không?,2023-10-20 01:55:51,2024-01-09 00:32:38
1898,42,be842cff-a287-403f-8e0e-435ce85830f5,846,"Cảm ơn chia sẻ của @hieu.dang14, rất hữu ích cho người mới như mình.",2025-09-03 04:22:24,2025-09-20 03:31:19
1538,22,d0ae899a-a47e-40e7-a1d6-d1535cd14050,,Mình đang tìm review chi tiết về chuyến đi Hà Giang.,2024-05-02 17:53:02,
727,43,03131c47-3d3b-4c55-9335-ba7174b609bb,,Bạn nghĩ ai sẽ vô địch giải năm nay?,2023-03-22 16:55:12,2025-06-20 19:43:23
1458,46,bf46abbb-42e1-4a7b-a932-a518c66f6f1b,1211,"Mình nghĩ ngược lại, đây là cơ hội tốt để bắt đáy một số mã tiềm năng.",2025-09-14 15:00:09,
1247,9,e837d69b-6aba-49f1-a605-f9a6acc535c9,1125,"@trung.duong7 nói có lý, đa dạng hóa danh mục là chiến lược an toàn nhất.",2025-10-12 13:17:58,
1880,32,5faa0c5e-ef10-4b57-9a7d-9e2d69316dd5,1545,Hoàn toàn đồng ý với @lan.ly14. Tiềm năng của AI là vô hạn.,2025-09-04 11:59:39,2025-10-08 08:55:59
964,2,ac2f79b5-3bce-4b00-bf99-69ae46a13db3,947,"Mình không nghĩ vậy, @ngoc.phan89. Phong độ của họ khá thất thường.",2025-03-09 12:47:25,2025-05-10 07:50:02
1091,11,8b62d81c-10ea-4575-8b2e-5f56f3a99119,,Lãi suất tiết kiệm dạo này có vẻ không hấp dẫn lắm.,2022-08-28 00:12:07,2022-11-11 02:19:25
786,13,02682162-576c-4e38-acc1-3112c0d1b8cc,,AI đang thay đổi thế giới nhanh hơn chúng ta tưởng.,2021-10-05 16:13:21,2022-02-15 01:41:15
377,23,674d8dfb-d588-4512-8ca9-941665abd3ba,311,"Tôi đồng ý với @thao.le45, giai đoạn này nên cẩn trọng.",2022-10-19 18:17:52,2023-03-08 18:54:54
1694,28,9fd87b6b-e1d6-4866-80a8-81acf6f4f257,,Mình đang tìm review chi tiết về chuyến đi Hà Giang.,2022-02-15 04:50:49,2024-06-17 05:31:33
1571,5,16136f3a-0c6c-42ed-8d77-265734a470f9,,Trận đấu tối qua mãn nhãn thật sự!,2022-04-25 11:40:22,2025-07-16 12:29:14
1267,49,67110453-c058-44ab-9f08-5c921b596755,1232,Hoàn toàn đồng ý với @dung.ho58. Tiềm năng của AI là vô hạn.,2025-07-08 11:40:07,
836,15,9337146c-7a85-4297-93f9-527dae26627c,,Trận đấu tối qua mãn nhãn thật sự!,2023-03-11 20:08:46,
1435,27,baf3ea12-992f-4397-8b59-b2fd97ab99e6,684,"Tôi đồng ý với @hung.le27, giai đoạn này nên cẩn trọng.",2025-07-14 09:21:04,2025-10-06 22:03:51
144,11,f0f22b95-c10f-42e1-92b4-bcb0899b945e,25,"Pin của máy này đúng là một điểm trừ lớn, @huy.phan72 ạ.",2025-05-16 10:23:21,2025-08-27 10:18:26
1105,16,37848612-cce9-420c-b9c5-165185a1cf47,,Cầu thủ yêu thích của mọi người là ai?,2024-05-03 13:22:30,2024-08-29 14:58:19
771,5,71559a06-dc20-4bd6-a856-b7d3dfc7342c,683,Chính xác! Lối chơi của đội bóng này quá thuyết phục.,2025-10-11 02:01:03,
1035,3,6c2b17dc-1858-4419-8276-6599c7b6ed41,844,"Cảm ơn chia sẻ của @hieu.dang14, rất hữu ích cho người mới như mình.",2025-09-12 20:49:59,2025-09-23 01:57:05
1161,27,a475ef2c-d5c9-48a4-83ef-d04d1595b97e,556,"Mình không nghĩ vậy, @vy.vo57. Phong độ của họ khá thất thường.",2024-03-03 08:30:34,2024-06-08 12:35:25
915,18,eea6a721-d4a0-472a-89df-4aab251135fd,604,"@quan.dang49, siêu phẩm của cầu thủ đó đúng là không thể tin được!",2022-02-18 19:17:32,2022-12-17 10:25:44
330,27,2d377520-e359-48c2-b2d6-cf0de98f9cce,,Hệ điều hành mới cập nhật có lỗi gì không mọi người?,2021-06-13 14:50:40,2024-01-07 01:27:48
1442,37,baf3ea12-992f-4397-8b59-b2fd97ab99e6,312,"@thao.le45, siêu phẩm của cầu thủ đó đúng là không thể tin được!",2023-11-23 17:46:33,
808,2,c25a8e93-9bf2-4c5f-a2ce-e12169e11ad0,96,"Mình nghĩ ngược lại, đây là cơ hội tốt để bắt đáy một số mã tiềm năng.",2024-09-14 17:23:30,2025-06-25 07:01:25
1509,47,83985159-bd84-419d-bf60-254aebb0262f,,Mọi người nghĩ sao về thị trường chứng khoán tuần tới?,2023-04-13 19:57:59,2024-03-16 21:28:38
422,28,010eff4b-ca48-4e8f-9eac-1145aae6b35a,,Mọi người nghĩ sao về thị trường chứng khoán tuần tới?,2025-02-05 18:03:13,
1457,2,bf46abbb-42e1-4a7b-a932-a518c66f6f1b,288,Hoàn toàn đồng ý với @an.huynh11. Tiềm năng của AI là vô hạn.,2025-08-29 04:17:39,2025-10-05 21:24:12
1074,1,5e53bdd5-f2c2-4f9b-b4a3-2b6f75fb71a0,91,Hoàn toàn đồng ý với @linh.nguyen73. Tiềm năng của AI là vô hạn.,2024-01-27 16:43:25,2025-07-26 19:46:42
1085,29,5e53bdd5-f2c2-4f9b-b4a3-2b6f75fb71a0,101,"Tôi đồng ý với @nam.nguyen21, giai đoạn này nên cẩn trọng.",2024-05-21 00:10:40,
647,24,b8aeaea7-fc15-49e6-9716-0e7a3e47e485,247,"Cảm ơn chia sẻ của @thanh.dang32, rất hữu ích cho người mới như mình.",2024-08-19 22:03:30,2025-03-04 18:59:14
699,8,3f4ede28-9173-47ec-922c-2bdad505777f,,"Có ai có kinh nghiệm đầu tư vàng không, chia sẻ cho mình với!",2023-11-09 05:56:18,
1205,5,54f99967-b1e7-4381-a84b-b371f4dca18b,,"Có ai có kinh nghiệm đầu tư vàng không, chia sẻ cho mình với!",2023-10-24 11:17:54,2024-02-16 19:37:07
641,21,b8aeaea7-fc15-49e6-9716-0e7a3e47e485,203,Bạn @huy.phan78 có thể chia sẻ thêm về chi phí được không?,2025-01-08 14:24:03,2025-03-04 12:37:59
1015,34,f7917acf-8898-48f9-9230-807efbf161dd,271,"Mình nghĩ ngược lại, đây là cơ hội tốt để bắt đáy một số mã tiềm năng.",2025-10-07 18:18:03,2025-10-08 06:49:21
663,3,b056bf4f-5fca-41ed-a4d6-4e80beeb7d9b,236,"Cảm ơn gợi ý của @quan.ly98, mình sẽ cân nhắc địa điểm này.",2025-09-23 13:08:47,2025-10-08 08:14:28
1043,16,3a9f9977-8f1f-4051-8b13-6a3ce848d0fa,,Mẫu điện thoại mới ra mắt có đáng tiền không?,2023-05-21 22:49:57,2024-09-22 16:26:31
1772,6,b13543fe-01b6-461e-a0ca-69f31cc0aa2d,23,"Mình không nghĩ vậy, @huy.phan72. Phong độ của họ khá thất thường.",2023-10-06 15:46:52,2025-05-20 08:26:04
1023,8,f7917acf-8898-48f9-9230-807efbf161dd,44,"Mình nghĩ ngược lại, đây là cơ hội tốt để bắt đáy một số mã tiềm năng.",2022-07-15 21:42:57,
70,22,6fa3fa03-a468-4ae0-8789-2f0d52493a6a,,Trận đấu tối qua mãn nhãn thật sự!,2021-01-13 16:38:27,
89,16,23b59c80-4a91-47ee-b051-7eacf6f2ca41,73,"Mình cũng từng đến đó, cảnh đẹp thực sự nhưng dịch vụ chưa tốt lắm.",2024-03-04 12:47:53,2025-02-21 03:19:44
1351,18,b267cf12-0d28-491b-b821-12def71bd372,93,Bạn @linh.nguyen73 có thể chia sẻ thêm về chi phí được không?,2025-10-12 01:49:38,
1252,37,6f0a44cd-03bc-4d05-89e8-677b1a1c9629,,Ai có kinh nghiệm du lịch một mình không?,2022-10-30 01:16:13,2023-02-11 11:14:50
1265,36,67110453-c058-44ab-9f08-5c921b596755,1122,Bạn @trung.duong7 có thể chia sẻ thêm về chi phí được không?,2025-10-12 08:02:19,
114,48,9bc45ca6-ead5-452f-9835-b57f4afa4c6b,90,"@linh.nguyen73, siêu phẩm của cầu thủ đó đúng là không thể tin được!",2025-09-06 18:12:04,2025-10-05 22:16:40
303,5,345fa40b-a3ba-4e25-9f11-e2887cfbfacb,262,"Mình cũng từng đến đó, cảnh đẹp thực sự nhưng dịch vụ chưa tốt lắm.",2025-06-08 00:13:37,
1472,14,e81305a7-21a8-4641-ae75-8018bfc3feb4,984,"Pin của máy này đúng là một điểm trừ lớn, @trung.phan13 ạ.",2025-03-15 02:49:03,2025-07-13 13:22:05
511,2,1866def4-c854-4bcc-a696-595f48c456c7,288,Bạn @an.huynh11 có thể chia sẻ thêm về chi phí được không?,2025-04-08 05:12:03,2025-06-01 04:32:25
1040,17,3a9f9977-8f1f-4051-8b13-6a3ce848d0fa,,Mình đang tìm review chi tiết về chuyến đi Hà Giang.,2021-03-06 23:45:23,2025-06-07 18:04:36
190,7,31ed8aee-fc75-4c82-b2fd-79886f7f2975,12,"@phuong.nguyen29 nói có lý, đa dạng hóa danh mục là chiến lược an toàn nhất.",2025-07-20 05:52:39,2025-08-20 05:20:14
1143,48,cbfb55b3-3380-4ef8-951b-8cb61c37e9d6,331,"Mình không nghĩ vậy, @giang.pham59. Phong độ của họ khá thất thường.",2024-04-25 15:41:14,2025-09-28 20:18:22
1366,44,981e5ea6-b2ae-4aad-a217-f3999a1eca3b,,"Có ai có kinh nghiệm đầu tư vàng không, chia sẻ cho mình với!",2023-08-04 16:30:59,2024-01-02 15:37:19
1652,41,f628255e-4b29-4bd5-9cf2-211976e376f7,767,"Mình cũng từng đến đó, cảnh đẹp thực sự nhưng dịch vụ chưa tốt lắm.",2025-08-04 10:08:02,2025-08-25 12:10:36
1096,43,37848612-cce9-420c-b9c5-165185a1cf47,552,Bạn @vy.vo57 có thể chia sẻ thêm về chi phí được không?,2025-09-11 22:39:35,2025-09-22 17:55:51
1186,20,80a5f18d-bdd2-40f9-80db-38bbba7c030f,,Trận đấu tối qua mãn nhãn thật sự!,2022-05-18 05:41:35,2025-09-15 03:09:22
1108,30,be74f3ec-3189-4022-b23f-1e59efe4bf85,356,Hoàn toàn đồng ý với @cuong.nguyen2. Tiềm năng của AI là vô hạn.,2024-11-28 01:53:32,2025-07-04 23:34:34
1378,19,425306e0-588b-4e46-b172-a24a9fb85667,931,"Pin của máy này đúng là một điểm trừ lớn, @trung.phan58 ạ.",2022-08-07 20:51:40,2025-06-26 23:06:28
1638,10,8dc985de-9394-4139-9ad1-37987eaf5e6a,1524,Hoàn toàn đồng ý với @ngoc.huynh8. Tiềm năng của AI là vô hạn.,2023-03-09 06:33:37,2025-07-25 22:11:46
1750,50,c22e109c-a0b9-4658-9be1-5cb534b5abdd,261,"Cảm ơn chia sẻ của @vy.hoang43, rất hữu ích cho người mới như mình.",2023-12-04 11:42:16,2025-06-27 11:18:46
1778,7,c3b6ca30-981d-4d63-b9e6-bebe433bb0c1,686,"@dung.ngo80, siêu phẩm của cầu thủ đó đúng là không thể tin được!",2025-10-08 23:01:00,2025-10-12 13:31:47
1594,19,de2a2b2d-ecf8-4c2c-894b-ddf63680f99a,931,"Cảm ơn chia sẻ của @trung.phan58, rất hữu ích cho người mới như mình.",2025-06-04 22:41:46,2025-09-26 15:35:18
1563,19,890c97b5-b1df-41c1-a192-4f6a6b86c165,,Ai có kinh nghiệm du lịch một mình không?,2021-01-12 02:58:51,2023-07-13 13:37:03
1501,18,f4e8c5e8-1322-4d81-8395-e0d785d687f5,,Hè này nên đi biển nào đẹp mà vắng người nhỉ?,2023-11-12 22:59:25,2024-12-08 15:43:24
668,46,b056bf4f-5fca-41ed-a4d6-4e80beeb7d9b,353,Chính xác! Lối chơi của đội bóng này quá thuyết phục.,2024-02-18 23:27:10,2025-01-08 13:50:10
1716,14,470e881c-26f1-4872-8ce1-f347784a6267,787,Hoàn toàn đồng ý với @quan.tran70. Tiềm năng của AI là vô hạn.,2025-08-22 18:10:54,2025-09-02 19:16:51
580,35,0476ace2-36fe-49be-b038-85d603426a3b,126,"Mình không nghĩ vậy, @long.pham43. Phong độ của họ khá thất thường.",2025-10-03 23:11:33,2025-10-05 04:31:15
585,32,a47cdb13-8db0-4494-bf08-a08f41f97b02,,Mọi người nghĩ sao về thị trường chứng khoán tuần tới?,2021-04-26 05:53:27,2022-10-01 18:42:10
631,20,b90b4730-cfb7-453d-8f46-364d39e9693c,362,Bạn @uyen.nguyen28 có thể chia sẻ thêm về chi phí được không?,2024-07-26 15:02:17,
1102,5,37848612-cce9-420c-b9c5-165185a1cf47,457,Bạn @mai.ngo85 có thể chia sẻ thêm về chi phí được không?,2023-01-14 00:55:38,
1115,34,be74f3ec-3189-4022-b23f-1e59efe4bf85,294,"@dung.do40, siêu phẩm của cầu thủ đó đúng là không thể tin được!",2025-03-21 09:17:45,
1859,24,1a064d11-5236-4b8a-a25c-ac002772b2ad,756,"Cảm ơn chia sẻ của @dung.ho16, rất hữu ích cho người mới như mình.",2024-03-27 03:22:41,
1400,43,e82426f4-ca2c-44a2-9725-ed860ac12326,731,Bạn @huy.dang91 có thể chia sẻ thêm về chi phí được không?,2025-06-23 01:30:19,2025-09-29 01:10:36
1933,36,4932a133-4308-4b70-94a3-42ffe287bb72,66,"Tôi đồng ý với @thanh.nguyen93, giai đoạn này nên cẩn trọng.",2025-01-15 06:13:25,
705,21,3f4ede28-9173-47ec-922c-2bdad505777f,381,"Mình nghĩ ngược lại, đây là cơ hội tốt để bắt đáy một số mã tiềm năng.",2025-04-23 04:56:20,2025-09-21 16:16:03
97,22,068b8c0a-8f78-423d-b293-1ad31d4ada34,70,"Mình cũng từng đến đó, cảnh đẹp thực sự nhưng dịch vụ chưa tốt lắm.",2022-01-20 22:50:11,2025-05-07 13:43:27
129,25,558cdd20-e089-414a-b7bd-18fca64d2608,33,"Mình không nghĩ vậy, @khanh.tran16. Phong độ của họ khá thất thường.",2024-09-13 22:00:40,2025-02-01 23:24:16
187,12,31ed8aee-fc75-4c82-b2fd-79886f7f2975,9,"Cảm ơn gợi ý của @phuong.nguyen29, mình sẽ cân nhắc địa điểm này.",2024-08-29 06:00:56,
1240,33,e837d69b-6aba-49f1-a605-f9a6acc535c9,591,Bạn @quan.ho94 có thể chia sẻ thêm về chi phí được không?,2023-10-26 06:03:50,2025-08-07 19:29:25
485,27,f80007f3-1699-4187-a951-9485f726f93a,266,Hoàn toàn đồng ý với @vy.hoang43. Tiềm năng của AI là vô hạn.,2025-07-10 16:51:53,
1430,2,dd030d04-62d8-4be3-b442-614741d98e47,410,"Tôi đồng ý với @an.bui66, giai đoạn này nên cẩn trọng.",2025-09-06 03:38:25,2025-09-12 23:15:28
1466,12,bf46abbb-42e1-4a7b-a932-a518c66f6f1b,373,Chính xác! Lối chơi của đội bóng này quá thuyết phục.,2025-10-12 13:56:54,
385,37,674d8dfb-d588-4512-8ca9-941665abd3ba,54,"Mình cũng từng đến đó, cảnh đẹp thực sự nhưng dịch vụ chưa tốt lắm.",2023-11-15 00:16:53,
1569,45,16136f3a-0c6c-42ed-8d77-265734a470f9,333,"@giang.pham59, siêu phẩm của cầu thủ đó đúng là không thể tin được!",2025-08-20 23:33:19,2025-10-08 04:14:20
1218,28,7343136b-2e88-4971-b8fa-5c716baf69c5,,"Có ai có kinh nghiệm đầu tư vàng không, chia sẻ cho mình với!",2025-06-23 16:22:50,2025-08-25 21:47:18
1119,49,be74f3ec-3189-4022-b23f-1e59efe4bf85,,Cầu thủ yêu thích của mọi người là ai?,2021-09-27 03:26:15,2023-09-02 12:43:30
842,35,4dd170a4-98d7-4fff-bfa0-2bf249a5e9b9,634,"Mình không nghĩ vậy, @giang.dang12. Phong độ của họ khá thất thường.",2025-10-12 14:17:41,
318,47,03023a08-98b0-4a9c-9562-584d7c7624c1,176,"Mình cũng từng đến đó, cảnh đẹp thực sự nhưng dịch vụ chưa tốt lắm.",2025-08-16 19:22:31,2025-09-21 16:19:32
984,14,090e12ce-980c-4f11-8812-340313f78ed0,106,"Cảm ơn gợi ý của @phong.le95, mình sẽ cân nhắc địa điểm này.",2024-12-14 07:36:58,2025-07-05 04:04:04
553,37,1ebf4471-9f75-4659-9a9d-92b65442f2cf,357,Hoàn toàn đồng ý với @cuong.nguyen2. Tiềm năng của AI là vô hạn.,2024-08-29 04:51:34,2025-01-22 10:15:31
1455,43,369d43ef-b7dc-4d07-a5e9-a5fd0103d13b,,Mẫu điện thoại mới ra mắt có đáng tiền không?,2022-11-23 02:37:27,
1680,3,44c69e12-ec0a-4b17-a693-1f046beb4922,1647,"Cảm ơn chia sẻ của @vy.nguyen10, rất hữu ích cho người mới như mình.",2025-10-12 12:22:01,
509,9,1866def4-c854-4bcc-a696-595f48c456c7,304,"Tôi đồng ý với @an.pham92, giai đoạn này nên cẩn trọng.",2024-10-05 06:41:59,2025-08-17 00:20:23
281,22,82c35ed5-c8c5-48f3-97ed-b3ced4113a1b,231,"Cảm ơn chia sẻ của @nga.bui96, rất hữu ích cho người mới như mình.",2025-06-19 22:40:34,2025-06-23 10:41:50
242,6,45d67185-7732-46ce-b99c-93197a66fb41,98,"Mình không nghĩ vậy, @nam.nguyen21. Phong độ của họ khá thất thường.",2024-05-21 04:00:33,2025-05-24 08:46:26
438,12,4fec1d3b-ecb4-4afd-bc73-90260504daae,298,"Cảm ơn gợi ý của @dung.do40, mình sẽ cân nhắc địa điểm này.",2025-10-12 14:26:11,
1382,11,ea410176-f32c-4a93-b7bb-88f45b627720,398,"Cảm ơn gợi ý của @long.do30, mình sẽ cân nhắc địa điểm này.",2024-05-26 04:44:06,2024-07-22 04:10:13
1757,16,c22e109c-a0b9-4658-9be1-5cb534b5abdd,1363,"Mình không nghĩ vậy, @yen.le9. Phong độ của họ khá thất thường.",2025-03-26 22:31:33,2025-06-13 01:54:58
23,6,5c732c78-6c05-4d6b-9a31-adc02ce52b1f,,Mẫu điện thoại mới ra mắt có đáng tiền không?,2021-04-17 06:58:24,
873,18,63ae476b-8130-4f9f-a3b1-94840053357c,604,"Mình vừa cập nhật xong, có vẻ mượt hơn nhưng hơi nóng máy.",2024-02-18 00:45:33,
758,3,94c76233-4baa-4ee0-a608-23aa9e3f0d10,500,"Pin của máy này đúng là một điểm trừ lớn, @nga.nguyen17 ạ.",2025-10-10 10:48:39,2025-10-12 11:43:18
1847,40,0d19b59f-5a3d-4058-8fdb-1c3304aca010,,Hè này nên đi biển nào đẹp mà vắng người nhỉ?,2022-12-24 13:46:20,
497,24,7ec5de65-3d71-4efc-a56e-49ddf8096a1a,175,"Mình cũng từng đến đó, cảnh đẹp thực sự nhưng dịch vụ chưa tốt lắm.",2023-09-26 16:59:30,2024-08-09 11:10:49
589,44,a47cdb13-8db0-4494-bf08-a08f41f97b02,314,"@thao.le45, siêu phẩm của cầu thủ đó đúng là không thể tin được!",2025-06-21 14:16:12,2025-10-06 13:59:41
749,50,4a94fc33-9f2a-4411-946b-36e55744c86a,674,Chính xác! Lối chơi của đội bóng này quá thuyết phục.,2025-08-10 05:23:57,2025-10-11 00:54:42
1644,24,8dc985de-9394-4139-9ad1-37987eaf5e6a,,Mình đang tìm review chi tiết về chuyến đi Hà Giang.,2021-02-10 09:05:54,2021-04-29 13:13:55
1133,42,461f4df7-ebed-4c69-8f17-2db9e68af074,,Mình đang tìm review chi tiết về chuyến đi Hà Giang.,2025-07-04 17:20:05,2025-08-19 04:03:08
1676,34,44c69e12-ec0a-4b17-a693-1f046beb4922,1426,"Cảm ơn gợi ý của @dung.bui17, mình sẽ cân nhắc địa điểm này.",2025-09-26 15:21:29,2025-10-08 06:10:31
143,25,f0f22b95-c10f-42e1-92b4-bcb0899b945e,129,"Mình nghĩ ngược lại, đây là cơ hội tốt để bắt đáy một số mã tiềm năng.",2025-02-13 16:42:11,
1147,42,cbfb55b3-3380-4ef8-951b-8cb61c37e9d6,286,"Mình cũng từng đến đó, cảnh đẹp thực sự nhưng dịch vụ chưa tốt lắm.",2025-04-01 10:34:04,2025-10-10 04:33:59
317,19,03023a08-98b0-4a9c-9562-584d7c7624c1,,Mẫu điện thoại mới ra mắt có đáng tiền không?,2024-01-15 22:31:07,2025-09-11 02:23:00
231,22,5403dc51-6709-460c-90b3-8e9abebce43a,112,Bạn @an.duong29 có thể chia sẻ thêm về chi phí được không?,2024-05-22 01:14:55,2025-10-03 13:23:16
1498,16,f4e8c5e8-1322-4d81-8395-e0d785d687f5,,Lãi suất tiết kiệm dạo này có vẻ không hấp dẫn lắm.,2021-07-24 12:06:47,2023-02-20 12:02:47
451,33,3d597ea0-7f18-489a-8855-e09c59ba9241,,Mình đang tìm review chi tiết về chuyến đi Hà Giang.,2024-09-21 12:28:15,2025-06-18 06:11:52
1469,33,bf46abbb-42e1-4a7b-a932-a518c66f6f1b,1009,Chính xác! Lối chơi của đội bóng này quá thuyết phục.,2025-06-04 18:27:39,
1019,4,f7917acf-8898-48f9-9230-807efbf161dd,710,Bạn @binh.bui59 có thể chia sẻ thêm về chi phí được không?,2025-09-12 23:12:07,2025-09-23 22:09:51
1539,3,d0ae899a-a47e-40e7-a1d6-d1535cd14050,465,"Tôi đồng ý với @quan.tran78, giai đoạn này nên cẩn trọng.",2025-10-12 07:36:25,
1838,15,adece442-cc7e-40b7-9e85-f0c1817b849e,1465,"Pin của máy này đúng là một điểm trừ lớn, @cuong.nguyen87 ạ.",2024-12-09 12:00:36,2025-03-19 05:34:41
637,22,b90b4730-cfb7-453d-8f46-364d39e9693c,281,"Cảm ơn chia sẻ của @tuan.vo80, rất hữu ích cho người mới như mình.",2025-08-07 23:38:32,2025-09-28 11:39:24
1088,38,8b62d81c-10ea-4575-8b2e-5f56f3a99119,82,"Cảm ơn gợi ý của @quan.ly33, mình sẽ cân nhắc địa điểm này.",2025-01-14 19:24:31,2025-07-16 12:24:10
627,28,b90b4730-cfb7-453d-8f46-364d39e9693c,10,"Mình nghĩ ngược lại, đây là cơ hội tốt để bắt đáy một số mã tiềm năng.",2022-03-10 01:19:13,2024-01-01 16:41:40
743,27,4a94fc33-9f2a-4411-946b-36e55744c86a,323,"Mình không nghĩ vậy, @giang.pham59. Phong độ của họ khá thất thường.",2023-05-22 05:29:58,
1803,7,4468bf7b-945c-46a2-a3dc-a29b8c8a0171,517,"Mình không nghĩ vậy, @anh.vo75. Phong độ của họ khá thất thường.",2025-09-29 02:45:46,2025-10-03 10:56:26
831,8,b2b47876-8099-4ce4-b666-44e60cfc9229,607,"Mình cũng từng đến đó, cảnh đẹp thực sự nhưng dịch vụ chưa tốt lắm.",2025-07-11 21:39:33,
1751,25,c22e109c-a0b9-4658-9be1-5cb534b5abdd,1494,"Mình cũng từng đến đó, cảnh đẹp thực sự nhưng dịch vụ chưa tốt lắm.",2025-09-19 05:43:26,2025-09-22 19:00:54
1373,50,425306e0-588b-4e46-b172-a24a9fb85667,,Bạn nghĩ ai sẽ vô địch giải năm nay?,2022-11-24 01:30:41,2024-07-13 01:25:25
1080,23,5e53bdd5-f2c2-4f9b-b4a3-2b6f75fb71a0,639,"@phuc.ngo62, siêu phẩm của cầu thủ đó đúng là không thể tin được!",2023-12-19 08:15:27,2024-10-06 02:17:37
1195,4,80a5f18d-bdd2-40f9-80db-38bbba7c030f,177,"@giang.ho49, siêu phẩm của cầu thủ đó đúng là không thể tin được!",2025-05-27 20:01:34,
1897,31,be842cff-a287-403f-8e0e-435ce85830f5,739,Bạn @huy.dang91 có thể chia sẻ thêm về chi phí được không?,2021-12-02 18:43:01,2023-03-28 05:59:31
914,20,eea6a721-d4a0-472a-89df-4aab251135fd,,Cầu thủ yêu thích của mọi người là ai?,2021-05-28 21:11:14,2024-03-12 20:34:41
714,3,b191e786-b25e-4774-b46a-d81200752052,210,"@phong.bui21 nói có lý, đa dạng hóa danh mục là chiến lược an toàn nhất.",2025-06-26 01:29:13,2025-09-02 02:16:26
1376,32,425306e0-588b-4e46-b172-a24a9fb85667,585,"Cảm ơn gợi ý của @quan.ho94, mình sẽ cân nhắc địa điểm này.",2024-01-31 11:16:41,2025-04-22 17:23:47
929,46,d237f7a5-889b-4d82-ba71-5a182faddcfb,,Mẫu điện thoại mới ra mắt có đáng tiền không?,2022-11-23 14:22:21,2024-06-26 08:58:23
1956,2,32946ab7-b119-433b-82b1-d0b14ea7b46e,,Mẫu điện thoại mới ra mắt có đáng tiền không?,2024-01-14 18:36:59,2025-03-31 17:11:46
820,35,cb00707d-f5d5-4eda-883a-0e9c5fc13d05,,AI đang thay đổi thế giới nhanh hơn chúng ta tưởng.,2024-03-22 05:30:33,2024-10-12 05:34:04
871,38,63ae476b-8130-4f9f-a3b1-94840053357c,,Bạn nghĩ ai sẽ vô địch giải năm nay?,2023-10-27 04:08:07,2024-06-11 21:22:42
407,6,0f8c2cba-0c9f-4de9-9cfb-e4c3a8aa3020,23,Hoàn toàn đồng ý với @huy.phan72. Tiềm năng của AI là vô hạn.,2023-01-12 23:58:25,2024-08-17 13:35:08
814,33,cb00707d-f5d5-4eda-883a-0e9c5fc13d05,,Cầu thủ yêu thích của mọi người là ai?,2025-03-30 12:17:10,2025-09-23 00:36:29
172,15,1d837871-8735-4141-83d9-592d9aef042a,,Ai có kinh nghiệm du lịch một mình không?,2025-01-03 02:20:38,2025-09-01 17:06:10
103,17,068b8c0a-8f78-423d-b293-1ad31d4ada34,35,"Cảm ơn gợi ý của @khanh.tran16, mình sẽ cân nhắc địa điểm này.",2025-01-24 20:09:47,
1499,29,f4e8c5e8-1322-4d81-8395-e0d785d687f5,223,Chính xác! Lối chơi của đội bóng này quá thuyết phục.,2024-05-05 13:23:50,2024-07-13 09:59:54
1154,24,903d2e0b-4282-4864-bf5a-f93fbcb0548d,272,"Mình vừa cập nhật xong, có vẻ mượt hơn nhưng hơi nóng máy.",2025-05-13 13:09:25,2025-08-15 16:26:27
1682,24,44c69e12-ec0a-4b17-a693-1f046beb4922,34,"Mình không nghĩ vậy, @khanh.tran16. Phong độ của họ khá thất thường.",2025-07-30 22:45:51,
1868,25,6be9cf23-fa35-47d5-88d2-bba3a6336bff,,AI đang thay đổi thế giới nhanh hơn chúng ta tưởng.,2021-03-23 15:43:18,2025-07-30 15:46:44
1193,35,80a5f18d-bdd2-40f9-80db-38bbba7c030f,,Hè này nên đi biển nào đẹp mà vắng người nhỉ?,2022-12-08 20:25:02,2023-09-10 04:55:30
1198,1,80a5f18d-bdd2-40f9-80db-38bbba7c030f,92,"Pin của máy này đúng là một điểm trừ lớn, @linh.nguyen73 ạ.",2025-02-04 23:04:22,
524,9,43447286-19ba-4680-a442-17e7e6baaed6,509,"Mình cũng từng đến đó, cảnh đẹp thực sự nhưng dịch vụ chưa tốt lắm.",2025-08-14 16:55:58,
1449,23,369d43ef-b7dc-4d07-a5e9-a5fd0103d13b,83,"Tôi đồng ý với @quan.ly33, giai đoạn này nên cẩn trọng.",2025-03-02 20:42:34,2025-05-09 23:54:27
180,23,26221568-2dd9-4f97-87cc-30caf520e300,5,"Mình cũng từng đến đó, cảnh đẹp thực sự nhưng dịch vụ chưa tốt lắm.",2025-03-30 16:07:54,2025-08-19 15:41:57
199,15,f71236dc-e977-45d8-96b4-d2b25a04b364,115,"Mình vừa cập nhật xong, có vẻ mượt hơn nhưng hơi nóng máy.",2025-08-09 06:19:47,2025-08-12 23:28:21
79,4,2cc4a664-5344-4d07-9400-8642f7a67053,,Hệ điều hành mới cập nhật có lỗi gì không mọi người?,2021-05-02 06:40:52,2024-12-16 21:52:06
368,25,fc164408-145d-450e-84f6-df51ec926eca,129,"Pin của máy này đúng là một điểm trừ lớn, @long.pham43 ạ.",2024-11-06 11:16:52,
784,8,02682162-576c-4e38-acc1-3112c0d1b8cc,206,"Mình không nghĩ vậy, @huy.phan78. Phong độ của họ khá thất thường.",2024-04-29 21:05:11,2024-08-30 14:05:10
201,27,f71236dc-e977-45d8-96b4-d2b25a04b364,,Cầu thủ yêu thích của mọi người là ai?,2025-01-11 10:49:23,2025-06-23 13:21:10
1823,20,0fbb0e48-77cc-40c0-8a7f-3bc6dcebd879,1719,"Mình cũng từng đến đó, cảnh đẹp thực sự nhưng dịch vụ chưa tốt lắm.",2024-12-04 23:15:42,
1649,42,f628255e-4b29-4bd5-9cf2-211976e376f7,,Hệ điều hành mới cập nhật có lỗi gì không mọi người?,2022-05-18 04:45:50,2023-09-13 23:14:11
708,48,b191e786-b25e-4774-b46a-d81200752052,404,"Mình không nghĩ vậy, @an.bui66. Phong độ của họ khá thất thường.",2025-03-19 18:29:28,2025-09-28 08:46:40
265,49,3659ba56-1673-4e28-a06e-494184f2b2f1,100,"@nam.nguyen21 nói có lý, đa dạng hóa danh mục là chiến lược an toàn nhất.",2025-04-21 03:57:52,2025-10-10 21:26:52
670,28,b056bf4f-5fca-41ed-a4d6-4e80beeb7d9b,460,Hoàn toàn đồng ý với @mai.ngo85. Tiềm năng của AI là vô hạn.,2024-06-02 18:23:54,2025-05-06 09:24:28
681,37,efc806fe-553d-41b2-9be3-0c55e6416007,,Mọi người nghĩ sao về thị trường chứng khoán tuần tới?,2023-09-22 10:17:54,2024-12-15 09:58:06
1830,37,adece442-cc7e-40b7-9e85-f0c1817b849e,357,"Mình vừa cập nhật xong, có vẻ mượt hơn nhưng hơi nóng máy.",2025-02-13 09:55:25,2025-09-04 00:02:01
30,39,0163cf9b-fe10-4ac9-a33e-d76fcadb87ba,,Hè này nên đi biển nào đẹp mà vắng người nhỉ?,2023-07-03 19:50:59,2023-09-28 10:14:21
1202,33,54f99967-b1e7-4381-a84b-b371f4dca18b,894,"Mình vừa cập nhật xong, có vẻ mượt hơn nhưng hơi nóng máy.",2025-08-07 19:48:10,2025-10-10 13:08:58
502,19,1866def4-c854-4bcc-a696-595f48c456c7,24,Chính xác! Lối chơi của đội bóng này quá thuyết phục.,2024-01-22 18:21:43,2025-09-23 19:57:56
1871,17,6be9cf23-fa35-47d5-88d2-bba3a6336bff,,Mình đang tìm review chi tiết về chuyến đi Hà Giang.,2022-02-27 05:26:10,2023-09-08 03:02:04
885,46,65ff0f55-d26e-426f-99da-abe81fc884b6,,AI đang thay đổi thế giới nhanh hơn chúng ta tưởng.,2025-05-25 21:38:45,2025-06-20 09:53:14
1002,30,b750f3e9-2058-44de-8f1d-581034609513,,Ai có kinh nghiệm du lịch một mình không?,2022-11-17 05:32:17,2024-07-30 19:55:58
1337,44,74c820c9-1b60-47da-ae3d-c78c21166412,938,"Pin của máy này đúng là một điểm trừ lớn, @phuong.vu22 ạ.",2025-10-04 13:35:54,2025-10-10 13:58:26
763,47,71559a06-dc20-4bd6-a856-b7d3dfc7342c,46,Hoàn toàn đồng ý với @cuong.do38. Tiềm năng của AI là vô hạn.,2025-10-08 07:48:51,2025-10-11 03:41:43
1552,17,890c97b5-b1df-41c1-a192-4f6a6b86c165,169,"Pin của máy này đúng là một điểm trừ lớn, @trung.dang27 ạ.",2025-09-19 15:49:32,2025-10-03 07:34:29
1684,8,9fd87b6b-e1d6-4866-80a8-81acf6f4f257,1254,Hoàn toàn đồng ý với @trang.duong72. Tiềm năng của AI là vô hạn.,2025-04-12 13:22:39,2025-05-23 03:50:46
250,22,ef26d43b-4f10-4163-8174-6210edb0dceb,194,"Mình vừa cập nhật xong, có vẻ mượt hơn nhưng hơi nóng máy.",2025-01-16 06:19:15,2025-04-12 13:53:30
1735,48,a1b3e507-127b-4966-931e-49e72a9fd248,346,"Cảm ơn gợi ý của @mai.ho42, mình sẽ cân nhắc địa điểm này.",2025-08-03 10:13:10,
1477,38,e81305a7-21a8-4641-ae75-8018bfc3feb4,,Trận đấu tối qua mãn nhãn thật sự!,2021-07-12 05:25:12,
294,34,82a6e2a7-2fb1-4f26-b869-f784aeac3448,,AI đang thay đổi thế giới nhanh hơn chúng ta tưởng.,2022-12-01 14:03:13,
292,47,29feb88b-ca36-446f-97e6-d6a3c959d61f,,Mẫu điện thoại mới ra mắt có đáng tiền không?,2022-04-14 09:23:36,2024-12-28 12:17:40
965,32,ac2f79b5-3bce-4b00-bf99-69ae46a13db3,766,"Mình vừa cập nhật xong, có vẻ mượt hơn nhưng hơi nóng máy.",2025-09-21 19:11:51,2025-10-06 14:03:51
921,16,d237f7a5-889b-4d82-ba71-5a182faddcfb,,"Có ai có kinh nghiệm đầu tư vàng không, chia sẻ cho mình với!",2025-07-30 21:24:07,2025-09-02 10:47:24
239,29,45d67185-7732-46ce-b99c-93197a66fb41,146,Bạn @dung.phan6 có thể chia sẻ thêm về chi phí được không?,2025-03-07 15:33:59,2025-06-19 14:54:23
444,6,9ea02c82-0222-47b0-b7e8-1685eaf1a7d7,,"Có ai có kinh nghiệm đầu tư vàng không, chia sẻ cho mình với!",2022-11-03 07:16:29,2022-12-02 01:33:53
218,47,da97631f-a81c-4c05-b568-75b060d3146c,,Cổ phiếu ngành công nghệ đang dẫn dắt thị trường.,2024-08-28 18:20:54,
1606,15,b18beb4a-d0e9-405a-84d6-c77559c4dfd0,640,"Tôi đồng ý với @phuc.ngo62, giai đoạn này nên cẩn trọng.",2023-12-29 14:32:46,2024-03-06 02:05:54
